action_resource_type_id,action_id,resource_type_id,required_flag
1,1,2,false
2,2,1,false
3,2,2,false
4,3,1,false
5,3,2,false
6,4,1,false
7,4,2,false
8,5,1,false
9,5,2,false
10,6,1,false
11,6,2,false
12,7,1,false
13,7,2,false
14,8,1,false
15,8,2,false
16,9,2,false
17,10,2,false
18,11,1,false
19,11,2,false
20,12,1,false
21,12,2,false
22,13,1,false
23,13,2,false
24,14,1,false
25,14,2,false
26,15,1,false
27,15,2,false
28,16,2,false
29,17,2526,false
30,18,2527,false
31,19,2527,false
32,20,2527,false
33,21,2527,false
34,22,2527,false
35,23,2527,false
36,24,2527,false
37,25,2527,false
38,26,2407,false
39,27,3,true
40,28,3,true
41,29,4,true
42,30,4,true
43,31,3,true
44,32,4,true
45,33,3,true
46,34,3,true
47,35,2407,false
48,36,3,true
49,37,3,false
50,37,4,false
51,38,3,true
52,39,4,true
53,40,3,false
54,40,4,false
55,41,3,false
56,41,4,false
57,42,3,true
58,43,4,true
59,44,4,true
60,45,5,true
61,46,2408,false
62,47,5,true
63,48,6,true
64,49,6,true
65,50,7,true
66,51,6,true
67,52,5,true
68,53,5,true
69,54,6,true
70,55,7,true
71,56,8,true
72,57,9,true
73,58,5,true
74,59,5,true
75,60,5,true
76,61,5,true
77,62,5,true
78,63,6,true
79,64,7,true
80,65,8,true
81,66,5,true
82,67,9,true
83,68,2408,false
84,69,5,true
85,70,5,true
86,71,5,true
87,72,5,true
88,73,6,true
89,74,2408,false
90,75,5,false
91,75,6,false
92,75,7,false
93,75,9,false
94,76,5,true
95,77,6,true
96,78,8,true
97,79,8,true
98,80,5,false
99,80,6,false
100,80,7,false
101,80,9,false
102,81,5,false
103,81,6,false
104,81,7,false
105,81,9,false
106,82,5,true
107,83,6,true
108,84,7,true
109,85,9,true
110,86,12,true
111,87,14,true
112,88,10,true
113,88,12,true
114,88,15,true
115,89,11,true
116,89,12,true
117,89,15,true
118,90,13,true
119,91,12,true
120,91,15,true
121,91,17,true
122,92,12,true
123,92,18,true
124,93,12,true
125,93,15,true
126,94,10,true
127,94,12,true
128,94,15,true
129,95,11,true
130,95,12,true
131,95,15,true
132,96,12,true
133,96,15,true
134,96,17,true
135,97,12,true
136,97,18,true
137,98,10,true
138,98,12,true
139,98,15,true
140,99,12,true
141,99,15,true
142,100,10,true
143,100,12,true
144,100,15,true
145,101,10,true
146,101,12,true
147,101,15,true
148,102,11,true
149,102,12,true
150,102,15,true
151,103,12,true
152,103,16,true
153,104,12,true
154,104,15,true
155,105,12,true
156,105,18,true
157,106,11,true
158,106,12,true
159,106,15,true
160,107,12,true
161,107,15,true
162,107,17,true
163,108,12,true
164,108,16,true
165,109,2528,false
166,110,12,true
167,110,15,true
168,111,13,true
169,112,10,true
170,112,12,true
171,112,15,true
172,113,11,true
173,113,12,true
174,113,15,true
175,114,13,true
176,115,12,true
177,115,16,true
178,116,12,true
179,116,15,true
180,116,17,true
181,117,2362,false
182,118,2362,false
183,119,2362,false
184,120,20,true
185,121,21,true
186,122,22,true
187,123,2362,false
188,124,2362,false
189,125,2362,false
190,126,2362,false
191,127,19,true
192,128,20,true
193,129,21,true
194,130,2362,false
195,131,22,true
196,132,2362,false
197,133,2362,false
198,134,2362,false
199,135,19,false
200,135,20,false
201,135,21,false
202,135,22,false
203,136,2362,false
204,137,2362,false
205,138,2362,false
206,139,2362,false
207,140,2362,false
208,141,19,false
209,141,20,false
210,141,21,false
211,141,22,false
212,142,19,false
213,142,20,false
214,142,21,false
215,142,22,false
216,143,20,true
217,144,21,true
218,145,22,true
219,146,23,true
220,146,29,false
221,147,24,true
222,148,25,true
223,148,27,false
224,149,26,true
225,150,27,true
226,150,29,false
227,151,28,true
228,152,27,false
229,152,28,false
230,152,29,true
231,153,23,true
232,154,24,true
233,155,25,true
234,156,26,true
235,157,27,true
236,158,28,true
237,159,29,true
238,160,23,true
239,161,24,true
240,162,25,true
241,163,26,true
242,164,27,true
243,165,28,true
244,166,29,true
245,167,26,true
246,168,2363,false
247,169,28,true
248,170,23,false
249,170,24,false
250,170,25,false
251,170,26,false
252,170,27,false
253,170,28,false
254,170,29,false
255,171,24,true
256,172,24,true
257,173,24,true
258,174,24,true
259,175,26,false
260,175,27,false
261,176,23,false
262,176,24,false
263,176,25,false
264,176,26,false
265,176,27,false
266,176,28,false
267,176,29,false
268,177,23,false
269,177,24,false
270,177,25,false
271,177,26,false
272,177,27,false
273,177,28,false
274,177,29,false
275,178,23,true
276,178,29,false
277,179,24,true
278,180,25,true
279,180,27,false
280,181,26,true
281,182,27,true
282,183,28,true
283,184,27,false
284,184,28,false
285,184,29,true
286,185,30,true
287,185,36,false
288,186,31,true
289,187,32,true
290,187,34,false
291,188,33,true
292,189,34,true
293,189,36,false
294,190,35,true
295,191,34,false
296,191,35,false
297,191,36,true
298,192,30,true
299,193,31,true
300,194,32,true
301,195,33,true
302,196,34,true
303,197,35,true
304,198,36,true
305,199,30,true
306,200,31,true
307,201,32,true
308,202,33,true
309,203,34,true
310,204,35,true
311,205,36,true
312,206,33,true
313,207,2410,false
314,208,35,true
315,209,31,true
316,210,31,true
317,211,31,true
318,212,31,true
319,213,33,false
320,213,34,false
321,214,30,true
322,214,36,false
323,215,31,true
324,216,32,true
325,216,34,false
326,217,33,true
327,218,34,true
328,219,35,true
329,220,34,false
330,220,35,false
331,220,36,true
332,221,40,true
333,222,37,true
334,223,38,true
335,224,39,true
336,225,37,false
337,225,38,false
338,225,39,false
339,225,40,true
340,225,41,false
341,226,41,true
342,227,42,true
343,228,37,true
344,229,38,true
345,230,39,true
346,231,40,true
347,232,41,true
348,233,42,true
349,234,37,true
350,235,40,true
351,236,39,true
352,237,40,true
353,238,40,true
354,239,41,true
355,240,42,true
356,241,40,true
357,242,2364,false
358,243,2364,false
359,244,2364,false
360,245,40,true
361,246,2364,false
362,247,37,true
363,248,37,false
364,248,38,false
365,248,39,false
366,248,40,false
367,248,41,false
368,249,2364,false
369,250,2364,false
370,251,40,true
371,252,40,true
372,253,40,true
373,254,37,false
374,254,38,false
375,254,39,false
376,254,40,false
377,254,41,false
378,254,42,false
379,255,37,false
380,255,38,false
381,255,39,false
382,255,40,false
383,255,41,false
384,255,42,false
385,256,37,true
386,257,37,false
387,257,38,false
388,257,39,false
389,257,40,true
390,257,41,false
391,258,42,true
392,259,2412,false
393,260,2412,false
394,261,2412,false
395,262,2412,false
396,263,2409,false
397,264,47,true
398,265,2409,false
399,266,47,true
400,267,47,true
401,268,2409,false
402,269,2409,false
403,270,47,true
404,270,49,true
405,271,47,true
406,272,47,true
407,272,49,true
408,273,51,true
409,274,47,true
410,274,52,true
411,275,47,true
412,275,53,true
413,276,55,true
414,277,56,true
415,278,47,true
416,278,49,true
417,278,57,true
418,279,2409,false
419,280,47,true
420,281,47,true
421,281,49,true
422,281,52,true
423,282,47,true
424,282,49,true
425,283,47,true
426,283,50,true
427,283,52,true
428,284,51,true
429,285,47,true
430,285,52,true
431,286,47,true
432,286,53,true
433,287,47,true
434,287,53,true
435,287,54,true
436,288,55,true
437,289,56,true
438,290,47,true
439,290,49,true
440,290,57,true
441,291,48,true
442,292,2409,false
443,293,47,true
444,294,2409,false
445,295,47,true
446,295,52,true
447,296,47,true
448,297,2409,false
449,298,47,true
450,298,53,true
451,298,54,true
452,299,47,true
453,299,53,true
454,300,2409,false
455,301,2409,false
456,302,47,true
457,302,49,true
458,303,47,false
459,303,49,false
460,303,50,false
461,303,51,false
462,303,52,false
463,303,53,false
464,303,54,false
465,303,55,false
466,303,56,false
467,304,48,true
468,305,47,true
469,305,49,true
470,305,51,true
471,305,52,true
472,306,47,true
473,306,53,true
474,307,47,true
475,307,50,true
476,307,52,true
477,308,47,true
478,308,53,true
479,308,54,true
480,309,47,false
481,309,48,false
482,309,49,false
483,309,50,false
484,309,51,false
485,309,52,false
486,309,53,false
487,309,54,false
488,309,55,false
489,309,56,false
490,310,47,false
491,310,48,false
492,310,49,false
493,310,50,false
494,310,51,false
495,310,52,false
496,310,53,false
497,310,54,false
498,310,55,false
499,310,56,false
500,311,2409,false
501,312,47,true
502,313,47,true
503,313,49,true
504,314,51,true
505,315,47,true
506,315,52,true
507,316,47,true
508,316,53,true
509,317,47,true
510,317,53,true
511,317,54,true
512,318,55,true
513,319,56,true
514,320,47,true
515,320,49,true
516,321,59,true
517,322,58,true
518,322,59,true
519,323,59,true
520,324,2365,false
521,325,59,true
522,326,59,true
523,326,60,true
524,327,58,true
525,327,59,true
526,328,59,true
527,329,59,true
528,329,60,true
529,330,59,true
530,330,60,true
531,330,61,true
532,331,58,true
533,331,59,true
534,332,59,true
535,333,59,true
536,333,60,true
537,334,59,true
538,334,60,true
539,334,61,true
540,335,59,true
541,336,2365,false
542,337,59,true
543,337,60,true
544,338,59,true
545,339,58,false
546,339,59,false
547,339,60,false
548,339,61,false
549,340,59,true
550,340,60,true
551,341,59,true
552,342,59,true
553,342,60,true
554,343,58,false
555,343,59,false
556,343,60,false
557,343,61,false
558,344,58,false
559,344,59,false
560,344,60,false
561,344,61,false
562,345,58,true
563,345,59,true
564,346,59,true
565,346,60,true
566,346,61,true
567,347,65,true
568,348,68,true
569,349,68,true
570,350,2366,false
571,351,2366,false
572,352,2366,false
573,353,63,true
574,354,2366,false
575,355,65,true
576,356,2366,false
577,357,2366,false
578,358,2366,false
579,359,2366,false
580,360,62,true
581,361,2366,false
582,362,2366,false
583,363,63,true
584,364,2366,false
585,365,65,true
586,366,2366,false
587,367,68,true
588,368,2366,false
589,369,2366,false
590,370,65,true
591,371,69,true
592,372,70,true
593,373,2366,false
594,374,2366,false
595,375,62,true
596,376,63,true
597,377,63,true
598,378,2366,false
599,379,62,true
600,380,65,true
601,381,2366,false
602,382,63,true
603,383,2366,false
604,384,2366,false
605,385,65,true
606,386,2366,false
607,387,68,true
608,388,2366,false
609,389,2366,false
610,390,2366,false
611,391,2366,false
612,392,70,true
613,393,2366,false
614,394,2366,false
615,395,2366,false
616,396,62,true
617,397,2366,false
618,398,2366,false
619,399,2366,false
620,400,2366,false
621,401,2366,false
622,402,2366,false
623,403,2366,false
624,404,62,false
625,404,63,false
626,404,65,false
627,404,68,false
628,405,2366,false
629,406,2366,false
630,407,2366,false
631,408,2366,false
632,409,2366,false
633,410,2366,false
634,411,70,true
635,412,62,false
636,412,63,false
637,412,65,false
638,412,68,false
639,413,62,false
640,413,63,false
641,413,65,false
642,413,68,false
643,414,62,true
644,415,2366,false
645,416,2366,false
646,417,63,true
647,418,2366,false
648,419,65,true
649,420,2366,false
650,421,68,true
651,422,2366,false
652,423,70,true
653,424,2366,false
654,425,72,true
655,426,72,true
656,427,72,true
657,428,2530,false
658,429,2530,false
659,430,2530,false
660,431,2530,false
661,432,2530,false
662,433,72,true
663,434,72,true
664,435,72,true
665,436,72,true
666,437,72,true
667,438,72,true
668,439,2568,false
669,440,2568,false
670,441,2568,false
671,442,2568,false
672,443,2568,false
673,444,2568,false
674,445,2568,false
675,446,2568,false
676,447,2568,false
677,448,2568,false
678,449,2568,false
679,450,2568,false
680,451,2568,false
681,452,2568,false
682,453,2568,false
683,454,2568,false
684,455,2568,false
685,456,2568,false
686,457,2568,false
687,458,2568,false
688,459,2568,false
689,460,2568,false
690,461,2568,false
691,462,2568,false
692,463,2568,false
693,464,2568,false
694,465,2568,false
695,466,2568,false
696,467,2568,false
697,468,73,true
698,469,83,true
699,470,73,true
700,470,83,true
701,471,73,true
702,471,81,true
703,472,81,true
704,473,2367,false
705,474,2367,false
706,475,2367,false
707,476,2367,false
708,477,2367,false
709,478,2367,false
710,479,73,true
711,480,74,true
712,481,77,true
713,482,78,true
714,483,79,true
715,484,80,true
716,485,81,true
717,486,82,true
718,487,83,true
719,488,77,true
720,489,2367,false
721,490,2367,false
722,491,2367,false
723,492,2367,false
724,493,2367,false
725,494,73,true
726,494,83,true
727,495,73,true
728,495,81,true
729,496,81,true
730,497,81,true
731,498,2367,false
732,499,81,true
733,500,79,true
734,501,79,true
735,502,81,true
736,503,2367,false
737,504,2367,false
738,505,2367,false
739,506,75,true
740,507,2367,false
741,508,76,true
742,509,2367,false
743,510,2367,false
744,511,2367,false
745,512,79,true
746,513,79,true
747,514,79,true
748,515,79,true
749,516,2367,false
750,517,79,true
751,518,79,true
752,519,79,true
753,520,79,true
754,521,79,true
755,522,79,true
756,523,79,true
757,524,79,true
758,525,79,true
759,526,81,true
760,527,2367,false
761,528,78,true
762,529,2367,false
763,530,81,true
764,531,81,true
765,532,81,true
766,533,78,true
767,534,81,true
768,535,78,true
769,536,81,true
770,537,81,true
771,538,81,true
772,539,2367,false
773,540,2367,false
774,541,2367,false
775,542,79,true
776,543,79,true
777,544,79,true
778,545,79,true
779,546,79,true
780,547,79,true
781,548,81,true
782,549,81,true
783,550,81,true
784,551,73,false
785,551,74,false
786,551,75,false
787,551,76,false
788,551,77,false
789,551,78,false
790,551,80,false
791,551,81,false
792,551,82,false
793,551,83,false
794,552,81,true
795,553,73,true
796,554,83,true
797,555,73,false
798,555,74,false
799,555,77,false
800,555,78,false
801,555,80,false
802,555,81,false
803,555,82,false
804,555,83,false
805,556,2367,false
806,557,73,true
807,558,74,true
808,559,81,true
809,560,78,true
810,561,79,true
811,562,79,true
812,563,79,true
813,564,81,true
814,565,80,true
815,566,81,true
816,567,81,true
817,568,83,true
818,569,2531,false
819,570,2531,false
820,571,2531,false
821,572,2531,false
822,573,2531,false
823,574,2531,false
824,575,2531,false
825,576,2531,false
826,577,2531,false
827,578,2531,false
828,579,2531,false
829,580,2531,false
830,581,2531,false
831,582,2531,false
832,583,84,true
833,584,84,true
834,585,85,true
835,586,85,true
836,587,2411,false
837,588,84,true
838,589,85,true
839,590,86,true
840,591,84,true
841,592,87,true
842,593,87,true
843,594,87,true
844,595,2411,false
845,596,2411,false
846,597,85,true
847,598,2411,false
848,599,2411,false
849,600,2411,false
850,601,85,true
851,602,2411,false
852,603,85,true
853,604,85,true
854,605,86,true
855,606,85,true
856,607,88,true
857,608,88,true
858,609,88,true
859,609,89,true
860,610,88,true
861,610,89,true
862,611,88,true
863,612,89,true
864,613,2570,false
865,614,90,true
866,614,91,true
867,615,88,true
868,616,2570,false
869,617,88,true
870,618,90,true
871,619,2570,false
872,620,88,true
873,621,91,true
874,622,2570,false
875,623,2570,false
876,624,88,true
877,625,2570,false
878,626,88,true
879,627,90,true
880,628,88,true
881,629,88,true
882,630,91,true
883,631,2570,false
884,632,89,true
885,633,89,true
886,634,2570,false
887,635,89,true
888,636,88,true
889,637,89,true
890,638,2570,false
891,639,2570,false
892,640,2570,false
893,641,2570,false
894,642,2570,false
895,643,2570,false
896,644,2570,false
897,645,2570,false
898,646,2570,false
899,647,2570,false
900,648,2570,false
901,649,2570,false
902,650,2570,false
903,651,2570,false
904,652,2570,false
905,653,2570,false
906,654,88,false
907,654,91,false
908,655,2570,false
909,656,2570,false
910,657,90,true
911,658,88,false
912,658,90,false
913,658,91,false
914,659,88,false
915,659,90,false
916,659,91,false
917,660,88,true
918,661,89,true
919,662,89,true
920,663,90,true
921,663,91,true
922,664,90,true
923,665,88,true
924,666,91,true
925,667,2570,false
926,668,2570,false
927,669,2532,false
928,670,2532,false
929,671,2532,false
930,672,2532,false
931,673,2532,false
932,674,2532,false
933,675,95,false
934,676,92,true
935,676,94,true
936,677,2413,false
937,678,95,true
938,679,2413,false
939,680,92,true
940,681,93,true
941,682,94,true
942,683,95,true
943,684,95,true
944,685,92,true
945,686,93,true
946,687,94,true
947,688,95,true
948,689,95,true
949,690,2413,false
950,691,2413,false
951,692,2413,false
952,693,92,false
953,693,93,false
954,693,94,false
955,693,95,false
956,694,2413,false
957,695,95,true
958,696,92,false
959,696,93,false
960,696,94,false
961,696,95,false
962,697,95,true
963,698,95,true
964,699,95,true
965,700,92,false
966,700,93,false
967,700,94,false
968,700,95,false
969,701,92,true
970,701,95,false
971,702,92,false
972,702,93,true
973,703,94,true
974,704,95,true
975,705,98,true
976,706,100,true
977,707,101,true
978,708,97,true
979,709,97,true
980,710,98,true
981,711,99,true
982,712,100,true
983,713,98,true
984,714,102,true
985,715,98,true
986,716,103,true
987,717,103,true
988,718,104,true
989,719,96,true
990,720,97,true
991,721,97,true
992,722,98,true
993,723,98,true
994,724,98,true
995,725,98,true
996,726,99,true
997,727,101,true
998,728,102,true
999,729,103,true
1000,730,103,true
1001,731,104,true
1002,732,96,true
1003,733,2368,false
1004,734,98,true
1005,735,2368,false
1006,736,99,true
1007,737,2368,false
1008,738,2368,false
1009,739,101,true
1010,740,2368,false
1011,741,2368,false
1012,742,102,true
1013,743,2368,false
1014,744,2368,false
1015,745,98,true
1016,746,101,true
1017,747,101,true
1018,748,2368,false
1019,749,97,true
1020,750,2368,false
1021,751,2368,false
1022,752,97,true
1023,753,98,true
1024,754,98,true
1025,755,100,true
1026,756,101,true
1027,757,101,true
1028,758,101,true
1029,759,2368,false
1030,760,2368,false
1031,761,103,true
1032,762,103,true
1033,763,2368,false
1034,764,104,true
1035,765,2368,false
1036,766,2368,false
1037,767,2368,false
1038,768,2368,false
1039,769,2368,false
1040,770,2368,false
1041,771,97,true
1042,772,2368,false
1043,773,97,true
1044,774,2368,false
1045,775,2368,false
1046,776,2368,false
1047,777,2368,false
1048,778,2368,false
1049,779,2368,false
1050,780,2368,false
1051,781,98,true
1052,782,98,true
1053,783,100,true
1054,784,2368,false
1055,785,2368,false
1056,786,2368,false
1057,787,98,true
1058,788,2368,false
1059,789,2368,false
1060,790,2368,false
1061,791,2368,false
1062,792,103,true
1063,793,2368,false
1064,794,2368,false
1065,795,96,false
1066,795,97,false
1067,795,98,false
1068,795,99,false
1069,795,100,false
1070,795,101,false
1071,795,102,false
1072,795,103,false
1073,795,104,false
1074,796,2368,false
1075,797,98,true
1076,798,98,true
1077,799,98,true
1078,800,2368,false
1079,801,98,true
1080,802,98,true
1081,803,101,true
1082,804,102,true
1083,805,101,true
1084,806,101,true
1085,807,2368,false
1086,808,96,false
1087,808,97,false
1088,808,98,false
1089,808,99,false
1090,808,100,false
1091,808,101,false
1092,808,102,false
1093,808,103,false
1094,808,104,false
1095,809,96,false
1096,809,97,false
1097,809,98,false
1098,809,99,false
1099,809,100,false
1100,809,101,false
1101,809,102,false
1102,809,103,false
1103,809,104,false
1104,810,97,true
1105,811,99,true
1106,812,2368,false
1107,813,101,true
1108,814,101,true
1109,815,2368,false
1110,816,102,true
1111,817,103,true
1112,818,103,true
1113,819,104,true
1114,820,105,true
1115,820,106,true
1116,821,107,true
1117,822,2369,false
1118,823,105,true
1119,824,106,true
1120,825,105,true
1121,826,105,true
1122,827,105,true
1123,828,106,true
1124,829,106,true
1125,830,107,true
1126,831,2369,false
1127,832,2369,false
1128,833,2369,false
1129,834,105,false
1130,834,106,false
1131,834,107,false
1132,835,2369,false
1133,836,105,true
1134,837,106,true
1135,838,105,true
1136,839,106,true
1137,840,106,true
1138,841,105,false
1139,841,106,false
1140,841,107,false
1141,842,105,true
1142,843,105,false
1143,843,106,false
1144,843,107,false
1145,844,105,true
1146,845,105,true
1147,846,105,true
1148,847,109,true
1149,848,108,true
1150,849,109,true
1151,850,109,true
1152,851,2370,false
1153,852,2370,false
1154,853,108,false
1155,853,109,false
1156,854,2370,false
1157,855,109,true
1158,856,109,true
1159,857,108,false
1160,857,109,false
1161,858,108,false
1162,858,109,false
1163,859,112,true
1164,860,110,true
1165,861,111,true
1166,862,110,false
1167,862,115,true
1168,862,117,false
1169,862,118,false
1170,863,115,true
1171,863,116,true
1172,864,117,true
1173,865,118,true
1174,866,110,true
1175,867,111,true
1176,868,115,true
1177,869,116,true
1178,870,117,true
1179,871,118,true
1180,872,114,true
1181,873,2414,false
1182,874,111,true
1183,875,2414,false
1184,876,2414,false
1185,877,2414,false
1186,878,116,true
1187,879,2414,false
1188,880,2414,false
1189,881,2414,false
1190,882,115,true
1191,883,2414,false
1192,884,2414,false
1193,885,111,true
1194,886,115,true
1195,887,2414,false
1196,888,2414,false
1197,889,110,false
1198,889,111,false
1199,889,112,false
1200,889,114,false
1201,889,115,false
1202,889,116,false
1203,889,117,false
1204,889,118,false
1205,889,119,false
1206,890,111,false
1207,890,113,true
1208,891,111,false
1209,891,112,true
1210,891,113,false
1211,891,114,false
1212,891,115,true
1213,892,115,true
1214,892,116,false
1215,892,119,true
1216,893,110,false
1217,893,111,false
1218,893,112,false
1219,893,114,false
1220,893,115,false
1221,893,116,false
1222,893,117,false
1223,893,118,false
1224,893,119,false
1225,894,112,true
1226,895,119,true
1227,896,110,false
1228,896,111,false
1229,896,112,false
1230,896,114,false
1231,896,115,false
1232,896,116,false
1233,896,117,false
1234,896,118,false
1235,896,119,false
1236,897,110,true
1237,898,111,true
1238,899,110,false
1239,899,115,true
1240,899,117,false
1241,900,116,true
1242,901,117,true
1243,902,118,true
1244,903,119,true
1245,904,120,true
1246,905,120,true
1247,906,120,true
1248,907,120,true
1249,908,2534,false
1250,909,120,true
1251,910,2534,false
1252,911,2534,false
1253,912,2534,false
1254,913,2534,false
1255,914,120,true
1256,915,2534,false
1257,916,2534,false
1258,917,2534,false
1259,918,120,true
1260,919,120,true
1261,920,2534,false
1262,921,120,true
1263,922,120,true
1264,923,2534,false
1265,924,120,true
1266,925,121,false
1267,925,123,true
1268,926,122,true
1269,927,122,true
1270,928,122,true
1271,929,123,true
1272,930,122,true
1273,931,2572,false
1274,932,2572,false
1275,933,122,true
1276,934,122,true
1277,935,122,true
1278,936,121,false
1279,936,122,true
1280,936,123,true
1281,937,125,false
1282,938,2579,false
1283,939,125,true
1284,940,125,true
1285,941,2579,false
1286,942,126,true
1287,943,124,true
1288,944,125,true
1289,945,125,true
1290,946,125,true
1291,947,126,true
1292,948,126,true
1293,949,124,true
1294,950,125,true
1295,951,2579,false
1296,952,126,true
1297,953,124,true
1298,954,124,true
1299,955,124,true
1300,956,124,true
1301,957,2579,false
1302,958,125,true
1303,959,125,true
1304,960,2579,false
1305,961,2579,false
1306,962,126,true
1307,963,2579,false
1308,964,125,false
1309,964,126,false
1310,965,125,false
1311,965,126,false
1312,966,124,true
1313,967,125,true
1314,968,125,true
1315,969,125,true
1316,970,2579,false
1317,971,126,true
1318,972,126,true
1319,973,2581,false
1320,974,127,true
1321,975,129,true
1322,975,130,true
1323,976,128,true
1324,977,128,true
1325,978,129,true
1326,979,127,true
1327,980,130,true
1328,981,2535,false
1329,982,127,true
1330,983,128,true
1331,984,129,true
1332,985,130,true
1333,986,127,true
1334,987,129,true
1335,987,130,true
1336,988,127,true
1337,989,2535,false
1338,990,2535,false
1339,991,2535,false
1340,992,2535,false
1341,993,128,true
1342,994,2535,false
1343,995,2535,false
1344,996,130,true
1345,997,2535,false
1346,998,129,true
1347,999,128,true
1348,1000,127,false
1349,1000,128,false
1350,1000,129,false
1351,1000,130,false
1352,1001,127,false
1353,1001,128,false
1354,1001,129,false
1355,1001,130,false
1356,1002,127,false
1357,1002,128,false
1358,1002,129,false
1359,1002,130,false
1360,1003,127,true
1361,1004,2535,false
1362,1005,128,true
1363,1006,129,true
1364,1007,130,true
1365,1008,2592,false
1366,1009,2592,false
1367,1010,2592,false
1368,1011,2592,false
1369,1012,2592,false
1370,1013,2592,false
1371,1014,2592,false
1372,1015,2592,false
1373,1016,2592,false
1374,1017,2592,false
1375,1018,2592,false
1376,1019,2592,false
1377,1020,2592,false
1378,1021,2592,false
1379,1022,2592,false
1380,1023,134,true
1381,1024,134,true
1382,1025,134,true
1383,1026,134,true
1384,1027,2415,false
1385,1028,133,true
1386,1029,134,true
1387,1030,133,false
1388,1030,134,false
1389,1031,133,true
1390,1032,133,false
1391,1032,134,false
1392,1033,133,false
1393,1033,134,false
1394,1034,134,true
1395,1035,133,true
1396,1036,139,true
1397,1037,137,true
1398,1038,2740,false
1399,1039,137,true
1400,1040,136,true
1401,1041,137,true
1402,1042,138,true
1403,1043,139,true
1404,1044,137,true
1405,1045,136,true
1406,1046,137,true
1407,1047,138,true
1408,1048,139,true
1409,1049,139,true
1410,1050,2740,false
1411,1051,138,true
1412,1052,139,true
1413,1053,139,true
1414,1054,137,true
1415,1055,137,true
1416,1056,2740,false
1417,1057,137,true
1418,1058,139,true
1419,1059,2740,false
1420,1060,139,true
1421,1061,136,false
1422,1061,137,false
1423,1061,138,false
1424,1062,2740,false
1425,1063,139,true
1426,1064,139,true
1427,1065,2740,false
1428,1066,139,true
1429,1067,137,true
1430,1068,138,true
1431,1069,139,true
1432,1070,2740,false
1433,1071,136,false
1434,1071,137,false
1435,1071,138,false
1436,1072,136,false
1437,1072,137,false
1438,1072,138,false
1439,1073,136,true
1440,1074,137,true
1441,1075,139,true
1442,1076,139,true
1443,1077,140,true
1444,1077,141,true
1445,1078,2537,false
1446,1079,2537,false
1447,1080,2537,false
1448,1081,2537,false
1449,1082,140,true
1450,1083,141,true
1451,1084,140,true
1452,1085,2537,false
1453,1086,2537,false
1454,1087,140,true
1455,1088,2537,false
1456,1089,2537,false
1457,1090,2537,false
1458,1091,2537,false
1459,1092,2537,false
1460,1093,2537,false
1461,1094,2537,false
1462,1095,140,true
1463,1095,141,true
1464,1096,2537,false
1465,1097,141,true
1466,1098,2537,false
1467,1099,2537,false
1468,1100,2537,false
1469,1101,140,true
1470,1102,2537,false
1471,1103,2537,false
1472,1104,2537,false
1473,1105,2537,false
1474,1106,2537,false
1475,1107,2537,false
1476,1108,2537,false
1477,1109,140,false
1478,1109,141,false
1479,1110,140,false
1480,1110,141,false
1481,1111,2537,false
1482,1112,140,true
1483,1113,141,true
1484,1114,140,true
1485,1115,140,true
1486,1116,142,true
1487,1116,143,true
1488,1117,143,true
1489,1117,146,false
1490,1117,147,false
1491,1117,149,false
1492,1118,143,true
1493,1118,146,false
1494,1118,147,false
1495,1118,149,false
1496,1119,142,true
1497,1119,150,true
1498,1120,143,true
1499,1121,143,true
1500,1122,144,true
1501,1122,150,true
1502,1123,145,true
1503,1124,145,true
1504,1125,145,true
1505,1125,146,true
1506,1125,150,true
1507,1126,146,true
1508,1127,147,true
1509,1127,150,true
1510,1128,148,true
1511,1128,150,true
1512,1129,142,false
1513,1129,149,true
1514,1129,150,true
1515,1130,149,true
1516,1131,143,true
1517,1131,150,true
1518,1132,150,true
1519,1132,151,true
1520,1133,142,true
1521,1134,143,true
1522,1135,144,true
1523,1136,145,true
1524,1137,145,true
1525,1138,146,true
1526,1139,146,true
1527,1140,147,true
1528,1140,150,true
1529,1141,148,true
1530,1141,150,true
1531,1142,149,true
1532,1142,150,true
1533,1143,149,true
1534,1144,143,true
1535,1145,150,true
1536,1146,151,true
1537,1147,150,true
1538,1148,150,true
1539,1149,142,true
1540,1150,143,true
1541,1151,142,true
1542,1151,143,true
1543,1152,143,true
1544,1153,143,true
1545,1153,144,true
1546,1154,143,true
1547,1154,148,true
1548,1155,143,true
1549,1155,151,true
1550,1156,144,true
1551,1157,145,true
1552,1158,145,true
1553,1159,146,true
1554,1160,146,true
1555,1161,147,true
1556,1161,150,true
1557,1162,148,true
1558,1162,150,true
1559,1163,149,true
1560,1163,150,true
1561,1164,149,true
1562,1165,150,true
1563,1166,151,true
1564,1167,150,true
1565,1168,150,true
1566,1169,143,true
1567,1169,146,true
1568,1170,143,true
1569,1170,146,true
1570,1171,150,true
1571,1172,142,true
1572,1172,150,true
1573,1173,143,true
1574,1174,143,true
1575,1175,143,true
1576,1176,143,true
1577,1177,143,true
1578,1178,143,true
1579,1179,2538,false
1580,1180,144,true
1581,1180,150,true
1582,1181,146,true
1583,1181,150,true
1584,1182,2538,false
1585,1183,147,true
1586,1183,150,true
1587,1184,148,true
1588,1184,150,true
1589,1185,149,true
1590,1185,150,true
1591,1186,149,true
1592,1186,150,true
1593,1187,143,true
1594,1188,2538,false
1595,1189,150,true
1596,1189,151,true
1597,1190,150,true
1598,1191,150,true
1599,1192,150,true
1600,1193,143,true
1601,1194,142,false
1602,1194,143,false
1603,1194,144,false
1604,1194,145,false
1605,1194,146,false
1606,1194,149,false
1607,1194,150,false
1608,1194,151,false
1609,1195,147,true
1610,1195,150,true
1611,1196,146,false
1612,1196,147,false
1613,1196,149,true
1614,1196,150,true
1615,1197,150,true
1616,1198,150,true
1617,1199,142,false
1618,1199,146,false
1619,1199,149,false
1620,1199,150,true
1621,1200,142,false
1622,1200,146,false
1623,1200,147,false
1624,1200,149,false
1625,1200,150,true
1626,1201,142,false
1627,1201,143,false
1628,1201,144,false
1629,1201,145,false
1630,1201,146,false
1631,1201,147,false
1632,1201,148,false
1633,1201,149,false
1634,1201,150,false
1635,1201,151,false
1636,1202,142,false
1637,1202,143,false
1638,1202,144,false
1639,1202,145,false
1640,1202,146,false
1641,1202,147,false
1642,1202,148,false
1643,1202,149,false
1644,1202,150,false
1645,1202,151,false
1646,1203,142,true
1647,1204,143,true
1648,1205,143,true
1649,1206,144,true
1650,1207,145,true
1651,1208,145,true
1652,1209,146,true
1653,1210,146,true
1654,1211,147,true
1655,1211,150,true
1656,1212,148,true
1657,1212,150,true
1658,1213,149,true
1659,1213,150,true
1660,1214,149,true
1661,1215,150,true
1662,1216,151,true
1663,1217,150,true
1664,1218,150,true
1665,1219,155,true
1666,1220,156,true
1667,1221,160,true
1668,1222,158,true
1669,1223,2416,false
1670,1224,152,true
1671,1225,153,true
1672,1226,153,true
1673,1227,2416,false
1674,1228,157,true
1675,1229,158,true
1676,1230,159,true
1677,1231,159,true
1678,1232,152,true
1679,1233,153,true
1680,1234,2416,false
1681,1235,154,true
1682,1236,155,true
1683,1237,160,true
1684,1238,157,true
1685,1239,158,true
1686,1240,153,true
1687,1241,154,true
1688,1242,155,true
1689,1243,159,true
1690,1244,159,true
1691,1245,152,true
1692,1246,153,true
1693,1247,2416,false
1694,1248,154,true
1695,1249,155,true
1696,1250,156,true
1697,1251,160,true
1698,1252,157,false
1699,1253,159,false
1700,1254,2416,false
1701,1255,2416,false
1702,1256,2416,false
1703,1257,155,true
1704,1258,2416,false
1705,1259,2416,false
1706,1260,2416,false
1707,1261,2416,false
1708,1262,2416,false
1709,1263,2416,false
1710,1264,157,false
1711,1264,158,false
1712,1264,159,false
1713,1264,160,false
1714,1265,2416,false
1715,1266,2416,false
1716,1267,2416,false
1717,1268,2416,false
1718,1269,159,true
1719,1270,2416,false
1720,1271,157,true
1721,1272,159,true
1722,1273,155,true
1723,1274,153,true
1724,1274,154,true
1725,1274,155,true
1726,1275,152,false
1727,1275,153,false
1728,1275,154,false
1729,1275,155,false
1730,1275,156,false
1731,1275,157,false
1732,1275,158,false
1733,1275,159,false
1734,1275,160,false
1735,1276,152,false
1736,1276,153,false
1737,1276,154,false
1738,1276,155,false
1739,1276,156,false
1740,1276,157,false
1741,1276,158,false
1742,1276,159,false
1743,1276,160,false
1744,1277,158,false
1745,1277,159,true
1746,1278,2372,false
1747,1279,2372,false
1748,1280,2372,false
1749,1281,2372,false
1750,1282,2372,false
1751,1283,2372,false
1752,1284,2372,false
1753,1285,2372,false
1754,1286,2539,false
1755,1287,2539,false
1756,1288,2539,false
1757,1289,161,true
1758,1289,162,true
1759,1290,161,true
1760,1291,162,true
1761,1292,162,true
1762,1293,162,true
1763,1294,161,true
1764,1294,162,true
1765,1295,161,true
1766,1295,162,true
1767,1296,162,true
1768,1297,162,true
1769,1298,161,true
1770,1299,161,true
1771,1299,162,false
1772,1300,162,true
1773,1301,162,true
1774,1302,162,true
1775,1303,2539,false
1776,1304,2539,false
1777,1305,2539,false
1778,1306,2539,false
1779,1307,162,true
1780,1308,2539,false
1781,1309,2539,false
1782,1310,161,true
1783,1311,162,true
1784,1312,161,true
1785,1313,161,true
1786,1314,162,true
1787,1315,162,true
1788,1316,2373,false
1789,1317,163,true
1790,1318,163,true
1791,1319,163,true
1792,1320,163,true
1793,1321,163,true
1794,1322,163,true
1795,1323,2373,false
1796,1324,163,true
1797,1325,163,true
1798,1326,163,true
1799,1327,163,true
1800,1328,163,true
1801,1329,2540,false
1802,1330,2540,false
1803,1331,2540,false
1804,1332,167,true
1805,1333,167,true
1806,1334,167,true
1807,1335,2540,false
1808,1336,167,true
1809,1337,168,true
1810,1337,169,false
1811,1337,170,false
1812,1338,167,true
1813,1339,2540,false
1814,1340,2540,false
1815,1341,2540,false
1816,1342,167,true
1817,1343,2540,false
1818,1344,167,true
1819,1345,168,true
1820,1345,169,false
1821,1345,170,false
1822,1346,168,true
1823,1347,2540,false
1824,1348,2540,false
1825,1349,167,true
1826,1350,167,true
1827,1351,164,false
1828,1351,167,false
1829,1352,2540,false
1830,1353,2540,false
1831,1354,2540,false
1832,1355,2540,false
1833,1356,2540,false
1834,1357,167,true
1835,1358,168,true
1836,1359,167,true
1837,1360,167,true
1838,1361,167,true
1839,1362,167,true
1840,1363,168,true
1841,1364,168,true
1842,1365,167,false
1843,1366,2540,false
1844,1367,2540,false
1845,1368,167,true
1846,1369,167,true
1847,1370,168,true
1848,1371,2540,false
1849,1372,167,true
1850,1373,167,true
1851,1374,2540,false
1852,1375,2540,false
1853,1376,167,true
1854,1377,167,true
1855,1378,167,false
1856,1378,168,false
1857,1379,168,true
1858,1380,2540,false
1859,1381,167,true
1860,1382,2540,false
1861,1383,2540,false
1862,1384,167,false
1863,1385,2540,false
1864,1386,2540,false
1865,1387,2540,false
1866,1388,2540,false
1867,1389,168,true
1868,1390,168,true
1869,1391,167,true
1870,1392,167,true
1871,1393,167,true
1872,1394,168,true
1873,1395,168,true
1874,1396,168,true
1875,1397,2540,false
1876,1398,2540,false
1877,1399,2540,false
1878,1400,2540,false
1879,1401,2540,false
1880,1402,2540,false
1881,1403,167,true
1882,1404,2540,false
1883,1405,2540,false
1884,1406,167,true
1885,1407,167,true
1886,1408,2540,false
1887,1409,2540,false
1888,1410,167,true
1889,1411,2540,false
1890,1412,168,true
1891,1413,164,false
1892,1413,167,false
1893,1413,168,false
1894,1414,2540,false
1895,1415,164,false
1896,1415,167,false
1897,1415,168,false
1898,1416,2540,false
1899,1417,167,true
1900,1418,168,true
1901,1418,169,false
1902,1418,170,false
1903,1419,168,true
1904,1419,169,false
1905,1419,170,false
1906,1420,167,true
1907,1421,2540,false
1908,1422,172,true
1909,1423,172,false
1910,1424,173,true
1911,1425,172,true
1912,1426,173,true
1913,1427,2374,false
1914,1428,172,true
1915,1429,2374,false
1916,1430,2374,false
1917,1431,172,true
1918,1432,173,true
1919,1433,172,false
1920,1433,173,false
1921,1434,172,true
1922,1435,173,true
1923,1436,172,true
1924,1437,172,true
1925,1438,172,false
1926,1438,173,false
1927,1439,172,false
1928,1439,173,false
1929,1440,175,false
1930,1440,176,false
1931,1440,177,false
1932,1440,178,false
1933,1441,177,true
1934,1442,175,true
1935,1442,177,true
1936,1443,176,true
1937,1444,177,true
1938,1445,178,true
1939,1446,175,true
1940,1447,176,true
1941,1448,177,true
1942,1449,175,false
1943,1449,176,false
1944,1449,177,false
1945,1450,178,true
1946,1451,2741,false
1947,1452,177,true
1948,1453,2741,false
1949,1454,177,true
1950,1455,177,true
1951,1456,177,true
1952,1457,175,true
1953,1458,176,true
1954,1459,177,false
1955,1459,178,false
1956,1460,177,true
1957,1461,177,true
1958,1462,178,true
1959,1463,2741,false
1960,1464,177,false
1961,1464,178,false
1962,1465,177,true
1963,1466,175,false
1964,1466,176,false
1965,1466,177,false
1966,1467,178,true
1967,1468,178,true
1968,1469,2741,false
1969,1470,2741,false
1970,1471,2741,false
1971,1472,2741,false
1972,1473,2741,false
1973,1474,178,true
1974,1475,2741,false
1975,1476,177,true
1976,1477,175,false
1977,1477,176,false
1978,1477,177,false
1979,1477,178,false
1980,1478,2741,false
1981,1479,2741,false
1982,1480,177,false
1983,1480,178,false
1984,1481,178,true
1985,1482,177,false
1986,1482,178,false
1987,1483,175,false
1988,1483,176,false
1989,1483,177,false
1990,1484,2741,false
1991,1485,175,false
1992,1485,176,false
1993,1485,177,false
1994,1485,178,false
1995,1486,177,true
1996,1487,2741,false
1997,1488,176,true
1998,1489,177,true
1999,1490,2741,false
2000,1491,178,true
2001,1492,177,true
2002,1493,177,true
2003,1494,2741,false
2004,1495,178,true
2005,1496,175,true
2006,1497,176,true
2007,1498,177,true
2008,1499,178,true
2009,1500,179,true
2010,1501,180,true
2011,1502,180,true
2012,1503,180,true
2013,1504,180,true
2014,1505,180,true
2015,1506,180,true
2016,1507,180,true
2017,1508,180,true
2018,1509,180,true
2019,1510,180,true
2020,1511,2742,false
2021,1512,180,true
2022,1513,2742,false
2023,1514,180,true
2024,1515,180,true
2025,1516,180,true
2026,1517,180,true
2027,1518,180,true
2028,1519,180,true
2029,1520,180,true
2030,1521,184,true
2031,1522,184,true
2032,1523,182,true
2033,1523,184,true
2034,1524,2541,false
2035,1525,2541,false
2036,1526,2541,false
2037,1527,181,true
2038,1528,181,true
2039,1529,182,true
2040,1530,183,true
2041,1531,182,true
2042,1532,184,true
2043,1533,184,true
2044,1534,181,true
2045,1535,182,true
2046,1536,183,true
2047,1537,182,true
2048,1538,184,true
2049,1539,184,true
2050,1540,182,true
2051,1541,183,true
2052,1542,181,true
2053,1543,181,true
2054,1544,182,true
2055,1545,182,true
2056,1546,184,true
2057,1547,184,true
2058,1548,183,true
2059,1549,183,true
2060,1550,2541,false
2061,1551,181,true
2062,1552,182,true
2063,1553,182,true
2064,1554,182,true
2065,1555,184,true
2066,1556,2541,false
2067,1557,181,true
2068,1558,183,true
2069,1559,181,false
2070,1559,183,false
2071,1559,184,false
2072,1560,182,true
2073,1561,181,true
2074,1562,182,true
2075,1563,182,true
2076,1564,184,true
2077,1565,184,true
2078,1566,181,false
2079,1566,183,false
2080,1566,184,false
2081,1567,181,false
2082,1567,183,false
2083,1567,184,false
2084,1568,183,true
2085,1569,183,true
2086,1570,182,true
2087,1571,184,true
2088,1572,188,true
2089,1573,188,true
2090,1574,188,true
2091,1575,191,true
2092,1576,187,true
2093,1577,188,true
2094,1578,190,true
2095,1579,190,true
2096,1580,188,true
2097,1581,187,true
2098,1582,188,true
2099,1583,190,true
2100,1584,188,true
2101,1585,188,true
2102,1586,187,true
2103,1587,188,true
2104,1588,190,true
2105,1589,190,true
2106,1590,188,false
2107,1590,190,false
2108,1591,2743,false
2109,1592,188,true
2110,1593,190,true
2111,1594,190,true
2112,1595,190,true
2113,1596,188,false
2114,1596,190,false
2115,1597,2743,false
2116,1598,188,true
2117,1599,2743,false
2118,1600,188,true
2119,1601,2743,false
2120,1602,188,true
2121,1603,191,true
2122,1604,2743,false
2123,1605,2743,false
2124,1606,2743,false
2125,1607,2743,false
2126,1608,2743,false
2127,1609,190,true
2128,1610,2743,false
2129,1611,188,true
2130,1612,2743,false
2131,1613,2743,false
2132,1614,2743,false
2133,1615,188,false
2134,1615,190,false
2135,1616,188,true
2136,1617,188,true
2137,1618,188,true
2138,1619,188,true
2139,1620,191,true
2140,1621,188,true
2141,1622,191,true
2142,1623,188,true
2143,1624,188,true
2144,1625,188,true
2145,1626,187,true
2146,1627,188,true
2147,1628,188,true
2148,1629,190,true
2149,1630,188,true
2150,1631,192,true
2151,1632,192,true
2152,1633,192,true
2153,1634,192,true
2154,1635,192,true
2155,1636,192,true
2156,1637,2375,false
2157,1638,192,true
2158,1639,192,true
2159,1640,192,true
2160,1641,192,true
2161,1642,192,true
2162,1643,192,true
2163,1644,2375,false
2164,1645,192,true
2165,1646,192,true
2166,1647,192,true
2167,1648,192,true
2168,1649,192,true
2169,1650,192,true
2170,1651,192,true
2171,1652,192,true
2172,1653,192,true
2173,1654,2375,false
2174,1655,192,true
2175,1656,192,true
2176,1657,192,true
2177,1658,192,true
2178,1659,192,true
2179,1660,192,true
2180,1661,192,true
2181,1662,192,true
2182,1663,192,true
2183,1664,192,true
2184,1665,192,true
2185,1666,192,true
2186,1667,192,true
2187,1668,192,true
2188,1669,192,true
2189,1670,192,true
2190,1671,192,true
2191,1672,192,true
2192,1673,2375,false
2193,1674,192,true
2194,1675,192,true
2195,1676,192,true
2196,1677,192,true
2197,1678,2375,false
2198,1679,2375,false
2199,1680,192,false
2200,1681,192,true
2201,1682,192,true
2202,1683,192,true
2203,1684,192,true
2204,1685,192,true
2205,1686,192,true
2206,1687,192,true
2207,1688,192,true
2208,1689,192,true
2209,1690,192,true
2210,1691,192,true
2211,1692,192,true
2212,1693,192,true
2213,1694,192,false
2214,1695,192,true
2215,1696,192,false
2216,1697,2375,false
2217,1698,2375,false
2218,1699,2375,false
2219,1700,192,true
2220,1701,192,true
2221,1702,192,true
2222,1703,192,true
2223,1704,192,true
2224,1705,192,true
2225,1706,192,true
2226,1707,192,true
2227,1708,192,true
2228,1709,192,true
2229,1710,2419,false
2230,1711,2419,false
2231,1712,193,true
2232,1713,195,true
2233,1714,193,true
2234,1715,194,true
2235,1716,195,true
2236,1717,2419,false
2237,1718,193,true
2238,1719,194,true
2239,1720,195,true
2240,1721,195,true
2241,1722,2419,false
2242,1723,2419,false
2243,1724,2419,false
2244,1725,193,true
2245,1726,2419,false
2246,1727,2419,false
2247,1728,2419,false
2248,1729,2419,false
2249,1730,193,false
2250,1730,194,false
2251,1730,195,false
2252,1731,193,false
2253,1731,194,false
2254,1731,195,false
2255,1732,193,false
2256,1732,194,false
2257,1732,195,false
2258,1733,193,true
2259,1734,194,true
2260,1735,195,true
2261,1736,2419,false
2262,1737,2419,false
2263,1738,199,true
2264,1739,196,true
2265,1740,196,true
2266,1741,198,true
2267,1742,198,true
2268,1743,2420,false
2269,1744,198,true
2270,1745,199,true
2271,1746,2420,false
2272,1747,196,true
2273,1748,198,true
2274,1749,197,true
2275,1750,198,true
2276,1751,196,true
2277,1752,197,true
2278,1753,198,true
2279,1754,2420,false
2280,1755,2420,false
2281,1756,199,true
2282,1757,196,true
2283,1758,196,true
2284,1759,198,true
2285,1760,197,true
2286,1761,198,true
2287,1762,198,true
2288,1763,2420,false
2289,1764,199,true
2290,1765,196,true
2291,1766,2420,false
2292,1767,2420,false
2293,1768,196,true
2294,1769,198,true
2295,1770,2420,false
2296,1771,198,true
2297,1772,2420,false
2298,1773,2420,false
2299,1774,196,false
2300,1774,198,false
2301,1775,2420,false
2302,1776,196,true
2303,1777,199,true
2304,1778,199,true
2305,1779,2420,false
2306,1780,2420,false
2307,1781,196,false
2308,1781,198,false
2309,1782,196,false
2310,1782,198,false
2311,1783,196,true
2312,1784,198,true
2313,1785,2421,false
2314,1786,2421,false
2315,1787,2421,false
2316,1788,2421,false
2317,1789,2542,false
2318,1790,2542,false
2319,1791,201,true
2320,1792,202,true
2321,1793,201,true
2322,1794,202,true
2323,1795,204,true
2324,1796,204,true
2325,1797,203,true
2326,1798,203,true
2327,1799,2542,false
2328,1800,2542,false
2329,1801,202,true
2330,1802,202,true
2331,1803,202,true
2332,1804,2542,false
2333,1805,202,true
2334,1806,2542,false
2335,1807,202,true
2336,1808,202,true
2337,1809,2542,false
2338,1810,202,true
2339,1811,2542,false
2340,1812,201,false
2341,1812,202,false
2342,1812,204,false
2343,1813,204,true
2344,1814,203,true
2345,1815,201,true
2346,1816,2542,false
2347,1817,200,true
2348,1818,200,true
2349,1819,2542,false
2350,1820,2542,false
2351,1821,2542,false
2352,1822,2542,false
2353,1823,202,true
2354,1823,204,true
2355,1824,204,true
2356,1825,203,true
2357,1826,203,true
2358,1827,202,true
2359,1828,202,true
2360,1829,201,false
2361,1829,202,false
2362,1829,204,false
2363,1830,201,false
2364,1830,202,false
2365,1830,204,false
2366,1831,201,true
2367,1832,202,true
2368,1833,205,true
2369,1834,2744,false
2370,1835,206,true
2371,1836,205,true
2372,1837,206,true
2373,1838,205,true
2374,1839,2744,false
2375,1840,205,true
2376,1841,2744,false
2377,1842,205,true
2378,1843,205,true
2379,1844,205,true
2380,1845,2744,false
2381,1846,205,true
2382,1847,205,true
2383,1848,205,true
2384,1849,205,true
2385,1850,206,true
2386,1851,2744,false
2387,1852,2376,false
2388,1853,2376,false
2389,1854,207,true
2390,1855,209,true
2391,1856,207,true
2392,1857,208,true
2393,1858,209,true
2394,1859,2376,false
2395,1860,207,true
2396,1861,208,true
2397,1862,209,true
2398,1863,209,true
2399,1864,2376,false
2400,1865,2376,false
2401,1866,2376,false
2402,1867,207,true
2403,1868,2376,false
2404,1869,2376,false
2405,1870,2376,false
2406,1871,2376,false
2407,1872,207,false
2408,1872,208,false
2409,1872,209,false
2410,1873,207,false
2411,1873,208,false
2412,1873,209,false
2413,1874,207,false
2414,1874,208,false
2415,1874,209,false
2416,1875,207,true
2417,1876,208,true
2418,1877,209,true
2419,1878,2376,false
2420,1879,2376,false
2421,1880,210,true
2422,1881,210,true
2423,1882,2422,false
2424,1883,210,true
2425,1884,2422,false
2426,1885,2422,false
2427,1886,210,true
2428,1887,2422,false
2429,1888,210,true
2430,1889,210,true
2431,1890,210,true
2432,1891,210,true
2433,1892,210,true
2434,1893,2745,false
2435,1894,2745,false
2436,1895,2745,false
2437,1896,2745,false
2438,1897,2745,false
2439,1898,2745,false
2440,1899,2745,false
2441,1900,2745,false
2442,1901,2745,false
2443,1902,2745,false
2444,1903,2745,false
2445,1904,2745,false
2446,1905,2745,false
2447,1906,2745,false
2448,1907,2745,false
2449,1908,2745,false
2450,1909,2745,false
2451,1910,2745,false
2452,1911,2745,false
2453,1912,2745,false
2454,1913,2745,false
2455,1914,2745,false
2456,1915,2745,false
2457,1916,2745,false
2458,1917,2745,false
2459,1918,2745,false
2460,1919,2745,false
2461,1920,2745,false
2462,1921,2543,false
2463,1922,2543,false
2464,1923,211,true
2465,1924,2543,false
2466,1925,2543,false
2467,1926,211,true
2468,1927,2543,false
2469,1928,2543,false
2470,1929,2543,false
2471,1930,2543,false
2472,1931,2543,false
2473,1932,2543,false
2474,1933,2543,false
2475,1934,2543,false
2476,1935,2543,false
2477,1936,2543,false
2478,1937,211,true
2479,1938,2543,false
2480,1939,2543,false
2481,1940,211,true
2482,1941,211,true
2483,1942,211,true
2484,1943,2543,false
2485,1944,215,true
2486,1945,214,true
2487,1946,2746,false
2488,1947,212,true
2489,1948,213,true
2490,1949,214,true
2491,1950,215,true
2492,1951,216,true
2493,1952,217,true
2494,1953,2746,false
2495,1954,213,true
2496,1955,218,true
2497,1956,219,true
2498,1957,2746,false
2499,1958,220,true
2500,1959,2746,false
2501,1960,2746,false
2502,1961,2746,false
2503,1962,215,true
2504,1963,221,true
2505,1964,2746,false
2506,1965,214,true
2507,1966,214,true
2508,1967,2746,false
2509,1968,2746,false
2510,1969,2746,false
2511,1970,2746,false
2512,1971,2746,false
2513,1972,214,true
2514,1973,2746,false
2515,1974,215,true
2516,1975,215,true
2517,1976,216,true
2518,1977,2746,false
2519,1978,2746,false
2520,1979,2746,false
2521,1980,2746,false
2522,1981,2746,false
2523,1982,2746,false
2524,1983,2746,false
2525,1984,2746,false
2526,1985,2746,false
2527,1986,220,true
2528,1987,2746,false
2529,1988,220,true
2530,1989,2746,false
2531,1990,215,true
2532,1991,214,true
2533,1992,214,true
2534,1993,214,true
2535,1994,214,true
2536,1995,214,true
2537,1996,213,true
2538,1997,2746,false
2539,1998,2746,false
2540,1999,2746,false
2541,2000,216,true
2542,2001,216,true
2543,2002,217,true
2544,2003,213,true
2545,2004,2746,false
2546,2005,218,true
2547,2006,219,true
2548,2007,218,true
2549,2008,2746,false
2550,2009,2746,false
2551,2010,221,true
2552,2011,214,true
2553,2012,2746,false
2554,2013,2746,false
2555,2014,2746,false
2556,2015,2746,false
2557,2016,2746,false
2558,2017,2746,false
2559,2018,212,false
2560,2018,213,false
2561,2018,214,false
2562,2018,215,false
2563,2018,216,false
2564,2018,217,false
2565,2018,218,false
2566,2018,219,false
2567,2018,221,false
2568,2019,212,true
2569,2020,213,true
2570,2021,214,true
2571,2022,215,true
2572,2023,216,true
2573,2024,217,true
2574,2025,2746,false
2575,2026,2746,false
2576,2027,213,true
2577,2028,218,true
2578,2029,219,true
2579,2030,220,true
2580,2031,2746,false
2581,2032,2746,false
2582,2033,2746,false
2583,2034,2746,false
2584,2035,221,true
2585,2036,217,true
2586,2037,214,true
2587,2038,2746,false
2588,2039,213,true
2589,2040,215,true
2590,2041,2746,false
2591,2042,2746,false
2592,2043,215,true
2593,2044,212,false
2594,2044,213,false
2595,2044,214,false
2596,2044,215,false
2597,2044,216,false
2598,2044,217,false
2599,2044,218,false
2600,2044,219,false
2601,2044,221,false
2602,2045,212,false
2603,2045,213,false
2604,2045,214,false
2605,2045,215,false
2606,2045,216,false
2607,2045,217,false
2608,2045,218,false
2609,2045,219,false
2610,2045,221,false
2611,2046,223,true
2612,2047,2423,false
2613,2048,2423,false
2614,2049,223,true
2615,2050,2423,false
2616,2051,2423,false
2617,2052,2545,false
2618,2053,229,true
2619,2054,227,true
2620,2055,228,true
2621,2056,2545,false
2622,2057,228,false
2623,2058,226,true
2624,2059,2545,false
2625,2060,2545,false
2626,2061,227,true
2627,2062,228,true
2628,2063,229,true
2629,2064,2545,false
2630,2065,2545,false
2631,2066,2545,false
2632,2067,2545,false
2633,2068,2545,false
2634,2069,2545,false
2635,2070,2545,false
2636,2071,2545,false
2637,2072,2545,false
2638,2073,2545,false
2639,2074,227,false
2640,2074,228,false
2641,2074,229,false
2642,2075,227,true
2643,2076,228,true
2644,2077,229,true
2645,2078,227,false
2646,2078,228,false
2647,2078,229,false
2648,2079,227,false
2649,2079,228,false
2650,2079,229,false
2651,2080,227,true
2652,2081,228,true
2653,2082,229,true
2654,2083,2377,false
2655,2084,2377,false
2656,2085,2377,false
2657,2086,230,true
2658,2087,231,true
2659,2088,233,true
2660,2089,233,true
2661,2090,230,true
2662,2091,230,true
2663,2092,231,true
2664,2093,2377,false
2665,2094,2377,false
2666,2095,232,false
2667,2096,232,false
2668,2097,232,false
2669,2098,232,false
2670,2099,232,false
2671,2100,232,false
2672,2101,232,false
2673,2102,2377,false
2674,2103,2377,false
2675,2104,2377,false
2676,2105,2377,false
2677,2106,2377,false
2678,2107,2377,false
2679,2108,2377,false
2680,2109,2377,false
2681,2110,2377,false
2682,2111,232,false
2683,2112,232,false
2684,2113,2377,false
2685,2114,2377,false
2686,2115,2377,false
2687,2116,2377,false
2688,2117,2377,false
2689,2118,2377,false
2690,2119,230,false
2691,2119,231,false
2692,2119,233,false
2693,2120,2377,false
2694,2121,2377,false
2695,2122,2377,false
2696,2123,2377,false
2697,2124,230,false
2698,2124,231,false
2699,2124,233,false
2700,2125,230,false
2701,2125,231,false
2702,2125,233,false
2703,2126,230,true
2704,2127,231,true
2705,2128,2377,false
2706,2129,233,true
2707,2130,2378,false
2708,2131,2378,false
2709,2132,2378,false
2710,2133,2378,false
2711,2134,2378,false
2712,2135,2378,false
2713,2136,2378,false
2714,2137,2378,false
2715,2138,234,true
2716,2139,2424,false
2717,2140,234,true
2718,2141,234,true
2719,2142,234,true
2720,2143,234,true
2721,2144,234,true
2722,2145,236,true
2723,2146,242,true
2724,2147,236,true
2725,2148,237,true
2726,2149,241,true
2727,2150,242,true
2728,2151,237,true
2729,2152,235,true
2730,2153,236,true
2731,2154,237,true
2732,2154,239,true
2733,2155,241,true
2734,2156,243,true
2735,2157,235,true
2736,2157,238,true
2737,2158,236,true
2738,2159,237,true
2739,2159,239,true
2740,2160,241,true
2741,2161,242,true
2742,2162,236,true
2743,2163,240,true
2744,2163,243,true
2745,2164,2546,false
2746,2165,237,true
2747,2165,239,true
2748,2166,2546,false
2749,2167,2546,false
2750,2168,2546,false
2751,2169,2546,false
2752,2170,240,true
2753,2170,243,true
2754,2171,235,false
2755,2171,236,false
2756,2171,237,false
2757,2171,241,false
2758,2171,243,false
2759,2172,243,true
2760,2173,235,true
2761,2173,238,true
2762,2174,237,true
2763,2175,242,true
2764,2176,235,false
2765,2176,236,false
2766,2176,237,false
2767,2176,241,false
2768,2176,243,false
2769,2177,235,false
2770,2177,236,false
2771,2177,237,false
2772,2177,241,false
2773,2177,243,false
2774,2178,235,true
2775,2179,237,true
2776,2180,241,true
2777,2181,243,true
2778,2182,244,true
2779,2183,244,true
2780,2184,2547,false
2781,2185,244,true
2782,2186,244,true
2783,2187,244,true
2784,2188,244,true
2785,2189,244,true
2786,2190,244,true
2787,2191,2547,false
2788,2192,2547,false
2789,2193,244,true
2790,2194,244,true
2791,2195,244,true
2792,2196,244,true
2793,2197,2547,false
2794,2198,244,true
2795,2199,244,true
2796,2200,244,true
2797,2201,245,true
2798,2202,250,true
2799,2203,2426,false
2800,2204,2426,false
2801,2205,2426,false
2802,2206,2426,false
2803,2207,2426,false
2804,2208,2426,false
2805,2209,2426,false
2806,2210,2426,false
2807,2211,2426,false
2808,2212,2426,false
2809,2213,2426,false
2810,2214,2426,false
2811,2215,245,false
2812,2215,247,true
2813,2216,245,true
2814,2217,247,true
2815,2218,249,true
2816,2219,245,true
2817,2220,246,true
2818,2221,247,true
2819,2222,247,true
2820,2223,247,true
2821,2224,247,true
2822,2225,247,true
2823,2226,247,true
2824,2227,247,true
2825,2228,247,true
2826,2229,247,true
2827,2230,247,true
2828,2231,247,true
2829,2232,248,true
2830,2233,246,true
2831,2234,246,true
2832,2235,249,true
2833,2236,250,true
2834,2237,246,true
2835,2238,2426,false
2836,2239,2426,false
2837,2240,2426,false
2838,2241,2426,false
2839,2242,245,false
2840,2242,246,false
2841,2242,247,false
2842,2242,248,false
2843,2242,249,false
2844,2242,250,false
2845,2243,2426,false
2846,2244,2426,false
2847,2245,248,true
2848,2246,248,true
2849,2247,249,true
2850,2248,246,true
2851,2249,245,false
2852,2249,246,false
2853,2249,247,false
2854,2249,248,false
2855,2249,249,false
2856,2249,250,false
2857,2250,245,false
2858,2250,246,false
2859,2250,247,false
2860,2250,248,false
2861,2250,249,false
2862,2250,250,false
2863,2251,245,true
2864,2252,246,true
2865,2253,247,true
2866,2254,247,true
2867,2255,247,true
2868,2256,247,true
2869,2257,247,true
2870,2258,247,true
2871,2259,247,true
2872,2260,247,true
2873,2261,247,true
2874,2262,247,true
2875,2263,247,true
2876,2264,248,true
2877,2265,249,true
2878,2266,250,true
2879,2267,251,false
2880,2267,252,false
2881,2267,253,false
2882,2267,254,false
2883,2267,255,false
2884,2267,256,false
2885,2267,257,false
2886,2267,258,false
2887,2267,259,false
2888,2267,260,false
2889,2267,261,false
2890,2267,262,false
2891,2267,263,false
2892,2268,259,true
2893,2269,257,true
2894,2270,2748,false
2895,2271,257,true
2896,2272,257,true
2897,2273,262,true
2898,2274,257,true
2899,2275,2748,false
2900,2276,251,false
2901,2276,254,true
2902,2277,255,true
2903,2278,2748,false
2904,2279,2748,false
2905,2280,253,true
2906,2280,256,true
2907,2281,254,true
2908,2282,259,true
2909,2282,260,false
2910,2283,260,true
2911,2284,254,true
2912,2284,259,true
2913,2285,251,true
2914,2286,254,true
2915,2286,259,true
2916,2287,252,true
2917,2288,253,true
2918,2289,254,true
2919,2290,255,true
2920,2291,2748,false
2921,2292,2748,false
2922,2293,256,true
2923,2294,257,true
2924,2295,258,true
2925,2296,259,true
2926,2297,260,true
2927,2298,261,true
2928,2299,262,true
2929,2300,2748,false
2930,2301,259,false
2931,2301,261,false
2932,2302,2748,false
2933,2303,2748,false
2934,2304,257,true
2935,2305,2748,false
2936,2306,2748,false
2937,2307,2748,false
2938,2308,2748,false
2939,2309,2748,false
2940,2310,2748,false
2941,2311,2748,false
2942,2312,2748,false
2943,2313,2748,false
2944,2314,2748,false
2945,2315,2748,false
2946,2316,2748,false
2947,2317,2748,false
2948,2318,257,true
2949,2319,257,true
2950,2320,257,true
2951,2321,257,true
2952,2322,2748,false
2953,2323,2748,false
2954,2324,2748,false
2955,2325,2748,false
2956,2326,254,true
2957,2327,2748,false
2958,2328,259,true
2959,2329,2748,false
2960,2330,2748,false
2961,2331,258,true
2962,2332,261,false
2963,2333,259,false
2964,2333,261,false
2965,2333,262,false
2966,2334,261,false
2967,2334,262,false
2968,2335,2748,false
2969,2336,2748,false
2970,2337,254,true
2971,2338,261,true
2972,2339,257,true
2973,2340,257,true
2974,2341,251,true
2975,2342,2748,false
2976,2343,257,true
2977,2344,256,false
2978,2345,257,true
2979,2346,257,true
2980,2347,257,true
2981,2348,253,false
2982,2348,256,false
2983,2348,257,false
2984,2349,251,false
2985,2349,252,false
2986,2349,253,false
2987,2349,254,false
2988,2349,255,false
2989,2349,256,false
2990,2349,257,false
2991,2349,258,false
2992,2349,259,false
2993,2349,260,false
2994,2349,261,false
2995,2349,262,false
2996,2349,263,false
2997,2350,252,true
2998,2351,251,false
2999,2351,254,true
3000,2352,255,true
3001,2353,258,true
3002,2354,259,true
3003,2355,260,true
3004,2356,261,true
3005,2357,259,true
3006,2357,261,true
3007,2358,259,true
3008,2359,254,true
3009,2359,259,true
3010,2360,258,true
3011,2361,261,true
3012,2362,251,false
3013,2362,252,false
3014,2362,253,false
3015,2362,254,false
3016,2362,255,false
3017,2362,256,false
3018,2362,257,false
3019,2362,258,false
3020,2362,259,false
3021,2362,260,false
3022,2362,261,false
3023,2362,262,false
3024,2362,263,false
3025,2363,2748,false
3026,2364,252,true
3027,2365,257,true
3028,2366,257,true
3029,2367,257,true
3030,2368,257,true
3031,2369,257,true
3032,2370,257,true
3033,2371,2748,false
3034,2372,258,true
3035,2373,261,true
3036,2374,261,true
3037,2375,261,true
3038,2376,252,true
3039,2377,258,true
3040,2378,261,true
3041,2379,254,true
3042,2379,259,true
3043,2380,257,true
3044,2381,253,true
3045,2382,256,true
3046,2383,257,true
3047,2384,2748,false
3048,2385,265,true
3049,2386,266,true
3050,2387,267,true
3051,2388,270,true
3052,2389,266,true
3053,2390,272,true
3054,2391,270,true
3055,2392,270,true
3056,2393,270,true
3057,2393,272,true
3058,2394,272,true
3059,2395,267,true
3060,2396,264,true
3061,2397,265,true
3062,2398,266,true
3063,2399,267,true
3064,2400,268,true
3065,2401,265,true
3066,2402,269,true
3067,2403,270,true
3068,2404,270,true
3069,2405,266,true
3070,2405,270,true
3071,2406,265,true
3072,2406,270,true
3073,2407,265,true
3074,2408,272,true
3075,2409,264,true
3076,2410,265,true
3077,2411,266,true
3078,2412,268,true
3079,2413,265,true
3080,2414,268,true
3081,2415,269,true
3082,2416,270,true
3083,2417,270,true
3084,2418,266,true
3085,2418,270,true
3086,2419,265,true
3087,2419,270,true
3088,2420,265,true
3089,2421,271,true
3090,2422,272,true
3091,2423,265,true
3092,2424,266,true
3093,2425,267,true
3094,2426,270,true
3095,2427,264,true
3096,2428,265,true
3097,2429,266,true
3098,2430,267,true
3099,2431,268,true
3100,2432,265,true
3101,2433,269,true
3102,2434,269,true
3103,2435,270,true
3104,2436,270,true
3105,2437,266,true
3106,2437,270,true
3107,2438,265,true
3108,2438,270,true
3109,2439,267,true
3110,2440,267,true
3111,2441,265,true
3112,2441,266,false
3113,2441,270,false
3114,2442,267,true
3115,2443,265,true
3116,2444,270,true
3117,2445,267,true
3118,2446,271,true
3119,2447,272,true
3120,2448,2548,false
3121,2449,264,false
3122,2450,265,true
3123,2451,265,true
3124,2452,266,true
3125,2453,266,true
3126,2454,267,true
3127,2455,267,true
3128,2456,267,true
3129,2457,268,true
3130,2458,265,true
3131,2459,268,true
3132,2460,269,true
3133,2461,270,true
3134,2462,265,true
3135,2462,266,false
3136,2462,270,false
3137,2463,265,true
3138,2463,270,false
3139,2464,270,false
3140,2465,270,true
3141,2466,267,true
3142,2467,267,true
3143,2468,272,false
3144,2469,267,true
3145,2470,267,false
3146,2471,267,true
3147,2472,265,true
3148,2473,270,false
3149,2474,264,false
3150,2474,265,false
3151,2474,266,false
3152,2474,267,false
3153,2474,268,false
3154,2474,269,false
3155,2474,270,false
3156,2474,271,false
3157,2474,272,false
3158,2475,267,true
3159,2476,271,true
3160,2477,272,true
3161,2478,268,true
3162,2479,270,true
3163,2480,267,false
3164,2480,270,false
3165,2481,267,false
3166,2481,270,false
3167,2482,2548,false
3168,2483,266,false
3169,2483,270,false
3170,2484,264,false
3171,2484,265,false
3172,2484,266,false
3173,2484,267,false
3174,2484,268,false
3175,2484,269,false
3176,2484,270,false
3177,2484,271,false
3178,2484,272,false
3179,2485,264,false
3180,2485,265,false
3181,2485,266,false
3182,2485,267,false
3183,2485,268,false
3184,2485,269,false
3185,2485,270,false
3186,2485,271,false
3187,2485,272,false
3188,2486,264,true
3189,2487,265,true
3190,2488,266,true
3191,2489,267,true
3192,2490,265,true
3193,2491,269,true
3194,2492,269,true
3195,2493,270,true
3196,2494,270,true
3197,2495,266,true
3198,2495,270,true
3199,2496,265,true
3200,2496,270,true
3201,2497,267,true
3202,2498,267,true
3203,2499,265,true
3204,2500,267,true
3205,2501,272,true
3206,2502,272,true
3207,2503,273,true
3208,2504,273,true
3209,2505,273,true
3210,2506,273,true
3211,2507,273,true
3212,2508,273,true
3213,2509,273,true
3214,2510,273,true
3215,2511,273,true
3216,2512,276,true
3217,2513,273,true
3218,2514,273,true
3219,2515,273,true
3220,2516,273,true
3221,2517,273,true
3222,2518,276,true
3223,2519,273,true
3224,2520,277,true
3225,2521,276,true
3226,2522,273,true
3227,2523,273,true
3228,2524,273,true
3229,2525,273,true
3230,2525,275,true
3231,2526,273,true
3232,2527,273,true
3233,2528,273,true
3234,2529,273,true
3235,2530,2749,false
3236,2531,273,true
3237,2532,273,true
3238,2533,273,true
3239,2534,273,true
3240,2535,273,true
3241,2535,275,true
3242,2536,273,true
3243,2537,273,true
3244,2538,273,true
3245,2539,273,true
3246,2540,277,true
3247,2541,273,true
3248,2542,273,true
3249,2543,273,true
3250,2544,2749,false
3251,2545,273,true
3252,2546,2749,false
3253,2547,273,true
3254,2548,273,true
3255,2549,273,true
3256,2550,273,true
3257,2551,273,true
3258,2552,273,true
3259,2553,273,true
3260,2554,273,true
3261,2555,273,true
3262,2556,273,true
3263,2557,273,true
3264,2558,2749,false
3265,2559,273,true
3266,2560,2749,false
3267,2561,273,false
3268,2561,276,false
3269,2561,277,false
3270,2562,273,true
3271,2563,273,true
3272,2563,275,true
3273,2564,277,true
3274,2565,273,true
3275,2566,273,true
3276,2567,2749,false
3277,2568,273,true
3278,2569,273,false
3279,2569,276,false
3280,2569,277,false
3281,2570,273,false
3282,2570,276,false
3283,2570,277,false
3284,2571,273,true
3285,2572,273,true
3286,2573,273,true
3287,2574,273,true
3288,2575,273,true
3289,2575,275,true
3290,2576,273,true
3291,2577,273,true
3292,2578,273,true
3293,2579,273,true
3294,2580,276,true
3295,2581,273,true
3296,2582,273,true
3297,2583,273,true
3298,2584,286,true
3299,2585,2549,false
3300,2586,286,true
3301,2587,2549,false
3302,2588,280,true
3303,2588,281,false
3304,2588,286,true
3305,2588,294,false
3306,2589,2549,false
3307,2590,292,true
3308,2591,286,true
3309,2592,2549,false
3310,2593,282,true
3311,2594,283,true
3312,2595,285,true
3313,2596,286,true
3314,2597,289,true
3315,2598,287,true
3316,2599,292,true
3317,2600,294,true
3318,2601,295,true
3319,2602,2549,false
3320,2603,280,true
3321,2604,281,true
3322,2605,282,true
3323,2606,282,true
3324,2606,294,false
3325,2607,283,true
3326,2608,284,true
3327,2609,285,true
3328,2610,2549,false
3329,2611,286,true
3330,2612,289,true
3331,2613,287,true
3332,2614,290,true
3333,2615,291,true
3334,2616,292,true
3335,2617,292,false
3336,2617,293,false
3337,2618,294,true
3338,2619,295,true
3339,2620,289,true
3340,2620,294,true
3341,2621,284,false
3342,2621,287,false
3343,2621,290,false
3344,2621,291,false
3345,2622,2549,false
3346,2623,286,true
3347,2624,2549,false
3348,2625,2549,false
3349,2626,287,true
3350,2627,286,true
3351,2628,2549,false
3352,2629,2549,false
3353,2630,2549,false
3354,2631,2549,false
3355,2632,286,true
3356,2633,286,true
3357,2634,284,true
3358,2635,284,true
3359,2636,280,false
3360,2636,281,false
3361,2636,282,false
3362,2636,283,false
3363,2636,285,false
3364,2636,286,false
3365,2636,287,false
3366,2636,289,false
3367,2636,292,false
3368,2636,293,false
3369,2636,295,false
3370,2637,2549,false
3371,2638,293,true
3372,2639,293,true
3373,2640,292,true
3374,2641,290,true
3375,2642,287,true
3376,2643,286,true
3377,2644,2549,false
3378,2645,2549,false
3379,2646,2549,false
3380,2647,282,false
3381,2647,286,true
3382,2647,294,false
3383,2648,284,true
3384,2649,289,true
3385,2650,287,true
3386,2651,280,false
3387,2651,281,false
3388,2651,282,false
3389,2651,283,false
3390,2651,285,false
3391,2651,286,false
3392,2651,287,false
3393,2651,289,false
3394,2651,292,false
3395,2651,293,false
3396,2651,295,false
3397,2652,280,false
3398,2652,281,false
3399,2652,282,false
3400,2652,283,false
3401,2652,285,false
3402,2652,286,false
3403,2652,287,false
3404,2652,289,false
3405,2652,292,false
3406,2652,293,false
3407,2652,295,false
3408,2653,281,true
3409,2653,283,false
3410,2654,282,true
3411,2655,283,true
3412,2656,285,true
3413,2657,286,true
3414,2658,292,true
3415,2659,294,true
3416,2660,295,true
3417,2661,296,true
3418,2662,296,true
3419,2663,297,true
3420,2664,2427,false
3421,2665,296,true
3422,2666,2427,false
3423,2667,2427,false
3424,2668,296,true
3425,2669,296,true
3426,2670,298,true
3427,2671,300,true
3428,2672,300,false
3429,2672,301,false
3430,2673,300,false
3431,2673,301,false
3432,2674,300,false
3433,2674,301,false
3434,2675,300,false
3435,2675,301,false
3436,2676,300,true
3437,2676,301,true
3438,2677,299,true
3439,2677,300,true
3440,2678,300,true
3441,2678,300,true
3442,2678,301,false
3443,2679,300,false
3444,2679,301,false
3445,2680,300,false
3446,2680,301,false
3447,2680,302,true
3448,2681,300,true
3449,2682,2750,false
3450,2683,302,true
3451,2684,302,true
3452,2685,302,true
3453,2686,302,true
3454,2687,301,false
3455,2688,2750,false
3456,2689,298,true
3457,2690,298,true
3458,2691,301,false
3459,2692,300,false
3460,2693,300,false
3461,2693,301,false
3462,2694,300,false
3463,2694,301,false
3464,2695,2750,false
3465,2696,300,false
3466,2696,301,false
3467,2697,302,true
3468,2698,300,true
3469,2699,298,true
3470,2700,298,true
3471,2701,2750,false
3472,2702,300,true
3473,2703,301,true
3474,2704,299,true
3475,2705,302,true
3476,2706,300,true
3477,2707,300,false
3478,2708,300,true
3479,2709,2750,false
3480,2710,298,false
3481,2711,298,false
3482,2712,298,false
3483,2713,298,false
3484,2714,300,false
3485,2714,301,false
3486,2715,300,true
3487,2716,300,false
3488,2717,301,false
3489,2718,300,false
3490,2718,301,false
3491,2719,2750,false
3492,2720,302,true
3493,2721,298,false
3494,2721,299,false
3495,2721,300,false
3496,2721,301,false
3497,2721,302,false
3498,2722,2750,false
3499,2723,300,false
3500,2723,301,false
3501,2723,302,false
3502,2724,300,true
3503,2724,301,true
3504,2725,299,true
3505,2725,300,true
3506,2726,300,false
3507,2726,301,false
3508,2727,299,true
3509,2728,299,true
3510,2729,2750,false
3511,2730,302,true
3512,2731,302,true
3513,2732,302,true
3514,2733,302,true
3515,2734,298,false
3516,2734,299,false
3517,2734,300,false
3518,2734,301,false
3519,2734,302,false
3520,2735,298,false
3521,2735,299,false
3522,2735,300,false
3523,2735,301,false
3524,2735,302,false
3525,2736,300,true
3526,2737,300,true
3527,2738,298,true
3528,2739,2750,false
3529,2740,301,true
3530,2741,299,true
3531,2742,302,true
3532,2743,303,true
3533,2744,303,true
3534,2745,303,true
3535,2746,303,true
3536,2747,303,true
3537,2748,2428,false
3538,2749,303,true
3539,2750,303,true
3540,2751,303,true
3541,2752,2428,false
3542,2753,2428,false
3543,2754,303,true
3544,2755,2428,false
3545,2756,303,true
3546,2757,303,true
3547,2758,2428,false
3548,2759,303,true
3549,2760,303,true
3550,2761,303,true
3551,2762,303,true
3552,2763,303,true
3553,2764,303,true
3554,2765,303,true
3555,2766,2428,false
3556,2767,303,true
3557,2768,303,true
3558,2769,303,true
3559,2770,303,true
3560,2771,2428,false
3561,2772,303,true
3562,2773,303,true
3563,2774,303,true
3564,2775,303,true
3565,2776,303,true
3566,2777,303,true
3567,2778,303,true
3568,2779,303,true
3569,2780,2428,false
3570,2781,2428,false
3571,2782,303,true
3572,2783,303,true
3573,2784,303,true
3574,2785,303,true
3575,2786,303,true
3576,2787,303,true
3577,2788,303,true
3578,2789,303,true
3579,2790,303,true
3580,2791,303,true
3581,2792,303,true
3582,2793,303,true
3583,2794,303,true
3584,2795,2428,false
3585,2796,303,true
3586,2797,2428,false
3587,2798,303,true
3588,2799,303,true
3589,2800,2428,false
3590,2801,303,true
3591,2802,303,true
3592,2803,303,true
3593,2804,303,true
3594,2805,303,true
3595,2806,303,true
3596,2807,303,true
3597,2808,303,true
3598,2809,303,true
3599,2810,303,true
3600,2811,303,true
3601,2812,2428,false
3602,2813,303,true
3603,2814,303,true
3604,2815,303,true
3605,2816,303,true
3606,2817,303,true
3607,2818,303,true
3608,2819,303,true
3609,2820,303,true
3610,2821,303,true
3611,2822,303,true
3612,2823,304,true
3613,2824,304,true
3614,2825,304,true
3615,2826,304,true
3616,2827,304,true
3617,2828,304,true
3618,2829,304,true
3619,2830,304,true
3620,2831,304,true
3621,2832,304,true
3622,2833,304,true
3623,2834,304,true
3624,2835,304,true
3625,2836,304,true
3626,2837,304,true
3627,2838,304,true
3628,2839,304,true
3629,2840,308,true
3630,2841,305,false
3631,2841,306,false
3632,2841,307,false
3633,2841,308,false
3634,2841,309,false
3635,2842,308,true
3636,2843,308,true
3637,2844,2751,false
3638,2845,305,true
3639,2845,306,true
3640,2846,305,true
3641,2847,305,true
3642,2847,306,true
3643,2848,307,true
3644,2849,308,true
3645,2850,309,true
3646,2851,2751,false
3647,2852,305,true
3648,2853,306,true
3649,2854,307,true
3650,2855,308,true
3651,2856,309,true
3652,2857,2751,false
3653,2858,306,false
3654,2859,305,false
3655,2860,307,false
3656,2860,308,false
3657,2860,310,false
3658,2861,307,false
3659,2861,308,false
3660,2862,308,false
3661,2863,308,false
3662,2864,308,false
3663,2865,308,false
3664,2866,308,false
3665,2867,305,false
3666,2867,306,false
3667,2867,307,false
3668,2867,308,false
3669,2868,308,false
3670,2869,309,false
3671,2870,308,true
3672,2871,310,false
3673,2872,2751,false
3674,2873,309,false
3675,2874,305,false
3676,2874,306,false
3677,2874,307,false
3678,2874,308,false
3679,2874,309,false
3680,2875,305,true
3681,2875,308,true
3682,2876,308,true
3683,2877,305,false
3684,2877,306,false
3685,2877,307,false
3686,2877,308,false
3687,2877,309,false
3688,2878,308,true
3689,2879,308,true
3690,2880,308,true
3691,2881,308,true
3692,2882,308,true
3693,2883,305,true
3694,2884,305,true
3695,2885,306,true
3696,2886,307,true
3697,2887,308,true
3698,2888,305,false
3699,2888,306,false
3700,2888,307,false
3701,2888,308,false
3702,2888,309,false
3703,2889,307,false
3704,2889,308,false
3705,2890,317,true
3706,2891,314,true
3707,2892,2752,false
3708,2893,2752,false
3709,2894,2752,false
3710,2895,315,true
3711,2896,2752,false
3712,2897,2752,false
3713,2898,311,true
3714,2899,312,false
3715,2899,318,false
3716,2900,312,true
3717,2901,313,true
3718,2902,315,true
3719,2903,314,true
3720,2904,315,true
3721,2905,316,true
3722,2906,317,true
3723,2907,318,true
3724,2908,311,true
3725,2909,2752,false
3726,2910,2752,false
3727,2911,2752,false
3728,2912,318,true
3729,2913,2752,false
3730,2914,2752,false
3731,2915,2752,false
3732,2916,313,true
3733,2917,318,true
3734,2918,317,true
3735,2919,313,true
3736,2920,318,true
3737,2921,315,true
3738,2922,314,true
3739,2923,314,true
3740,2924,315,true
3741,2925,318,true
3742,2926,2752,false
3743,2927,2752,false
3744,2928,312,false
3745,2928,318,false
3746,2929,314,true
3747,2930,315,true
3748,2931,315,true
3749,2932,2752,false
3750,2933,2752,false
3751,2934,2752,false
3752,2935,312,false
3753,2935,318,false
3754,2936,315,true
3755,2937,318,true
3756,2938,314,true
3757,2939,313,true
3758,2940,313,true
3759,2941,318,true
3760,2942,315,true
3761,2943,318,true
3762,2944,317,true
3763,2945,317,true
3764,2946,313,true
3765,2947,318,true
3766,2948,317,true
3767,2949,311,false
3768,2949,312,false
3769,2949,313,false
3770,2949,314,false
3771,2949,315,false
3772,2949,316,false
3773,2949,317,false
3774,2949,318,false
3775,2950,313,true
3776,2951,311,false
3777,2951,312,false
3778,2951,313,false
3779,2951,314,false
3780,2951,315,false
3781,2951,316,false
3782,2951,317,false
3783,2951,318,false
3784,2952,313,true
3785,2953,318,true
3786,2954,312,true
3787,2955,315,true
3788,2956,314,true
3789,2957,315,true
3790,2958,318,true
3791,2959,316,true
3792,2960,319,true
3793,2961,319,true
3794,2962,319,true
3795,2963,319,true
3796,2964,319,true
3797,2965,319,true
3798,2966,319,false
3799,2967,319,true
3800,2968,319,true
3801,2969,319,true
3802,2970,319,true
3803,2971,319,true
3804,2972,319,true
3805,2973,2429,false
3806,2974,2429,false
3807,2975,2429,false
3808,2976,2429,false
3809,2977,2429,false
3810,2978,2429,false
3811,2979,319,true
3812,2980,319,true
3813,2981,319,true
3814,2982,319,true
3815,2983,319,true
3816,2984,319,true
3817,2985,319,true
3818,2986,319,true
3819,2987,319,true
3820,2988,322,true
3821,2988,324,true
3822,2989,320,false
3823,2989,321,false
3824,2989,322,false
3825,2989,323,false
3826,2989,324,false
3827,2989,325,false
3828,2989,326,false
3829,2989,327,false
3830,2989,328,false
3831,2989,329,false
3832,2990,329,true
3833,2991,325,false
3834,2991,326,false
3835,2991,327,false
3836,2992,325,false
3837,2992,326,false
3838,2992,327,false
3839,2993,322,true
3840,2993,324,true
3841,2994,328,true
3842,2995,329,false
3843,2996,322,true
3844,2996,323,true
3845,2996,324,true
3846,2997,325,false
3847,2997,326,false
3848,2997,327,false
3849,2998,320,true
3850,2998,321,true
3851,2999,329,true
3852,3000,328,true
3853,3001,329,true
3854,3002,328,true
3855,3003,2430,false
3856,3004,2430,false
3857,3005,2430,false
3858,3006,2430,false
3859,3007,2430,false
3860,3008,2430,false
3861,3009,2430,false
3862,3010,2430,false
3863,3011,2430,false
3864,3012,2430,false
3865,3013,2430,false
3866,3014,2430,false
3867,3015,2430,false
3868,3016,2430,false
3869,3017,2430,false
3870,3018,2430,false
3871,3019,329,false
3872,3020,329,true
3873,3021,329,true
3874,3022,325,false
3875,3022,326,false
3876,3022,327,false
3877,3023,325,false
3878,3024,322,true
3879,3024,323,true
3880,3024,324,true
3881,3025,322,true
3882,3025,323,true
3883,3025,324,true
3884,3026,325,false
3885,3026,326,false
3886,3026,327,false
3887,3027,320,true
3888,3027,321,true
3889,3028,328,true
3890,3029,328,true
3891,3030,329,true
3892,3031,328,true
3893,3032,322,true
3894,3032,324,true
3895,3033,320,false
3896,3033,321,false
3897,3033,322,false
3898,3033,323,false
3899,3033,324,false
3900,3033,325,false
3901,3033,326,false
3902,3033,327,false
3903,3033,328,false
3904,3033,329,false
3905,3034,329,true
3906,3035,325,false
3907,3035,326,false
3908,3035,327,false
3909,3036,320,true
3910,3036,321,true
3911,3037,325,false
3912,3037,327,false
3913,3038,325,false
3914,3038,326,false
3915,3038,327,false
3916,3039,332,true
3917,3040,2432,false
3918,3041,2432,false
3919,3042,331,true
3920,3043,332,true
3921,3044,332,true
3922,3045,332,true
3923,3046,331,true
3924,3047,331,true
3925,3048,332,true
3926,3049,332,true
3927,3050,332,true
3928,3051,2432,false
3929,3052,2432,false
3930,3053,2432,false
3931,3054,332,true
3932,3055,332,true
3933,3056,331,false
3934,3056,332,false
3935,3057,331,false
3936,3057,332,false
3937,3058,331,true
3938,3059,332,true
3939,3060,333,true
3940,3061,333,true
3941,3062,335,true
3942,3062,338,true
3943,3063,335,true
3944,3063,340,true
3945,3064,335,true
3946,3064,345,true
3947,3065,335,true
3948,3065,346,true
3949,3066,2433,false
3950,3067,333,true
3951,3068,335,true
3952,3069,336,true
3953,3070,342,true
3954,3071,343,true
3955,3072,344,true
3956,3073,333,true
3957,3074,335,true
3958,3075,336,true
3959,3076,342,true
3960,3077,343,true
3961,3078,344,true
3962,3079,337,true
3963,3080,333,true
3964,3081,335,true
3965,3082,335,true
3966,3083,335,true
3967,3084,336,true
3968,3085,337,true
3969,3086,339,true
3970,3087,341,true
3971,3088,336,true
3972,3089,342,true
3973,3090,342,true
3974,3091,342,true
3975,3092,343,true
3976,3093,344,true
3977,3094,334,true
3978,3094,335,true
3979,3095,2433,false
3980,3096,2433,false
3981,3097,2433,false
3982,3098,2433,false
3983,3099,2433,false
3984,3100,2433,false
3985,3101,2433,false
3986,3102,2433,false
3987,3103,2433,false
3988,3104,2433,false
3989,3105,2433,false
3990,3106,2433,false
3991,3107,341,true
3992,3108,333,true
3993,3109,333,true
3994,3110,335,true
3995,3110,338,true
3996,3111,335,true
3997,3111,340,true
3998,3112,335,true
3999,3112,345,true
4000,3113,335,true
4001,3113,346,true
4002,3114,342,true
4003,3115,344,true
4004,3116,334,true
4005,3116,335,true
4006,3117,335,true
4007,3118,342,true
4008,3119,344,true
4009,3120,335,true
4010,3121,342,true
4011,3122,344,true
4012,3123,2433,false
4013,3124,334,false
4014,3124,335,false
4015,3124,338,false
4016,3124,340,false
4017,3124,342,false
4018,3124,343,false
4019,3124,344,false
4020,3124,345,false
4021,3124,346,false
4022,3125,344,true
4023,3126,334,false
4024,3126,335,false
4025,3126,338,false
4026,3126,340,false
4027,3126,342,false
4028,3126,343,false
4029,3126,344,false
4030,3126,345,false
4031,3126,346,false
4032,3127,333,true
4033,3128,333,true
4034,3129,333,true
4035,3130,333,true
4036,3131,335,true
4037,3132,335,true
4038,3133,335,true
4039,3133,338,true
4040,3134,335,true
4041,3134,340,true
4042,3135,335,true
4043,3135,345,true
4044,3136,337,true
4045,3137,342,true
4046,3138,343,true
4047,3139,344,true
4048,3140,2550,false
4049,3141,348,true
4050,3142,349,false
4051,3142,350,false
4052,3142,351,false
4053,3143,350,false
4054,3143,351,false
4055,3144,2550,false
4056,3145,2550,false
4057,3146,348,false
4058,3147,349,true
4059,3148,2550,false
4060,3149,350,true
4061,3150,351,true
4062,3151,2550,false
4063,3152,2550,false
4064,3153,348,true
4065,3154,349,true
4066,3155,2550,false
4067,3156,350,true
4068,3157,351,true
4069,3158,2550,false
4070,3159,351,false
4071,3160,2550,false
4072,3161,2550,false
4073,3162,348,false
4074,3162,349,false
4075,3162,350,false
4076,3162,351,false
4077,3163,2550,false
4078,3164,2550,false
4079,3165,2550,false
4080,3166,351,false
4081,3167,348,false
4082,3167,349,false
4083,3167,350,false
4084,3167,351,false
4085,3168,348,false
4086,3168,349,false
4087,3168,350,false
4088,3168,351,false
4089,3169,349,true
4090,3169,350,false
4091,3169,351,false
4092,3170,350,true
4093,3171,351,true
4094,3172,360,true
4095,3173,2551,false
4096,3174,2551,false
4097,3175,2551,false
4098,3176,352,true
4099,3177,360,true
4100,3178,360,true
4101,3179,352,true
4102,3179,359,true
4103,3180,353,true
4104,3180,356,true
4105,3181,354,true
4106,3181,355,true
4107,3182,355,true
4108,3183,356,true
4109,3184,357,true
4110,3184,358,true
4111,3185,358,true
4112,3186,359,true
4113,3186,361,true
4114,3187,361,true
4115,3188,362,true
4116,3189,362,true
4117,3190,363,true
4118,3191,356,true
4119,3191,364,true
4120,3192,356,true
4121,3193,359,true
4122,3194,367,true
4123,3195,368,true
4124,3196,352,false
4125,3196,353,false
4126,3196,354,false
4127,3196,355,false
4128,3196,356,false
4129,3196,357,false
4130,3196,358,false
4131,3196,359,false
4132,3196,361,false
4133,3196,362,false
4134,3196,363,false
4135,3196,364,false
4136,3196,366,false
4137,3196,367,false
4138,3196,368,false
4139,3197,352,true
4140,3198,353,true
4141,3199,354,true
4142,3200,355,true
4143,3201,356,true
4144,3202,357,true
4145,3203,358,true
4146,3204,359,true
4147,3205,361,true
4148,3206,362,true
4149,3207,362,true
4150,3208,363,true
4151,3209,364,true
4152,3210,366,true
4153,3211,352,true
4154,3212,367,true
4155,3213,368,true
4156,3214,352,false
4157,3214,353,false
4158,3214,354,false
4159,3214,355,false
4160,3214,356,false
4161,3214,357,false
4162,3214,358,false
4163,3214,359,false
4164,3214,361,false
4165,3214,362,false
4166,3214,363,false
4167,3214,364,false
4168,3214,366,false
4169,3214,367,false
4170,3214,368,false
4171,3215,2551,false
4172,3216,352,true
4173,3217,353,true
4174,3218,356,true
4175,3219,359,true
4176,3220,360,true
4177,3221,360,true
4178,3222,361,true
4179,3223,362,true
4180,3224,362,true
4181,3225,363,true
4182,3226,364,true
4183,3227,365,true
4184,3228,366,true
4185,3229,352,true
4186,3230,367,true
4187,3231,352,true
4188,3232,354,true
4189,3233,355,true
4190,3234,357,true
4191,3235,358,true
4192,3236,368,true
4193,3237,2551,false
4194,3238,2551,false
4195,3239,2551,false
4196,3240,2551,false
4197,3241,2551,false
4198,3242,2551,false
4199,3243,2551,false
4200,3244,2551,false
4201,3245,2551,false
4202,3246,2551,false
4203,3247,2551,false
4204,3248,2551,false
4205,3249,2551,false
4206,3250,2551,false
4207,3251,2551,false
4208,3252,2551,false
4209,3253,2551,false
4210,3254,2551,false
4211,3255,2551,false
4212,3256,2551,false
4213,3257,2551,false
4214,3258,2551,false
4215,3259,352,false
4216,3259,353,false
4217,3259,354,false
4218,3259,355,false
4219,3259,356,false
4220,3259,357,false
4221,3259,358,false
4222,3259,359,false
4223,3259,361,false
4224,3259,362,false
4225,3259,363,false
4226,3259,364,false
4227,3259,366,false
4228,3259,367,false
4229,3259,368,false
4230,3260,2551,false
4231,3261,2551,false
4232,3262,365,true
4233,3262,366,true
4234,3263,360,true
4235,3264,360,true
4236,3265,352,true
4237,3266,352,true
4238,3267,368,true
4239,3268,360,true
4240,3269,360,true
4241,3270,368,true
4242,3271,362,true
4243,3272,368,true
4244,3273,352,true
4245,3274,360,true
4246,3275,362,true
4247,3276,2551,false
4248,3277,360,true
4249,3278,2551,false
4250,3279,352,true
4251,3280,352,true
4252,3281,353,true
4253,3282,354,true
4254,3282,355,true
4255,3283,355,true
4256,3284,356,true
4257,3285,357,true
4258,3285,358,true
4259,3286,358,true
4260,3287,359,true
4261,3288,360,true
4262,3289,361,true
4263,3290,362,true
4264,3291,362,true
4265,3292,363,true
4266,3293,364,true
4267,3294,364,true
4268,3295,366,true
4269,3296,367,true
4270,3297,369,true
4271,3298,2381,false
4272,3299,2381,false
4273,3300,2381,false
4274,3301,369,true
4275,3302,371,true
4276,3303,369,true
4277,3304,370,true
4278,3305,371,true
4279,3306,2381,false
4280,3307,2381,false
4281,3308,2381,false
4282,3309,369,false
4283,3309,370,false
4284,3309,371,false
4285,3310,369,true
4286,3311,369,true
4287,3312,369,false
4288,3312,370,false
4289,3312,371,false
4290,3313,369,false
4291,3313,370,false
4292,3313,371,false
4293,3314,369,true
4294,3315,371,true
4295,3316,372,true
4296,3316,373,true
4297,3316,375,true
4298,3316,376,true
4299,3317,372,true
4300,3317,373,true
4301,3318,373,true
4302,3319,372,true
4303,3319,373,true
4304,3319,375,true
4305,3319,376,true
4306,3320,372,true
4307,3320,373,true
4308,3320,376,true
4309,3321,372,true
4310,3321,373,true
4311,3322,373,true
4312,3323,372,true
4313,3323,373,true
4314,3323,374,true
4315,3324,372,true
4316,3324,373,true
4317,3324,376,true
4318,3325,372,true
4319,3325,373,true
4320,3325,376,true
4321,3325,377,true
4322,3326,372,true
4323,3326,373,true
4324,3327,373,true
4325,3328,372,true
4326,3328,373,true
4327,3328,374,true
4328,3329,372,true
4329,3329,373,true
4330,3329,375,true
4331,3329,376,true
4332,3330,376,true
4333,3331,376,true
4334,3332,372,true
4335,3332,373,true
4336,3332,376,true
4337,3333,372,true
4338,3333,373,true
4339,3333,376,true
4340,3333,377,true
4341,3334,376,true
4342,3335,2434,false
4343,3336,373,true
4344,3337,373,true
4345,3338,372,true
4346,3338,373,true
4347,3339,372,false
4348,3339,373,false
4349,3339,375,false
4350,3339,376,false
4351,3340,372,true
4352,3340,373,true
4353,3340,374,true
4354,3341,372,true
4355,3342,372,true
4356,3342,373,true
4357,3342,376,true
4358,3342,377,true
4359,3343,372,true
4360,3343,373,true
4361,3344,372,true
4362,3344,373,true
4363,3344,376,true
4364,3345,372,false
4365,3345,373,false
4366,3345,375,false
4367,3345,376,false
4368,3346,372,false
4369,3346,373,false
4370,3346,375,false
4371,3346,376,false
4372,3347,372,true
4373,3347,373,true
4374,3348,373,true
4375,3349,372,true
4376,3349,373,true
4377,3349,376,true
4378,3350,380,true
4379,3351,2552,false
4380,3352,2552,false
4381,3353,2552,false
4382,3354,378,true
4383,3355,379,true
4384,3356,380,true
4385,3357,378,true
4386,3358,379,true
4387,3359,380,true
4388,3360,2552,false
4389,3361,2552,false
4390,3362,2552,false
4391,3363,378,false
4392,3363,379,false
4393,3363,380,false
4394,3364,378,false
4395,3364,379,false
4396,3364,380,false
4397,3365,378,false
4398,3365,379,false
4399,3365,380,false
4400,3366,380,true
4401,3367,2382,false
4402,3368,381,true
4403,3369,381,true
4404,3370,381,true
4405,3371,381,true
4406,3372,381,true
4407,3373,383,true
4408,3374,381,true
4409,3375,383,true
4410,3376,381,true
4411,3377,381,true
4412,3378,381,true
4413,3379,381,true
4414,3380,383,true
4415,3381,2382,false
4416,3382,382,false
4417,3383,381,false
4418,3384,381,true
4419,3385,381,true
4420,3386,381,true
4421,3387,381,true
4422,3388,383,true
4423,3389,381,true
4424,3390,381,true
4425,3391,381,false
4426,3392,381,false
4427,3393,384,true
4428,3394,386,true
4429,3395,2753,false
4430,3396,2753,false
4431,3397,386,true
4432,3398,2753,false
4433,3399,2753,false
4434,3400,2753,false
4435,3401,384,true
4436,3402,384,true
4437,3403,385,true
4438,3404,386,true
4439,3405,386,true
4440,3405,387,true
4441,3406,388,true
4442,3407,389,true
4443,3408,390,true
4444,3409,384,true
4445,3410,385,true
4446,3411,388,true
4447,3412,389,true
4448,3413,390,true
4449,3414,384,true
4450,3415,384,true
4451,3416,386,true
4452,3417,386,true
4453,3417,387,true
4454,3418,2753,false
4455,3419,2753,false
4456,3420,2753,false
4457,3421,2753,false
4458,3422,386,true
4459,3423,2753,false
4460,3424,384,false
4461,3424,385,false
4462,3424,386,false
4463,3424,389,false
4464,3424,390,false
4465,3425,2753,false
4466,3426,384,true
4467,3427,2753,false
4468,3428,384,true
4469,3429,384,true
4470,3430,384,false
4471,3430,385,false
4472,3430,386,false
4473,3430,389,false
4474,3430,390,false
4475,3431,384,false
4476,3431,385,false
4477,3431,386,false
4478,3431,389,false
4479,3431,390,false
4480,3432,384,true
4481,3433,385,true
4482,3434,388,true
4483,3435,389,true
4484,3436,390,true
4485,3437,396,false
4486,3437,397,true
4487,3437,399,false
4488,3437,402,false
4489,3438,392,true
4490,3438,398,true
4491,3439,2435,false
4492,3440,2435,false
4493,3441,392,true
4494,3442,2435,false
4495,3443,2435,false
4496,3444,396,false
4497,3444,402,false
4498,3445,2435,false
4499,3446,2435,false
4500,3447,2435,false
4501,3448,396,false
4502,3448,399,false
4503,3448,400,true
4504,3449,2435,false
4505,3450,400,true
4506,3451,2435,false
4507,3452,2435,false
4508,3453,392,true
4509,3454,392,true
4510,3455,392,true
4511,3456,392,true
4512,3457,396,false
4513,3457,397,false
4514,3458,2435,false
4515,3459,394,true
4516,3460,2435,false
4517,3461,395,true
4518,3462,395,true
4519,3463,397,true
4520,3464,398,true
4521,3465,398,true
4522,3466,399,true
4523,3467,2435,false
4524,3468,400,true
4525,3469,401,true
4526,3470,400,true
4527,3471,395,false
4528,3471,396,false
4529,3471,397,false
4530,3471,402,false
4531,3472,2435,false
4532,3473,403,true
4533,3474,2435,false
4534,3475,2435,false
4535,3476,2435,false
4536,3477,392,false
4537,3478,396,false
4538,3478,397,false
4539,3479,394,false
4540,3480,2435,false
4541,3481,395,false
4542,3482,395,true
4543,3483,396,false
4544,3484,397,false
4545,3485,398,false
4546,3486,399,true
4547,3487,399,false
4548,3488,401,false
4549,3489,2435,false
4550,3490,400,true
4551,3491,2435,false
4552,3492,2435,false
4553,3493,400,true
4554,3494,400,false
4555,3495,402,false
4556,3496,2435,false
4557,3497,403,false
4558,3498,396,false
4559,3498,397,true
4560,3498,399,false
4561,3498,402,false
4562,3499,392,true
4563,3499,398,true
4564,3500,400,true
4565,3501,398,true
4566,3502,395,false
4567,3502,396,false
4568,3502,397,false
4569,3502,402,false
4570,3503,2435,false
4571,3504,2435,false
4572,3505,397,true
4573,3506,398,true
4574,3507,400,true
4575,3508,392,false
4576,3508,394,false
4577,3508,395,false
4578,3508,396,false
4579,3508,397,false
4580,3508,398,false
4581,3508,399,false
4582,3508,400,false
4583,3508,401,false
4584,3508,402,false
4585,3508,403,false
4586,3509,396,false
4587,3509,397,false
4588,3510,393,true
4589,3511,395,true
4590,3512,398,true
4591,3513,400,true
4592,3514,395,false
4593,3514,396,false
4594,3514,397,false
4595,3514,402,false
4596,3515,396,true
4597,3516,402,true
4598,3517,395,false
4599,3517,397,false
4600,3517,400,false
4601,3518,2435,false
4602,3519,392,false
4603,3519,396,false
4604,3519,397,false
4605,3519,402,false
4606,3520,392,false
4607,3520,396,false
4608,3520,397,false
4609,3520,398,false
4610,3521,392,false
4611,3521,394,true
4612,3522,392,false
4613,3522,394,true
4614,3523,392,false
4615,3523,396,false
4616,3523,397,false
4617,3523,398,false
4618,3523,399,false
4619,3523,402,false
4620,3524,392,false
4621,3524,396,false
4622,3524,397,false
4623,3524,398,false
4624,3524,402,false
4625,3525,392,false
4626,3525,396,false
4627,3525,397,false
4628,3526,398,true
4629,3527,392,true
4630,3528,392,true
4631,3529,392,true
4632,3530,2435,false
4633,3531,2435,false
4634,3532,2435,false
4635,3533,2435,false
4636,3534,2435,false
4637,3535,400,true
4638,3536,392,false
4639,3536,394,false
4640,3536,395,false
4641,3536,396,false
4642,3536,397,false
4643,3536,398,false
4644,3536,399,false
4645,3536,400,false
4646,3536,401,false
4647,3536,402,false
4648,3536,403,false
4649,3537,392,false
4650,3537,394,false
4651,3537,395,false
4652,3537,396,false
4653,3537,397,false
4654,3537,398,false
4655,3537,399,false
4656,3537,400,false
4657,3537,401,false
4658,3537,402,false
4659,3537,403,false
4660,3538,392,true
4661,3539,394,true
4662,3540,395,false
4663,3540,396,true
4664,3541,395,false
4665,3541,397,true
4666,3542,398,true
4667,3543,398,true
4668,3544,399,true
4669,3545,402,true
4670,3546,403,true
4671,3547,2754,false
4672,3548,405,true
4673,3549,405,true
4674,3550,405,true
4675,3551,405,true
4676,3552,405,true
4677,3553,405,true
4678,3554,404,true
4679,3555,405,true
4680,3556,405,true
4681,3557,405,true
4682,3558,405,true
4683,3559,404,true
4684,3560,404,true
4685,3561,404,true
4686,3562,405,true
4687,3563,405,true
4688,3564,404,true
4689,3565,405,true
4690,3566,2754,false
4691,3567,404,false
4692,3567,405,false
4693,3568,405,true
4694,3569,405,true
4695,3570,405,true
4696,3571,405,true
4697,3572,404,true
4698,3573,405,true
4699,3574,405,true
4700,3575,404,true
4701,3576,404,true
4702,3577,405,true
4703,3578,404,true
4704,3579,404,false
4705,3579,405,false
4706,3580,404,false
4707,3580,405,false
4708,3581,404,true
4709,3582,405,true
4710,3583,405,true
4711,3584,405,true
4712,3585,2755,false
4713,3586,408,true
4714,3587,2755,false
4715,3588,2755,false
4716,3589,2755,false
4717,3590,2755,false
4718,3591,406,true
4719,3592,407,true
4720,3593,408,true
4721,3594,2755,false
4722,3595,410,true
4723,3596,408,true
4724,3597,406,true
4725,3598,406,true
4726,3599,407,true
4727,3600,408,true
4728,3601,408,true
4729,3602,408,true
4730,3603,2755,false
4731,3604,409,true
4732,3605,410,true
4733,3606,406,true
4734,3607,2755,false
4735,3608,2755,false
4736,3609,408,true
4737,3610,2755,false
4738,3611,2755,false
4739,3612,2755,false
4740,3613,2755,false
4741,3614,2755,false
4742,3615,406,true
4743,3616,408,true
4744,3617,406,false
4745,3617,407,false
4746,3617,408,false
4747,3617,409,false
4748,3617,410,false
4749,3618,406,false
4750,3618,407,false
4751,3618,408,false
4752,3618,409,false
4753,3618,410,false
4754,3619,406,true
4755,3620,407,true
4756,3621,408,true
4757,3622,410,true
4758,3623,2755,false
4759,3624,2755,false
4760,3625,411,true
4761,3625,413,true
4762,3626,413,true
4763,3627,413,true
4764,3628,413,true
4765,3629,411,true
4766,3630,412,true
4767,3631,412,true
4768,3632,413,true
4769,3633,414,true
4770,3634,413,true
4771,3635,2384,false
4772,3636,2384,false
4773,3637,412,true
4774,3638,412,true
4775,3639,2384,false
4776,3640,2384,false
4777,3641,411,false
4778,3641,412,false
4779,3641,413,false
4780,3642,413,true
4781,3643,2384,false
4782,3644,412,true
4783,3644,413,true
4784,3645,412,true
4785,3646,411,false
4786,3646,412,false
4787,3646,413,false
4788,3647,411,false
4789,3647,412,false
4790,3647,413,false
4791,3648,411,false
4792,3648,413,true
4793,3649,414,true
4794,3650,413,true
4795,3651,2756,false
4796,3652,2756,false
4797,3653,418,true
4798,3654,418,true
4799,3655,415,true
4800,3656,2756,false
4801,3657,416,true
4802,3658,417,true
4803,3659,418,true
4804,3660,2756,false
4805,3661,2756,false
4806,3662,2756,false
4807,3663,2756,false
4808,3664,415,true
4809,3665,416,true
4810,3666,2756,false
4811,3667,416,true
4812,3668,416,true
4813,3669,417,true
4814,3670,418,true
4815,3671,2756,false
4816,3672,416,true
4817,3673,2756,false
4818,3674,2756,false
4819,3675,2756,false
4820,3676,416,true
4821,3677,2756,false
4822,3678,2756,false
4823,3679,2756,false
4824,3680,2756,false
4825,3681,418,true
4826,3682,2756,false
4827,3683,416,true
4828,3684,2756,false
4829,3685,2756,false
4830,3686,415,true
4831,3687,2756,false
4832,3688,416,true
4833,3689,417,true
4834,3690,418,true
4835,3691,415,false
4836,3691,416,false
4837,3691,417,false
4838,3691,418,false
4839,3692,415,false
4840,3692,416,false
4841,3692,417,false
4842,3692,418,false
4843,3693,2555,false
4844,3694,2555,false
4845,3695,2555,false
4846,3696,2555,false
4847,3697,2555,false
4848,3698,421,true
4849,3699,421,true
4850,3700,2385,false
4851,3701,421,true
4852,3702,2385,false
4853,3703,2385,false
4854,3704,2385,false
4855,3705,422,true
4856,3706,419,true
4857,3707,422,true
4858,3708,419,true
4859,3709,419,true
4860,3710,420,true
4861,3711,419,true
4862,3712,421,true
4863,3713,422,true
4864,3714,421,true
4865,3715,422,true
4866,3716,421,true
4867,3717,2385,false
4868,3718,419,true
4869,3719,419,true
4870,3720,420,true
4871,3721,419,true
4872,3722,419,true
4873,3723,421,true
4874,3724,422,true
4875,3725,421,true
4876,3726,422,true
4877,3727,2385,false
4878,3728,2385,false
4879,3729,2385,false
4880,3730,2385,false
4881,3731,2385,false
4882,3732,2385,false
4883,3733,422,true
4884,3734,419,true
4885,3735,419,true
4886,3736,2385,false
4887,3737,422,true
4888,3738,419,true
4889,3739,419,false
4890,3739,420,false
4891,3740,2385,false
4892,3741,421,true
4893,3742,421,true
4894,3743,419,false
4895,3743,420,false
4896,3744,419,false
4897,3744,420,false
4898,3745,419,true
4899,3746,419,true
4900,3747,420,true
4901,3748,419,true
4902,3749,419,true
4903,3750,422,true
4904,3751,421,true
4905,3752,422,true
4906,3753,2385,false
4907,3754,424,false
4908,3754,431,true
4909,3754,438,true
4910,3754,441,true
4911,3755,426,true
4912,3755,438,true
4913,3756,424,false
4914,3756,431,true
4915,3756,438,true
4916,3756,441,true
4917,3757,424,false
4918,3757,431,true
4919,3757,438,true
4920,3757,441,true
4921,3758,424,false
4922,3758,431,true
4923,3758,438,true
4924,3758,441,true
4925,3759,423,true
4926,3760,428,true
4927,3761,2436,false
4928,3762,432,true
4929,3763,435,true
4930,3764,424,false
4931,3764,431,true
4932,3764,438,true
4933,3764,441,true
4934,3765,2436,false
4935,3766,431,true
4936,3766,438,true
4937,3766,441,true
4938,3767,443,true
4939,3768,446,true
4940,3769,435,true
4941,3770,424,false
4942,3770,431,true
4943,3770,438,true
4944,3770,441,true
4945,3771,430,true
4946,3772,430,true
4947,3773,436,true
4948,3774,440,true
4949,3775,2436,false
4950,3776,423,true
4951,3777,424,true
4952,3777,438,true
4953,3778,2436,false
4954,3779,431,true
4955,3779,438,true
4956,3779,441,true
4957,3780,427,false
4958,3780,438,true
4959,3781,2436,false
4960,3782,2436,false
4961,3783,2436,false
4962,3784,424,false
4963,3784,431,true
4964,3784,438,true
4965,3785,2436,false
4966,3786,2436,false
4967,3787,424,true
4968,3787,426,true
4969,3787,431,true
4970,3787,433,true
4971,3788,424,true
4972,3788,426,true
4973,3788,431,true
4974,3788,434,true
4975,3789,424,true
4976,3789,426,true
4977,3789,431,true
4978,3790,435,true
4979,3791,2436,false
4980,3792,424,false
4981,3792,431,true
4982,3792,438,true
4983,3792,441,true
4984,3793,424,false
4985,3793,431,true
4986,3793,438,true
4987,3793,441,true
4988,3794,437,true
4989,3795,437,true
4990,3795,439,true
4991,3796,2436,false
4992,3797,2436,false
4993,3798,440,true
4994,3799,424,false
4995,3799,431,true
4996,3799,438,true
4997,3799,441,true
4998,3800,431,true
4999,3800,438,true
5000,3800,441,true
5001,3801,443,true
5002,3802,444,true
5003,3803,424,false
5004,3803,431,true
5005,3803,438,true
5006,3804,446,true
5007,3805,423,true
5008,3806,424,false
5009,3806,438,true
5010,3807,2436,false
5011,3808,424,false
5012,3808,431,true
5013,3808,438,true
5014,3808,441,true
5015,3809,424,false
5016,3809,431,true
5017,3809,438,true
5018,3809,441,true
5019,3810,431,true
5020,3810,438,true
5021,3810,441,true
5022,3811,426,true
5023,3811,438,true
5024,3812,427,true
5025,3813,428,true
5026,3814,2436,false
5027,3815,430,true
5028,3816,424,false
5029,3816,431,true
5030,3816,438,true
5031,3816,441,true
5032,3816,445,true
5033,3817,432,true
5034,3818,2436,false
5035,3819,433,true
5036,3820,424,true
5037,3820,426,true
5038,3820,431,true
5039,3820,434,true
5040,3821,424,true
5041,3821,426,true
5042,3821,431,true
5043,3822,435,true
5044,3823,436,true
5045,3824,424,false
5046,3824,431,true
5047,3824,438,true
5048,3824,441,true
5049,3825,424,false
5050,3825,431,true
5051,3825,438,true
5052,3825,441,true
5053,3826,437,true
5054,3827,424,false
5055,3827,431,false
5056,3827,438,true
5057,3827,441,false
5058,3828,437,true
5059,3828,439,true
5060,3829,437,true
5061,3829,439,true
5062,3830,2436,false
5063,3831,440,true
5064,3832,424,false
5065,3832,431,true
5066,3832,438,true
5067,3832,441,true
5068,3833,431,true
5069,3833,438,true
5070,3833,441,true
5071,3834,424,false
5072,3834,431,true
5073,3834,438,true
5074,3834,441,true
5075,3835,443,true
5076,3836,444,true
5077,3837,424,false
5078,3837,431,true
5079,3837,438,true
5080,3837,445,true
5081,3838,446,true
5082,3839,2436,false
5083,3840,427,false
5084,3841,426,true
5085,3841,427,false
5086,3841,438,true
5087,3842,2436,false
5088,3843,433,true
5089,3844,424,false
5090,3844,438,true
5091,3845,423,true
5092,3846,423,true
5093,3847,423,true
5094,3848,424,false
5095,3848,438,true
5096,3849,438,true
5097,3850,424,false
5098,3850,438,true
5099,3851,2436,false
5100,3852,2436,false
5101,3853,424,false
5102,3853,431,true
5103,3853,438,true
5104,3853,441,true
5105,3854,424,false
5106,3854,431,true
5107,3854,438,true
5108,3854,441,true
5109,3855,2436,false
5110,3856,2436,false
5111,3857,2436,false
5112,3858,425,true
5113,3859,426,true
5114,3859,438,true
5115,3860,426,true
5116,3860,438,true
5117,3861,428,true
5118,3862,2436,false
5119,3863,2436,false
5120,3864,2436,false
5121,3865,440,true
5122,3866,438,true
5123,3867,2436,false
5124,3868,430,true
5125,3868,435,true
5126,3869,430,true
5127,3869,435,true
5128,3870,430,true
5129,3871,430,true
5130,3872,430,true
5131,3873,430,true
5132,3874,424,false
5133,3874,431,true
5134,3874,438,true
5135,3875,424,false
5136,3875,431,true
5137,3875,438,true
5138,3876,2436,false
5139,3877,432,true
5140,3878,2436,false
5141,3879,424,true
5142,3879,426,false
5143,3879,427,false
5144,3880,2436,false
5145,3881,2436,false
5146,3882,2436,false
5147,3883,2436,false
5148,3884,2436,false
5149,3885,424,true
5150,3885,426,true
5151,3885,431,true
5152,3885,434,true
5153,3886,424,true
5154,3886,426,true
5155,3886,431,true
5156,3887,435,true
5157,3888,2436,false
5158,3889,435,true
5159,3890,435,true
5160,3891,435,true
5161,3892,2436,false
5162,3893,2436,false
5163,3894,436,true
5164,3895,436,true
5165,3896,436,true
5166,3897,436,true
5167,3898,2436,false
5168,3899,2436,false
5169,3900,424,false
5170,3900,431,true
5171,3900,438,true
5172,3900,441,true
5173,3901,424,false
5174,3901,431,true
5175,3901,438,true
5176,3901,441,true
5177,3902,424,false
5178,3902,431,true
5179,3902,438,true
5180,3902,441,true
5181,3903,2436,false
5182,3904,2436,false
5183,3905,2436,false
5184,3906,2436,false
5185,3907,437,true
5186,3908,438,true
5187,3909,424,false
5188,3909,431,false
5189,3909,438,true
5190,3909,441,false
5191,3910,437,true
5192,3910,439,true
5193,3911,437,true
5194,3911,439,true
5195,3912,437,false
5196,3912,439,false
5197,3913,437,true
5198,3913,439,true
5199,3914,2436,false
5200,3915,2436,false
5201,3916,440,true
5202,3917,440,true
5203,3918,2436,false
5204,3919,2436,false
5205,3920,2436,false
5206,3921,2436,false
5207,3922,2436,false
5208,3923,2436,false
5209,3924,440,true
5210,3925,2436,false
5211,3926,2436,false
5212,3927,424,false
5213,3927,431,true
5214,3927,438,true
5215,3927,441,true
5216,3928,431,true
5217,3928,438,true
5218,3928,441,true
5219,3929,424,false
5220,3929,431,true
5221,3929,438,true
5222,3929,441,true
5223,3930,424,false
5224,3930,431,true
5225,3930,438,true
5226,3930,441,true
5227,3931,424,false
5228,3931,431,true
5229,3931,438,true
5230,3931,441,true
5231,3932,423,false
5232,3932,424,false
5233,3932,426,false
5234,3932,427,false
5235,3932,428,false
5236,3932,429,false
5237,3932,431,false
5238,3932,432,false
5239,3932,435,false
5240,3932,443,false
5241,3932,444,false
5242,3932,446,false
5243,3933,443,true
5244,3934,2436,false
5245,3935,444,true
5246,3936,424,false
5247,3936,431,true
5248,3936,438,true
5249,3936,445,true
5250,3937,424,false
5251,3937,431,true
5252,3937,438,true
5253,3937,445,true
5254,3938,446,true
5255,3939,446,true
5256,3940,446,true
5257,3941,446,true
5258,3942,2436,false
5259,3943,2436,false
5260,3944,438,true
5261,3945,2436,false
5262,3946,2436,false
5263,3947,2436,false
5264,3948,2436,false
5265,3949,428,true
5266,3950,2436,false
5267,3951,430,true
5268,3952,430,true
5269,3953,430,true
5270,3954,430,true
5271,3955,2436,false
5272,3956,426,true
5273,3956,427,false
5274,3956,438,true
5275,3957,424,true
5276,3957,426,true
5277,3957,431,true
5278,3957,434,true
5279,3958,435,true
5280,3959,2436,false
5281,3960,436,true
5282,3961,2436,false
5283,3962,437,true
5284,3962,439,true
5285,3963,437,false
5286,3964,2436,false
5287,3965,440,true
5288,3966,431,true
5289,3966,438,true
5290,3966,441,true
5291,3967,2436,false
5292,3968,2436,false
5293,3969,2436,false
5294,3970,2436,false
5295,3971,433,true
5296,3972,446,true
5297,3973,438,true
5298,3974,430,true
5299,3974,435,true
5300,3975,430,true
5301,3975,435,true
5302,3976,424,false
5303,3976,431,false
5304,3976,438,true
5305,3976,441,false
5306,3977,437,false
5307,3977,439,false
5308,3978,446,true
5309,3979,437,false
5310,3979,439,false
5311,3980,426,true
5312,3980,427,false
5313,3980,438,true
5314,3981,427,true
5315,3982,437,true
5316,3982,439,true
5317,3983,437,false
5318,3983,439,false
5319,3984,424,false
5320,3984,431,true
5321,3984,438,true
5322,3984,441,true
5323,3985,2436,false
5324,3986,2436,false
5325,3987,446,true
5326,3988,2436,false
5327,3989,440,true
5328,3990,424,false
5329,3990,431,true
5330,3990,438,true
5331,3990,441,true
5332,3991,2436,false
5333,3992,2436,false
5334,3993,423,true
5335,3994,431,true
5336,3994,438,true
5337,3994,441,true
5338,3995,431,true
5339,3995,438,true
5340,3995,441,true
5341,3996,2436,false
5342,3997,428,true
5343,3998,2436,false
5344,3999,430,true
5345,4000,430,true
5346,4001,436,true
5347,4002,436,true
5348,4003,435,true
5349,4004,435,true
5350,4005,436,true
5351,4006,436,true
5352,4007,2436,false
5353,4008,443,true
5354,4009,446,true
5355,4010,431,true
5356,4010,438,true
5357,4010,441,true
5358,4011,431,true
5359,4011,438,true
5360,4011,441,true
5361,4012,428,true
5362,4013,2436,false
5363,4014,435,true
5364,4015,440,true
5365,4016,443,true
5366,4017,446,true
5367,4018,423,false
5368,4018,424,false
5369,4018,426,false
5370,4018,427,false
5371,4018,428,false
5372,4018,429,false
5373,4018,430,false
5374,4018,431,false
5375,4018,432,false
5376,4018,433,false
5377,4018,434,false
5378,4018,435,false
5379,4018,436,false
5380,4018,437,false
5381,4018,439,false
5382,4018,440,false
5383,4018,443,false
5384,4018,444,false
5385,4018,446,false
5386,4019,2436,false
5387,4020,426,false
5388,4020,427,false
5389,4021,423,false
5390,4021,424,false
5391,4021,426,false
5392,4021,427,false
5393,4021,428,false
5394,4021,429,false
5395,4021,430,false
5396,4021,431,false
5397,4021,432,false
5398,4021,433,false
5399,4021,434,false
5400,4021,435,false
5401,4021,436,false
5402,4021,437,false
5403,4021,439,false
5404,4021,440,false
5405,4021,443,false
5406,4021,444,false
5407,4021,446,false
5408,4022,423,true
5409,4023,424,false
5410,4023,438,true
5411,4024,2436,false
5412,4025,424,false
5413,4025,431,true
5414,4025,438,true
5415,4025,441,true
5416,4026,424,false
5417,4026,431,true
5418,4026,438,true
5419,4026,441,true
5420,4027,431,true
5421,4027,438,true
5422,4027,441,true
5423,4028,426,true
5424,4028,427,false
5425,4028,438,true
5426,4029,428,true
5427,4030,2436,false
5428,4031,430,true
5429,4032,424,false
5430,4032,431,true
5431,4032,438,true
5432,4033,432,true
5433,4034,2436,false
5434,4035,424,true
5435,4035,426,true
5436,4035,431,true
5437,4035,434,true
5438,4036,424,true
5439,4036,426,true
5440,4036,431,true
5441,4037,435,true
5442,4038,435,true
5443,4039,436,true
5444,4040,424,false
5445,4040,431,true
5446,4040,438,true
5447,4040,441,true
5448,4041,437,true
5449,4042,437,true
5450,4042,439,true
5451,4043,435,true
5452,4044,424,false
5453,4044,431,true
5454,4044,438,true
5455,4044,441,true
5456,4045,431,true
5457,4045,438,true
5458,4045,441,true
5459,4046,443,true
5460,4047,444,true
5461,4048,424,false
5462,4048,431,true
5463,4048,438,true
5464,4048,445,true
5465,4049,446,true
5466,4050,435,true
5467,4051,2436,false
5468,4052,450,true
5469,4053,2556,false
5470,4054,2556,false
5471,4055,2556,false
5472,4056,2556,false
5473,4057,2556,false
5474,4058,2556,false
5475,4059,2556,false
5476,4060,447,true
5477,4061,448,true
5478,4062,449,true
5479,4063,450,true
5480,4064,451,true
5481,4065,452,true
5482,4066,447,true
5483,4067,448,true
5484,4068,448,true
5485,4069,449,true
5486,4070,450,true
5487,4071,451,true
5488,4072,452,true
5489,4073,2556,false
5490,4074,448,true
5491,4075,2556,false
5492,4076,2556,false
5493,4077,450,true
5494,4078,2556,false
5495,4079,2556,false
5496,4080,2556,false
5497,4081,447,false
5498,4081,448,false
5499,4081,449,false
5500,4081,450,false
5501,4081,451,false
5502,4081,452,false
5503,4082,450,true
5504,4083,449,true
5505,4084,448,true
5506,4085,449,true
5507,4086,448,true
5508,4087,447,false
5509,4087,448,false
5510,4087,449,false
5511,4087,450,false
5512,4087,451,false
5513,4087,452,false
5514,4088,447,false
5515,4088,448,false
5516,4088,449,false
5517,4088,450,false
5518,4088,451,false
5519,4088,452,false
5520,4089,447,true
5521,4090,448,true
5522,4091,449,true
5523,4092,450,true
5524,4093,448,true
5525,4094,451,true
5526,4095,452,true
5527,4096,455,true
5528,4097,2557,false
5529,4098,2557,false
5530,4099,2557,false
5531,4100,2557,false
5532,4101,2557,false
5533,4102,454,true
5534,4103,456,true
5535,4104,457,true
5536,4105,459,true
5537,4106,455,true
5538,4107,455,true
5539,4108,457,true
5540,4109,453,true
5541,4110,453,true
5542,4111,454,true
5543,4112,456,true
5544,4113,2557,false
5545,4114,459,true
5546,4115,460,true
5547,4116,458,true
5548,4117,2557,false
5549,4118,455,true
5550,4119,2557,false
5551,4120,2557,false
5552,4121,2557,false
5553,4122,458,true
5554,4123,2557,false
5555,4124,2557,false
5556,4125,2557,false
5557,4126,454,false
5558,4126,455,false
5559,4126,456,false
5560,4126,459,false
5561,4127,2557,false
5562,4128,2557,false
5563,4129,454,false
5564,4129,455,false
5565,4129,456,false
5566,4129,457,false
5567,4129,459,false
5568,4130,454,false
5569,4130,455,false
5570,4130,456,false
5571,4130,457,false
5572,4130,459,false
5573,4131,453,true
5574,4132,454,true
5575,4133,455,true
5576,4134,457,true
5577,4135,459,true
5578,4136,2558,false
5579,4137,461,true
5580,4138,2558,false
5581,4139,2558,false
5582,4140,2558,false
5583,4141,2558,false
5584,4142,461,true
5585,4143,2558,false
5586,4144,2558,false
5587,4145,2558,false
5588,4146,2558,false
5589,4147,2558,false
5590,4148,2558,false
5591,4149,2558,false
5592,4150,462,true
5593,4150,463,true
5594,4151,2757,false
5595,4152,462,true
5596,4153,462,true
5597,4153,463,true
5598,4154,462,true
5599,4155,462,true
5600,4156,462,true
5601,4157,462,true
5602,4158,462,true
5603,4159,462,true
5604,4160,462,true
5605,4161,462,true
5606,4161,463,true
5607,4162,462,true
5608,4162,463,true
5609,4163,462,true
5610,4163,463,true
5611,4164,462,true
5612,4165,2757,false
5613,4166,462,true
5614,4166,463,true
5615,4167,462,false
5616,4167,463,false
5617,4168,462,true
5618,4169,462,true
5619,4170,462,true
5620,4171,462,true
5621,4172,462,true
5622,4173,462,true
5623,4174,462,true
5624,4175,462,false
5625,4175,463,false
5626,4176,462,false
5627,4176,463,false
5628,4177,462,true
5629,4177,463,true
5630,4178,465,true
5631,4179,465,true
5632,4180,2437,false
5633,4181,2437,false
5634,4182,465,true
5635,4183,464,true
5636,4184,465,true
5637,4185,465,true
5638,4186,2437,false
5639,4187,465,true
5640,4188,465,true
5641,4189,465,true
5642,4190,465,true
5643,4191,465,true
5644,4192,465,true
5645,4193,465,true
5646,4194,465,true
5647,4195,465,true
5648,4196,465,true
5649,4197,465,true
5650,4198,465,true
5651,4199,464,true
5652,4200,465,true
5653,4201,465,true
5654,4202,465,true
5655,4203,2437,false
5656,4204,464,true
5657,4205,2437,false
5658,4206,2437,false
5659,4207,465,true
5660,4208,465,true
5661,4209,464,false
5662,4209,465,false
5663,4210,465,true
5664,4211,465,true
5665,4212,465,true
5666,4213,465,true
5667,4214,465,true
5668,4215,465,true
5669,4216,465,true
5670,4217,464,true
5671,4218,465,true
5672,4219,465,true
5673,4220,465,true
5674,4221,465,true
5675,4222,465,true
5676,4223,465,true
5677,4224,465,true
5678,4225,464,true
5679,4226,465,true
5680,4227,465,true
5681,4228,465,true
5682,4229,465,true
5683,4230,465,true
5684,4231,465,true
5685,4232,465,true
5686,4233,465,true
5687,4234,464,false
5688,4234,465,false
5689,4235,464,true
5690,4236,465,true
5691,4237,465,true
5692,4238,464,false
5693,4238,465,false
5694,4239,464,true
5695,4240,465,true
5696,4241,464,true
5697,4242,465,true
5698,4243,465,true
5699,4244,2437,false
5700,4245,465,true
5701,4246,479,true
5702,4247,2559,false
5703,4248,479,true
5704,4249,2559,false
5705,4250,475,true
5706,4251,476,true
5707,4252,2559,false
5708,4253,479,true
5709,4254,2559,false
5710,4255,466,true
5711,4256,2559,false
5712,4257,479,true
5713,4258,2559,false
5714,4259,2559,false
5715,4260,2559,false
5716,4261,2559,false
5717,4262,2559,false
5718,4263,2559,false
5719,4264,2559,false
5720,4265,480,true
5721,4266,466,true
5722,4267,466,true
5723,4267,467,true
5724,4268,476,true
5725,4269,471,true
5726,4270,473,true
5727,4270,474,true
5728,4271,474,true
5729,4272,475,true
5730,4273,475,true
5731,4273,476,true
5732,4274,477,true
5733,4275,478,true
5734,4276,479,true
5735,4277,479,true
5736,4278,2559,false
5737,4279,469,true
5738,4280,480,true
5739,4281,470,true
5740,4281,480,true
5741,4282,2559,false
5742,4283,466,true
5743,4284,467,true
5744,4285,476,true
5745,4286,471,true
5746,4287,472,true
5747,4287,479,true
5748,4288,479,true
5749,4289,479,true
5750,4290,479,true
5751,4291,472,true
5752,4291,479,true
5753,4292,473,true
5754,4292,474,true
5755,4293,474,true
5756,4294,473,true
5757,4294,474,true
5758,4295,474,true
5759,4296,475,true
5760,4297,477,true
5761,4298,478,true
5762,4299,468,true
5763,4299,475,true
5764,4300,479,true
5765,4301,479,true
5766,4302,2559,false
5767,4303,2559,false
5768,4304,469,true
5769,4305,480,true
5770,4306,470,true
5771,4306,480,true
5772,4307,2559,false
5773,4308,466,true
5774,4309,2559,false
5775,4310,2559,false
5776,4311,2559,false
5777,4312,479,true
5778,4313,479,true
5779,4314,479,true
5780,4315,479,true
5781,4316,479,true
5782,4317,479,true
5783,4318,474,true
5784,4319,2559,false
5785,4320,474,true
5786,4321,2559,false
5787,4322,2559,false
5788,4323,475,true
5789,4324,2559,false
5790,4325,476,true
5791,4326,2559,false
5792,4327,2559,false
5793,4328,2559,false
5794,4329,2559,false
5795,4330,2559,false
5796,4331,480,true
5797,4332,2559,false
5798,4333,479,true
5799,4334,466,true
5800,4334,467,true
5801,4335,479,true
5802,4336,479,true
5803,4337,479,true
5804,4338,474,true
5805,4339,471,false
5806,4339,475,true
5807,4339,476,false
5808,4339,477,false
5809,4339,478,false
5810,4339,480,false
5811,4340,475,true
5812,4340,476,true
5813,4340,477,false
5814,4340,478,false
5815,4340,480,false
5816,4341,469,true
5817,4342,466,false
5818,4342,467,false
5819,4342,469,false
5820,4342,470,false
5821,4342,471,false
5822,4342,472,false
5823,4342,473,false
5824,4342,474,false
5825,4342,475,false
5826,4342,476,false
5827,4342,477,false
5828,4342,478,false
5829,4342,479,false
5830,4342,480,false
5831,4343,466,false
5832,4343,467,false
5833,4343,469,false
5834,4343,470,false
5835,4343,471,false
5836,4343,472,false
5837,4343,473,false
5838,4343,474,false
5839,4343,475,false
5840,4343,476,false
5841,4343,477,false
5842,4343,478,false
5843,4343,479,false
5844,4343,480,false
5845,4344,466,true
5846,4345,467,true
5847,4346,477,true
5848,4347,478,true
5849,4348,479,true
5850,4349,469,true
5851,4350,480,true
5852,4351,470,true
5853,4351,480,true
5854,4352,479,true
5855,4353,481,true
5856,4354,2560,false
5857,4355,2560,false
5858,4356,2560,false
5859,4357,2560,false
5860,4358,481,true
5861,4359,481,true
5862,4360,482,true
5863,4361,481,true
5864,4362,481,true
5865,4363,482,true
5866,4364,481,true
5867,4365,481,true
5868,4366,481,true
5869,4367,481,true
5870,4368,481,true
5871,4369,482,true
5872,4370,481,true
5873,4371,481,true
5874,4372,481,true
5875,4373,2560,false
5876,4374,481,true
5877,4375,481,true
5878,4376,481,true
5879,4377,2560,false
5880,4378,481,true
5881,4379,481,true
5882,4380,2560,false
5883,4381,481,false
5884,4382,2560,false
5885,4383,481,true
5886,4384,481,false
5887,4385,481,false
5888,4386,481,true
5889,4387,482,true
5890,4388,481,true
5891,4389,2560,false
5892,4390,486,true
5893,4391,2758,false
5894,4392,2758,false
5895,4393,486,true
5896,4393,487,true
5897,4394,486,true
5898,4394,487,true
5899,4395,483,true
5900,4395,486,true
5901,4395,487,true
5902,4396,484,true
5903,4396,485,true
5904,4396,486,true
5905,4397,484,true
5906,4398,2758,false
5907,4399,2758,false
5908,4400,486,true
5909,4401,486,true
5910,4402,2758,false
5911,4403,486,true
5912,4403,487,true
5913,4404,2758,false
5914,4405,2758,false
5915,4406,486,true
5916,4406,488,true
5917,4407,483,true
5918,4407,486,true
5919,4407,487,true
5920,4408,484,true
5921,4409,484,true
5922,4410,484,true
5923,4411,484,true
5924,4412,484,true
5925,4413,2758,false
5926,4414,2758,false
5927,4415,486,true
5928,4415,487,true
5929,4416,486,true
5930,4417,486,true
5931,4418,2758,false
5932,4419,486,true
5933,4419,487,true
5934,4420,486,true
5935,4420,487,true
5936,4421,2758,false
5937,4422,488,true
5938,4423,486,true
5939,4424,486,true
5940,4425,484,true
5941,4426,484,true
5942,4427,485,true
5943,4428,486,true
5944,4429,486,true
5945,4430,486,true
5946,4430,487,true
5947,4431,486,true
5948,4432,486,true
5949,4433,2758,false
5950,4434,488,true
5951,4435,486,true
5952,4435,487,true
5953,4436,486,true
5954,4436,487,true
5955,4437,2758,false
5956,4438,2758,false
5957,4439,484,true
5958,4440,484,true
5959,4441,484,true
5960,4442,484,true
5961,4443,2758,false
5962,4444,484,true
5963,4445,2758,false
5964,4446,486,true
5965,4446,487,true
5966,4447,2758,false
5967,4448,2758,false
5968,4449,2758,false
5969,4450,486,true
5970,4450,487,true
5971,4451,2758,false
5972,4452,2758,false
5973,4453,2758,false
5974,4454,2758,false
5975,4455,2758,false
5976,4456,2758,false
5977,4457,486,true
5978,4458,486,true
5979,4459,483,true
5980,4459,486,true
5981,4459,487,true
5982,4460,486,true
5983,4461,486,true
5984,4461,487,true
5985,4462,484,true
5986,4463,484,true
5987,4464,486,true
5988,4465,484,true
5989,4466,484,true
5990,4467,2758,false
5991,4468,2758,false
5992,4469,485,true
5993,4470,2758,false
5994,4471,2758,false
5995,4472,486,true
5996,4472,487,true
5997,4473,2758,false
5998,4474,2758,false
5999,4475,486,true
6000,4475,487,true
6001,4476,486,true
6002,4477,486,true
6003,4478,483,true
6004,4478,486,true
6005,4479,2758,false
6006,4480,2758,false
6007,4481,486,true
6008,4482,484,false
6009,4482,486,false
6010,4482,487,false
6011,4482,488,false
6012,4483,486,true
6013,4484,483,true
6014,4484,486,true
6015,4484,487,true
6016,4485,484,true
6017,4486,484,true
6018,4487,484,true
6019,4488,484,true
6020,4489,484,true
6021,4490,486,true
6022,4490,487,true
6023,4491,2758,false
6024,4492,486,true
6025,4492,487,true
6026,4493,2758,false
6027,4494,486,true
6028,4495,2758,false
6029,4496,2758,false
6030,4497,2758,false
6031,4498,484,false
6032,4498,486,false
6033,4498,487,false
6034,4498,488,false
6035,4499,484,false
6036,4499,486,false
6037,4499,487,false
6038,4499,488,false
6039,4500,484,true
6040,4501,2758,false
6041,4502,2758,false
6042,4503,2758,false
6043,4504,2758,false
6044,4505,2758,false
6045,4506,2758,false
6046,4507,2758,false
6047,4508,486,true
6048,4509,486,true
6049,4510,2758,false
6050,4511,486,true
6051,4511,487,true
6052,4512,2758,false
6053,4513,2758,false
6054,4514,2758,false
6055,4515,488,true
6056,4516,489,true
6057,4517,2562,false
6058,4518,2562,false
6059,4519,2562,false
6060,4520,2562,false
6061,4521,2562,false
6062,4522,2562,false
6063,4523,2562,false
6064,4524,2562,false
6065,4525,2562,false
6066,4526,2562,false
6067,4527,2562,false
6068,4528,2562,false
6069,4529,2562,false
6070,4530,2562,false
6071,4531,2562,false
6072,4532,2562,false
6073,4533,2562,false
6074,4534,2562,false
6075,4535,2562,false
6076,4536,2562,false
6077,4537,2562,false
6078,4538,2562,false
6079,4539,2562,false
6080,4540,2562,false
6081,4541,2562,false
6082,4542,2562,false
6083,4543,2562,false
6084,4544,2562,false
6085,4545,2562,false
6086,4546,2562,false
6087,4547,2562,false
6088,4548,2562,false
6089,4549,2562,false
6090,4550,2562,false
6091,4551,2562,false
6092,4552,2562,false
6093,4553,2562,false
6094,4554,2562,false
6095,4555,2562,false
6096,4556,2562,false
6097,4557,2562,false
6098,4558,2562,false
6099,4559,2562,false
6100,4560,2562,false
6101,4561,2562,false
6102,4562,2562,false
6103,4563,2562,false
6104,4564,2562,false
6105,4565,2562,false
6106,4566,2562,false
6107,4567,2562,false
6108,4568,2562,false
6109,4569,2562,false
6110,4570,2562,false
6111,4571,2562,false
6112,4572,2562,false
6113,4573,2562,false
6114,4574,492,true
6115,4575,497,true
6116,4576,500,true
6117,4577,494,true
6118,4578,500,true
6119,4579,2759,false
6120,4580,2759,false
6121,4581,2759,false
6122,4582,2759,false
6123,4583,2759,false
6124,4584,2759,false
6125,4585,2759,false
6126,4586,2759,false
6127,4587,2759,false
6128,4588,2759,false
6129,4589,492,true
6130,4590,490,true
6131,4591,495,true
6132,4592,490,true
6133,4593,495,true
6134,4594,492,true
6135,4595,491,true
6136,4596,492,true
6137,4597,494,true
6138,4598,494,true
6139,4599,503,true
6140,4600,494,true
6141,4601,493,true
6142,4602,494,true
6143,4603,495,true
6144,4604,496,true
6145,4605,502,true
6146,4606,497,true
6147,4607,500,true
6148,4608,501,true
6149,4609,502,true
6150,4610,501,true
6151,4611,2759,false
6152,4612,495,true
6153,4613,490,true
6154,4614,494,true
6155,4615,499,true
6156,4616,496,true
6157,4617,497,false
6158,4617,498,false
6159,4618,500,true
6160,4619,501,true
6161,4620,502,true
6162,4621,494,true
6163,4622,497,true
6164,4623,500,true
6165,4624,494,true
6166,4625,494,true
6167,4626,494,true
6168,4627,495,true
6169,4628,493,true
6170,4629,494,true
6171,4630,495,true
6172,4631,496,true
6173,4632,501,true
6174,4633,2759,false
6175,4634,497,true
6176,4635,500,true
6177,4636,502,true
6178,4637,504,true
6179,4638,504,true
6180,4639,504,true
6181,4640,504,true
6182,4641,504,true
6183,4642,504,true
6184,4643,504,true
6185,4644,504,true
6186,4645,504,true
6187,4646,510,true
6188,4647,510,true
6189,4648,508,true
6190,4648,510,true
6191,4648,511,true
6192,4649,2438,false
6193,4650,510,true
6194,4651,508,true
6195,4651,510,true
6196,4652,508,true
6197,4652,509,true
6198,4652,510,true
6199,4652,511,true
6200,4653,510,true
6201,4654,510,true
6202,4654,511,true
6203,4655,508,true
6204,4655,510,true
6205,4656,508,true
6206,4656,509,true
6207,4656,510,true
6208,4656,511,true
6209,4657,510,true
6210,4658,510,true
6211,4659,510,true
6212,4659,511,true
6213,4660,508,true
6214,4660,510,true
6215,4661,508,true
6216,4661,509,true
6217,4661,510,true
6218,4661,511,true
6219,4662,510,true
6220,4662,511,true
6221,4663,505,true
6222,4663,508,true
6223,4663,510,true
6224,4663,511,true
6225,4664,505,true
6226,4664,508,true
6227,4664,510,true
6228,4665,505,true
6229,4665,510,true
6230,4665,511,true
6231,4666,506,true
6232,4666,510,true
6233,4667,2438,false
6234,4668,510,true
6235,4669,507,true
6236,4669,510,true
6237,4670,510,true
6238,4671,510,true
6239,4672,508,true
6240,4672,510,true
6241,4673,510,true
6242,4674,510,true
6243,4674,511,true
6244,4675,512,true
6245,4676,2386,false
6246,4677,512,true
6247,4678,512,true
6248,4679,512,true
6249,4680,512,true
6250,4680,513,true
6251,4681,512,true
6252,4682,512,true
6253,4682,513,true
6254,4683,512,true
6255,4684,512,true
6256,4685,512,true
6257,4686,512,true
6258,4686,513,true
6259,4687,516,true
6260,4688,521,true
6261,4689,519,true
6262,4690,518,true
6263,4691,516,true
6264,4692,518,true
6265,4693,523,true
6266,4694,528,true
6267,4695,528,true
6268,4696,528,true
6269,4697,2563,false
6270,4698,516,true
6271,4699,518,true
6272,4700,519,true
6273,4701,528,true
6274,4702,521,true
6275,4703,522,true
6276,4704,522,true
6277,4705,523,true
6278,4706,525,true
6279,4707,523,true
6280,4708,528,true
6281,4709,528,true
6282,4710,520,true
6283,4711,528,true
6284,4712,528,true
6285,4713,2563,false
6286,4714,2563,false
6287,4715,2563,false
6288,4716,518,true
6289,4717,518,true
6290,4718,519,true
6291,4719,528,true
6292,4720,521,true
6293,4721,522,true
6294,4722,522,true
6295,4723,523,true
6296,4724,523,true
6297,4725,523,true
6298,4726,525,true
6299,4727,528,true
6300,4728,526,true
6301,4729,523,true
6302,4730,528,true
6303,4731,528,true
6304,4732,528,true
6305,4733,528,true
6306,4734,528,true
6307,4735,520,false
6308,4735,527,false
6309,4736,518,true
6310,4737,523,true
6311,4738,528,true
6312,4739,2563,false
6313,4740,2563,false
6314,4741,2563,false
6315,4742,528,true
6316,4743,2563,false
6317,4744,2563,false
6318,4745,2563,false
6319,4746,2563,false
6320,4747,514,true
6321,4748,518,true
6322,4748,522,true
6323,4748,523,true
6324,4748,528,true
6325,4749,528,true
6326,4750,2563,false
6327,4751,2563,false
6328,4752,2563,false
6329,4753,2563,false
6330,4754,2563,false
6331,4755,2563,false
6332,4756,2563,false
6333,4757,2563,false
6334,4758,518,false
6335,4758,523,false
6336,4758,528,false
6337,4759,2563,false
6338,4760,516,true
6339,4761,518,true
6340,4762,518,true
6341,4763,516,true
6342,4764,519,true
6343,4765,528,true
6344,4766,528,true
6345,4767,521,true
6346,4768,2563,false
6347,4769,2563,false
6348,4770,522,true
6349,4771,522,true
6350,4772,523,true
6351,4773,523,true
6352,4774,524,true
6353,4775,525,true
6354,4776,528,true
6355,4777,526,true
6356,4778,2563,false
6357,4779,2563,false
6358,4780,523,true
6359,4781,528,true
6360,4782,528,true
6361,4783,528,true
6362,4784,2563,false
6363,4785,518,true
6364,4786,523,true
6365,4787,528,true
6366,4788,2563,false
6367,4789,2563,false
6368,4790,522,true
6369,4791,518,true
6370,4792,2563,false
6371,4793,528,true
6372,4794,519,true
6373,4795,2563,false
6374,4796,523,true
6375,4797,520,true
6376,4798,528,false
6377,4799,521,true
6378,4800,2563,false
6379,4801,2563,false
6380,4802,2563,false
6381,4803,518,true
6382,4803,523,true
6383,4803,528,true
6384,4804,522,true
6385,4805,522,true
6386,4806,523,true
6387,4807,523,true
6388,4808,2563,false
6389,4809,525,true
6390,4810,2563,false
6391,4811,528,true
6392,4812,2563,false
6393,4813,526,true
6394,4814,2563,false
6395,4815,528,true
6396,4816,528,true
6397,4817,528,true
6398,4818,528,true
6399,4819,2563,false
6400,4820,2563,false
6401,4821,2563,false
6402,4822,518,true
6403,4823,523,true
6404,4824,523,true
6405,4825,528,true
6406,4826,528,true
6407,4827,516,true
6408,4828,521,true
6409,4829,519,true
6410,4830,518,true
6411,4831,528,true
6412,4832,528,true
6413,4833,516,true
6414,4834,522,true
6415,4835,2563,false
6416,4836,2563,false
6417,4837,2563,false
6418,4838,518,false
6419,4838,523,false
6420,4838,528,false
6421,4839,519,true
6422,4840,520,true
6423,4841,521,true
6424,4842,522,true
6425,4843,523,true
6426,4844,525,true
6427,4845,526,true
6428,4846,528,true
6429,4847,519,true
6430,4848,520,true
6431,4849,521,true
6432,4850,522,true
6433,4851,523,true
6434,4852,525,true
6435,4853,526,true
6436,4854,528,true
6437,4855,528,true
6438,4856,2563,false
6439,4857,2563,false
6440,4858,2563,false
6441,4859,523,true
6442,4860,2563,false
6443,4861,518,true
6444,4862,528,true
6445,4863,521,true
6446,4864,523,true
6447,4865,523,true
6448,4866,525,true
6449,4867,528,true
6450,4868,526,true
6451,4869,528,true
6452,4870,528,true
6453,4871,528,true
6454,4872,2563,false
6455,4873,528,true
6456,4874,526,true
6457,4875,528,true
6458,4876,2387,false
6459,4877,2387,false
6460,4878,530,true
6461,4879,529,true
6462,4880,530,true
6463,4881,532,true
6464,4882,529,true
6465,4883,530,true
6466,4884,532,true
6467,4885,529,true
6468,4886,530,true
6469,4887,532,true
6470,4888,529,true
6471,4889,530,true
6472,4890,531,true
6473,4891,532,true
6474,4892,2387,false
6475,4893,2387,false
6476,4894,2387,false
6477,4895,2387,false
6478,4896,2387,false
6479,4897,2387,false
6480,4898,530,true
6481,4899,532,true
6482,4900,532,true
6483,4901,529,false
6484,4901,530,false
6485,4901,531,false
6486,4901,532,false
6487,4902,529,false
6488,4902,530,false
6489,4902,531,false
6490,4902,532,false
6491,4903,529,true
6492,4904,530,true
6493,4905,532,true
6494,4906,2388,false
6495,4907,2388,false
6496,4908,2388,false
6497,4909,2388,false
6498,4910,2388,false
6499,4911,2388,false
6500,4912,2389,false
6501,4913,533,true
6502,4914,533,true
6503,4915,2389,false
6504,4916,533,true
6505,4917,534,true
6506,4918,2389,false
6507,4919,2389,false
6508,4920,2389,false
6509,4921,2389,false
6510,4922,533,true
6511,4923,533,true
6512,4924,533,true
6513,4925,2564,false
6514,4926,2564,false
6515,4927,2564,false
6516,4928,535,true
6517,4929,2564,false
6518,4930,2564,false
6519,4931,535,true
6520,4932,2564,false
6521,4933,2564,false
6522,4934,2564,false
6523,4935,2564,false
6524,4936,2564,false
6525,4937,2564,false
6526,4938,535,true
6527,4938,536,true
6528,4939,2564,false
6529,4940,2564,false
6530,4941,535,true
6531,4941,536,true
6532,4942,535,true
6533,4942,536,true
6534,4943,535,true
6535,4944,2564,false
6536,4945,2564,false
6537,4946,540,true
6538,4947,538,true
6539,4947,564,true
6540,4948,564,true
6541,4948,565,true
6542,4949,556,true
6543,4950,551,true
6544,4950,564,true
6545,4950,565,true
6546,4951,540,false
6547,4951,565,false
6548,4952,540,false
6549,4953,544,false
6550,4953,546,false
6551,4953,562,true
6552,4953,565,false
6553,4954,540,false
6554,4955,2761,false
6555,4956,2761,false
6556,4957,540,true
6557,4958,2761,false
6558,4959,551,true
6559,4960,551,true
6560,4960,564,true
6561,4961,2761,false
6562,4962,569,true
6563,4963,545,true
6564,4964,542,true
6565,4965,2761,false
6566,4966,537,true
6567,4967,538,true
6568,4968,2761,false
6569,4969,541,true
6570,4970,543,true
6571,4971,544,true
6572,4972,546,true
6573,4973,547,true
6574,4974,548,true
6575,4975,549,true
6576,4975,550,true
6577,4976,551,true
6578,4976,552,false
6579,4976,555,false
6580,4976,556,false
6581,4976,564,true
6582,4976,565,true
6583,4977,551,false
6584,4977,552,true
6585,4977,555,false
6586,4977,556,false
6587,4978,2761,false
6588,4979,553,true
6589,4980,554,true
6590,4981,555,true
6591,4982,555,true
6592,4982,556,true
6593,4983,557,true
6594,4984,557,true
6595,4985,558,true
6596,4986,558,true
6597,4987,558,true
6598,4988,559,true
6599,4989,561,true
6600,4990,544,false
6601,4990,546,false
6602,4990,562,true
6603,4991,563,true
6604,4992,538,false
6605,4992,564,true
6606,4993,565,true
6607,4994,566,true
6608,4995,560,true
6609,4996,2761,false
6610,4997,2761,false
6611,4998,2761,false
6612,4999,537,true
6613,5000,538,true
6614,5001,539,true
6615,5002,540,true
6616,5003,541,true
6617,5004,543,true
6618,5005,542,false
6619,5005,564,false
6620,5006,542,true
6621,5007,544,true
6622,5008,546,true
6623,5009,547,true
6624,5010,548,true
6625,5011,549,true
6626,5012,551,true
6627,5013,551,true
6628,5013,564,true
6629,5014,552,true
6630,5015,553,true
6631,5016,554,true
6632,5017,555,true
6633,5018,555,true
6634,5018,556,true
6635,5019,557,true
6636,5020,557,true
6637,5021,558,true
6638,5022,558,true
6639,5023,2761,false
6640,5024,559,true
6641,5025,561,true
6642,5026,544,false
6643,5026,546,false
6644,5026,562,true
6645,5027,563,true
6646,5028,564,true
6647,5029,565,true
6648,5030,564,true
6649,5031,566,true
6650,5032,560,true
6651,5033,545,true
6652,5034,2761,false
6653,5035,566,true
6654,5036,2761,false
6655,5037,2761,false
6656,5038,2761,false
6657,5039,2761,false
6658,5040,2761,false
6659,5041,537,true
6660,5042,538,true
6661,5043,539,true
6662,5044,540,true
6663,5045,541,true
6664,5046,544,true
6665,5047,2761,false
6666,5048,2761,false
6667,5049,546,true
6668,5050,547,true
6669,5051,2761,false
6670,5052,2761,false
6671,5053,2761,false
6672,5054,549,true
6673,5055,550,true
6674,5056,551,true
6675,5057,551,false
6676,5057,564,false
6677,5058,552,true
6678,5059,552,true
6679,5060,553,true
6680,5061,558,true
6681,5062,558,true
6682,5063,559,true
6683,5064,561,true
6684,5065,562,true
6685,5066,563,true
6686,5067,564,true
6687,5068,565,true
6688,5069,2761,false
6689,5070,566,true
6690,5071,569,true
6691,5072,540,false
6692,5072,565,false
6693,5073,540,false
6694,5074,544,false
6695,5074,546,false
6696,5074,562,true
6697,5074,565,false
6698,5075,540,false
6699,5076,560,true
6700,5077,556,true
6701,5078,560,true
6702,5079,562,false
6703,5080,550,true
6704,5081,550,true
6705,5082,543,true
6706,5083,542,false
6707,5083,564,false
6708,5084,542,true
6709,5085,540,false
6710,5086,2761,false
6711,5087,551,true
6712,5088,2761,false
6713,5089,554,true
6714,5090,555,true
6715,5091,2761,false
6716,5092,555,true
6717,5092,556,true
6718,5093,550,true
6719,5094,557,true
6720,5095,557,true
6721,5096,2761,false
6722,5097,567,true
6723,5098,550,true
6724,5099,564,true
6725,5100,564,true
6726,5101,560,true
6727,5102,545,true
6728,5103,2761,false
6729,5104,562,false
6730,5104,564,false
6731,5105,2761,false
6732,5106,2761,false
6733,5107,2761,false
6734,5108,2761,false
6735,5109,2761,false
6736,5110,2761,false
6737,5111,2761,false
6738,5112,2761,false
6739,5113,2761,false
6740,5114,2761,false
6741,5115,2761,false
6742,5116,2761,false
6743,5117,542,false
6744,5117,543,false
6745,5117,564,false
6746,5118,2761,false
6747,5119,2761,false
6748,5120,564,false
6749,5121,2761,false
6750,5122,2761,false
6751,5123,2761,false
6752,5124,2761,false
6753,5125,2761,false
6754,5126,551,true
6755,5127,564,true
6756,5128,2761,false
6757,5129,2761,false
6758,5130,2761,false
6759,5131,564,true
6760,5132,2761,false
6761,5133,564,true
6762,5134,2761,false
6763,5135,2761,false
6764,5136,2761,false
6765,5137,2761,false
6766,5138,2761,false
6767,5139,2761,false
6768,5140,557,true
6769,5141,2761,false
6770,5142,540,false
6771,5143,540,false
6772,5144,558,true
6773,5145,2761,false
6774,5146,2761,false
6775,5147,2761,false
6776,5148,2761,false
6777,5149,556,true
6778,5150,2761,false
6779,5151,544,false
6780,5151,546,false
6781,5152,565,false
6782,5153,2761,false
6783,5154,542,true
6784,5155,537,false
6785,5155,538,false
6786,5155,539,false
6787,5155,541,false
6788,5155,543,false
6789,5155,544,false
6790,5155,546,false
6791,5155,547,false
6792,5155,548,false
6793,5155,549,false
6794,5155,551,false
6795,5155,552,false
6796,5155,553,false
6797,5155,554,false
6798,5155,557,false
6799,5155,558,false
6800,5155,559,false
6801,5155,560,false
6802,5155,561,false
6803,5155,562,false
6804,5155,563,false
6805,5155,565,false
6806,5155,566,false
6807,5156,557,true
6808,5157,562,true
6809,5158,2761,false
6810,5159,564,true
6811,5160,564,true
6812,5161,564,true
6813,5162,2761,false
6814,5163,2761,false
6815,5164,2761,false
6816,5165,2761,false
6817,5166,538,true
6818,5167,565,true
6819,5168,2761,false
6820,5169,2761,false
6821,5170,2761,false
6822,5171,2761,false
6823,5172,562,false
6824,5172,564,false
6825,5173,2761,false
6826,5174,567,true
6827,5175,2761,false
6828,5176,567,true
6829,5177,2761,false
6830,5178,2761,false
6831,5179,2761,false
6832,5180,2761,false
6833,5181,540,true
6834,5182,538,true
6835,5182,564,true
6836,5183,564,true
6837,5183,565,true
6838,5184,560,true
6839,5185,567,true
6840,5186,569,true
6841,5187,550,true
6842,5188,542,true
6843,5189,537,true
6844,5190,557,true
6845,5191,2761,false
6846,5192,2761,false
6847,5193,2761,false
6848,5194,2761,false
6849,5195,542,false
6850,5195,543,true
6851,5195,564,false
6852,5196,562,false
6853,5197,2761,false
6854,5198,2761,false
6855,5199,2761,false
6856,5200,568,true
6857,5201,537,false
6858,5201,538,false
6859,5201,539,false
6860,5201,541,false
6861,5201,543,false
6862,5201,544,false
6863,5201,546,false
6864,5201,547,false
6865,5201,548,false
6866,5201,549,false
6867,5201,551,false
6868,5201,552,false
6869,5201,553,false
6870,5201,554,false
6871,5201,555,false
6872,5201,556,false
6873,5201,557,false
6874,5201,558,false
6875,5201,559,false
6876,5201,560,false
6877,5201,561,false
6878,5201,562,false
6879,5201,563,false
6880,5201,565,false
6881,5201,566,false
6882,5202,540,false
6883,5203,537,true
6884,5204,540,true
6885,5205,537,false
6886,5205,538,false
6887,5205,539,false
6888,5205,541,false
6889,5205,543,false
6890,5205,544,false
6891,5205,546,false
6892,5205,547,false
6893,5205,548,false
6894,5205,549,false
6895,5205,551,false
6896,5205,552,false
6897,5205,553,false
6898,5205,554,false
6899,5205,555,false
6900,5205,556,false
6901,5205,557,false
6902,5205,558,false
6903,5205,559,false
6904,5205,560,false
6905,5205,561,false
6906,5205,562,false
6907,5205,563,false
6908,5205,565,false
6909,5205,566,false
6910,5206,2761,false
6911,5207,2761,false
6912,5208,537,true
6913,5209,538,true
6914,5210,539,true
6915,5211,540,true
6916,5212,541,true
6917,5213,543,true
6918,5214,544,true
6919,5215,546,true
6920,5216,547,true
6921,5217,548,true
6922,5218,2761,false
6923,5219,2761,false
6924,5220,549,true
6925,5220,550,true
6926,5221,2761,false
6927,5222,551,true
6928,5223,553,true
6929,5224,555,true
6930,5225,2761,false
6931,5226,555,true
6932,5226,556,true
6933,5227,558,true
6934,5228,559,true
6935,5229,561,true
6936,5230,544,false
6937,5230,546,false
6938,5230,562,true
6939,5231,563,true
6940,5232,564,true
6941,5233,565,true
6942,5234,564,true
6943,5234,565,false
6944,5235,564,true
6945,5236,566,true
6946,5237,545,true
6947,5238,2761,false
6948,5239,570,true
6949,5240,573,true
6950,5241,570,true
6951,5242,571,true
6952,5243,571,true
6953,5244,572,true
6954,5245,573,true
6955,5246,570,true
6956,5247,571,true
6957,5248,571,true
6958,5249,572,true
6959,5250,573,true
6960,5251,570,true
6961,5252,571,true
6962,5253,572,true
6963,5254,2762,false
6964,5255,573,true
6965,5256,571,true
6966,5257,2762,false
6967,5258,571,true
6968,5259,2762,false
6969,5260,2762,false
6970,5261,2762,false
6971,5262,570,false
6972,5262,571,false
6973,5262,572,false
6974,5262,573,false
6975,5263,2762,false
6976,5264,2762,false
6977,5265,570,true
6978,5266,573,true
6979,5267,570,false
6980,5267,571,false
6981,5267,572,false
6982,5267,573,false
6983,5268,570,false
6984,5268,571,false
6985,5268,572,false
6986,5268,573,false
6987,5269,570,true
6988,5270,571,true
6989,5271,572,true
6990,5272,573,true
6991,5273,2763,false
6992,5274,574,true
6993,5275,2763,false
6994,5276,574,true
6995,5277,575,true
6996,5278,575,true
6997,5279,2763,false
6998,5280,574,true
6999,5281,574,false
7000,5281,575,false
7001,5282,2763,false
7002,5283,575,true
7003,5284,574,false
7004,5284,575,false
7005,5285,574,false
7006,5285,575,false
7007,5286,574,true
7008,5287,2390,false
7009,5288,2390,false
7010,5289,2390,false
7011,5290,2390,false
7012,5291,2390,false
7013,5292,576,true
7014,5293,577,true
7015,5294,576,true
7016,5295,576,true
7017,5296,578,true
7018,5297,576,true
7019,5298,576,true
7020,5299,577,true
7021,5300,576,true
7022,5301,577,true
7023,5302,578,true
7024,5303,576,true
7025,5304,577,true
7026,5305,578,true
7027,5306,576,true
7028,5307,576,true
7029,5308,577,true
7030,5309,577,true
7031,5310,2565,false
7032,5311,578,true
7033,5312,2565,false
7034,5313,2565,false
7035,5314,576,true
7036,5315,2565,false
7037,5316,576,true
7038,5317,577,true
7039,5318,2565,false
7040,5319,577,true
7041,5320,2565,false
7042,5321,2565,false
7043,5322,576,false
7044,5322,577,false
7045,5322,578,false
7046,5323,2565,false
7047,5324,2565,false
7048,5325,576,false
7049,5325,577,false
7050,5325,578,false
7051,5326,576,false
7052,5326,577,false
7053,5326,578,false
7054,5327,576,true
7055,5328,577,true
7056,5329,578,true
7057,5330,578,true
7058,5331,2391,false
7059,5332,579,true
7060,5333,579,true
7061,5334,2391,false
7062,5335,579,false
7063,5336,579,false
7064,5337,579,false
7065,5338,579,true
7066,5339,582,true
7067,5339,586,true
7068,5340,580,true
7069,5340,582,true
7070,5340,584,true
7071,5340,586,true
7072,5341,581,true
7073,5341,583,true
7074,5342,582,true
7075,5342,584,true
7076,5343,583,true
7077,5343,584,true
7078,5344,584,true
7079,5345,584,true
7080,5345,585,true
7081,5346,581,true
7082,5346,583,true
7083,5346,586,true
7084,5347,580,true
7085,5348,581,true
7086,5349,582,true
7087,5350,583,true
7088,5351,584,true
7089,5352,585,true
7090,5353,586,true
7091,5354,582,true
7092,5354,586,true
7093,5355,580,true
7094,5356,581,true
7095,5357,2764,false
7096,5358,582,true
7097,5359,2764,false
7098,5360,583,true
7099,5361,2764,false
7100,5362,584,true
7101,5363,585,true
7102,5364,586,true
7103,5365,586,true
7104,5366,581,true
7105,5367,584,true
7106,5368,2764,false
7107,5369,581,true
7108,5370,581,true
7109,5371,2764,false
7110,5372,2764,false
7111,5373,586,true
7112,5374,583,true
7113,5375,2764,false
7114,5376,584,true
7115,5377,2764,false
7116,5378,2764,false
7117,5379,580,false
7118,5379,581,false
7119,5379,582,false
7120,5379,583,false
7121,5379,584,false
7122,5379,585,false
7123,5379,586,false
7124,5380,2764,false
7125,5381,582,true
7126,5382,2764,false
7127,5383,2764,false
7128,5384,2764,false
7129,5385,580,false
7130,5385,581,false
7131,5385,582,false
7132,5385,583,false
7133,5385,584,false
7134,5385,585,false
7135,5385,586,false
7136,5386,580,false
7137,5386,581,false
7138,5386,582,false
7139,5386,583,false
7140,5386,584,false
7141,5386,585,false
7142,5386,586,false
7143,5387,580,true
7144,5388,581,true
7145,5389,582,true
7146,5390,583,true
7147,5391,584,true
7148,5392,585,true
7149,5393,581,false
7150,5393,583,false
7151,5393,586,true
7152,5394,599,true
7153,5395,2440,false
7154,5396,2440,false
7155,5397,590,true
7156,5398,2440,false
7157,5399,592,true
7158,5400,599,true
7159,5401,2440,false
7160,5402,595,true
7161,5403,2440,false
7162,5404,597,true
7163,5405,2440,false
7164,5406,599,true
7165,5407,599,true
7166,5408,2440,false
7167,5409,601,true
7168,5410,2440,false
7169,5411,603,true
7170,5412,2440,false
7171,5413,2440,false
7172,5414,605,true
7173,5415,590,true
7174,5416,592,true
7175,5417,595,true
7176,5418,597,true
7177,5419,599,true
7178,5420,601,true
7179,5421,603,true
7180,5422,605,true
7181,5423,599,true
7182,5424,2440,false
7183,5425,607,true
7184,5426,599,true
7185,5427,587,true
7186,5428,589,true
7187,5429,590,true
7188,5430,590,true
7189,5430,591,true
7190,5431,592,true
7191,5432,592,true
7192,5432,593,true
7193,5433,594,true
7194,5433,599,true
7195,5434,595,true
7196,5435,595,true
7197,5435,596,true
7198,5436,597,true
7199,5437,597,true
7200,5437,598,true
7201,5438,599,true
7202,5439,588,true
7203,5439,599,true
7204,5440,599,true
7205,5441,599,true
7206,5441,600,true
7207,5442,601,true
7208,5443,601,true
7209,5443,602,true
7210,5444,603,true
7211,5445,603,true
7212,5445,604,true
7213,5446,2440,false
7214,5447,605,true
7215,5448,605,true
7216,5448,606,true
7217,5449,608,true
7218,5450,587,true
7219,5451,2440,false
7220,5452,590,true
7221,5453,2440,false
7222,5454,592,true
7223,5455,2440,false
7224,5456,599,true
7225,5457,595,true
7226,5458,2440,false
7227,5459,597,true
7228,5460,2440,false
7229,5461,599,true
7230,5462,599,true
7231,5463,2440,false
7232,5464,601,true
7233,5465,2440,false
7234,5466,603,true
7235,5467,2440,false
7236,5468,605,true
7237,5469,2440,false
7238,5470,587,false
7239,5470,590,false
7240,5470,592,false
7241,5470,594,false
7242,5470,595,false
7243,5470,597,false
7244,5470,599,false
7245,5470,601,false
7246,5470,603,false
7247,5470,605,false
7248,5471,599,true
7249,5472,2440,false
7250,5473,587,true
7251,5474,587,false
7252,5474,590,false
7253,5474,592,false
7254,5474,594,false
7255,5474,595,false
7256,5474,597,false
7257,5474,599,false
7258,5474,601,false
7259,5474,603,false
7260,5474,605,false
7261,5475,587,false
7262,5475,590,false
7263,5475,592,false
7264,5475,594,false
7265,5475,595,false
7266,5475,597,false
7267,5475,599,false
7268,5475,601,false
7269,5475,603,false
7270,5475,605,false
7271,5476,589,true
7272,5477,590,true
7273,5478,592,true
7274,5479,595,true
7275,5480,597,true
7276,5481,599,true
7277,5482,599,true
7278,5483,601,true
7279,5484,603,true
7280,5485,605,true
7281,5486,608,true
7282,5487,2392,false
7283,5488,612,true
7284,5489,612,true
7285,5490,613,true
7286,5491,609,true
7287,5492,2392,false
7288,5493,610,true
7289,5494,612,true
7290,5495,613,true
7291,5496,610,true
7292,5497,2392,false
7293,5498,610,true
7294,5499,610,true
7295,5500,611,true
7296,5501,612,true
7297,5502,613,true
7298,5503,2392,false
7299,5504,612,true
7300,5505,609,true
7301,5506,2392,false
7302,5507,2392,false
7303,5508,2392,false
7304,5509,612,true
7305,5510,612,true
7306,5511,609,false
7307,5511,610,false
7308,5511,612,false
7309,5511,613,false
7310,5512,610,true
7311,5513,609,false
7312,5513,610,false
7313,5513,612,false
7314,5513,613,false
7315,5514,609,false
7316,5514,610,false
7317,5514,612,false
7318,5514,613,false
7319,5515,611,true
7320,5516,614,true
7321,5517,614,true
7322,5518,614,true
7323,5519,614,true
7324,5520,2393,false
7325,5521,2393,false
7326,5522,2393,false
7327,5523,2393,false
7328,5524,2393,false
7329,5525,2393,false
7330,5526,616,false
7331,5527,2393,false
7332,5528,2393,false
7333,5529,2393,false
7334,5530,2393,false
7335,5531,615,true
7336,5532,2393,false
7337,5533,2393,false
7338,5534,616,true
7339,5535,2393,false
7340,5536,2393,false
7341,5537,617,true
7342,5538,2393,false
7343,5539,618,true
7344,5540,2393,false
7345,5541,619,true
7346,5542,615,true
7347,5542,617,true
7348,5543,615,true
7349,5544,2393,false
7350,5545,2393,false
7351,5546,616,true
7352,5547,2393,false
7353,5548,2393,false
7354,5549,2393,false
7355,5550,2393,false
7356,5551,2393,false
7357,5552,2393,false
7358,5553,617,true
7359,5554,617,true
7360,5555,617,true
7361,5556,617,true
7362,5557,617,true
7363,5558,617,true
7364,5559,2393,false
7365,5560,618,true
7366,5561,2393,false
7367,5562,619,true
7368,5563,2393,false
7369,5564,2393,false
7370,5565,2393,false
7371,5566,2393,false
7372,5567,2393,false
7373,5568,2393,false
7374,5569,2393,false
7375,5570,2393,false
7376,5571,2393,false
7377,5572,2393,false
7378,5573,2393,false
7379,5574,617,true
7380,5575,2393,false
7381,5576,2393,false
7382,5577,2393,false
7383,5578,618,true
7384,5579,2393,false
7385,5580,2393,false
7386,5581,2393,false
7387,5582,615,false
7388,5582,616,false
7389,5582,617,false
7390,5582,618,false
7391,5582,619,false
7392,5583,2393,false
7393,5584,2393,false
7394,5585,2393,false
7395,5586,615,true
7396,5586,617,true
7397,5587,2393,false
7398,5588,2393,false
7399,5589,2393,false
7400,5590,615,false
7401,5590,617,true
7402,5591,615,true
7403,5592,615,false
7404,5592,617,false
7405,5593,615,false
7406,5593,616,false
7407,5593,617,false
7408,5593,618,false
7409,5593,619,false
7410,5594,615,false
7411,5594,616,false
7412,5594,617,false
7413,5594,618,false
7414,5594,619,false
7415,5595,615,true
7416,5596,2393,false
7417,5597,2393,false
7418,5598,2393,false
7419,5599,2393,false
7420,5600,616,false
7421,5600,617,true
7422,5601,2393,false
7423,5602,618,true
7424,5603,622,true
7425,5604,622,true
7426,5604,632,true
7427,5605,626,true
7428,5605,633,false
7429,5606,630,true
7430,5607,626,true
7431,5607,633,false
7432,5608,626,true
7433,5608,633,false
7434,5609,630,true
7435,5610,622,false
7436,5610,632,false
7437,5611,622,false
7438,5611,632,false
7439,5612,622,false
7440,5612,632,false
7441,5613,622,false
7442,5613,632,false
7443,5614,633,true
7444,5615,628,true
7445,5616,633,true
7446,5617,629,false
7447,5617,630,false
7448,5618,2567,false
7449,5619,623,true
7450,5620,2567,false
7451,5621,623,true
7452,5622,626,false
7453,5622,633,false
7454,5623,622,false
7455,5623,623,false
7456,5624,630,true
7457,5625,633,false
7458,5626,626,false
7459,5626,632,false
7460,5626,633,true
7461,5627,626,false
7462,5627,633,true
7463,5628,2567,false
7464,5629,2567,false
7465,5630,2567,false
7466,5631,629,true
7467,5632,2567,false
7468,5633,2567,false
7469,5634,620,true
7470,5635,621,true
7471,5636,622,true
7472,5637,623,true
7473,5638,623,true
7474,5639,623,true
7475,5640,624,true
7476,5641,625,true
7477,5642,626,true
7478,5642,633,false
7479,5643,627,true
7480,5644,628,true
7481,5645,629,true
7482,5646,630,true
7483,5647,631,true
7484,5648,622,false
7485,5648,632,false
7486,5648,633,false
7487,5649,633,true
7488,5650,620,true
7489,5651,622,false
7490,5651,624,false
7491,5652,621,true
7492,5653,622,true
7493,5654,622,true
7494,5655,623,true
7495,5656,623,true
7496,5657,623,true
7497,5658,622,true
7498,5659,626,false
7499,5659,633,false
7500,5660,624,true
7501,5661,622,false
7502,5661,624,true
7503,5662,625,true
7504,5663,626,true
7505,5663,633,false
7506,5664,633,true
7507,5665,2567,false
7508,5666,633,true
7509,5667,2567,false
7510,5668,627,true
7511,5669,627,true
7512,5670,2567,false
7513,5671,628,true
7514,5672,628,true
7515,5673,629,true
7516,5674,630,true
7517,5675,633,true
7518,5676,633,true
7519,5677,2567,false
7520,5678,631,true
7521,5679,622,false
7522,5679,632,false
7523,5679,633,false
7524,5680,633,true
7525,5681,622,true
7526,5682,622,true
7527,5682,632,true
7528,5683,622,false
7529,5683,624,false
7530,5684,2567,false
7531,5685,622,false
7532,5685,632,false
7533,5686,622,false
7534,5686,632,false
7535,5687,622,false
7536,5687,632,false
7537,5688,632,true
7538,5688,633,true
7539,5689,622,false
7540,5689,632,false
7541,5690,633,true
7542,5691,633,true
7543,5692,2567,false
7544,5693,629,false
7545,5693,630,false
7546,5694,622,false
7547,5694,624,false
7548,5695,2567,false
7549,5696,623,true
7550,5697,623,true
7551,5698,2567,false
7552,5699,622,true
7553,5700,622,true
7554,5701,623,false
7555,5702,622,true
7556,5703,633,false
7557,5704,623,true
7558,5705,622,false
7559,5705,623,false
7560,5706,624,true
7561,5707,2567,false
7562,5708,630,true
7563,5709,626,true
7564,5709,633,false
7565,5710,626,true
7566,5710,633,false
7567,5711,633,true
7568,5712,633,false
7569,5713,626,false
7570,5713,633,true
7571,5714,622,false
7572,5714,624,false
7573,5715,2567,false
7574,5716,623,true
7575,5717,628,true
7576,5718,2567,false
7577,5719,2567,false
7578,5720,630,true
7579,5721,629,true
7580,5722,633,true
7581,5723,633,true
7582,5724,620,false
7583,5724,621,false
7584,5724,622,false
7585,5724,623,false
7586,5724,624,false
7587,5724,625,false
7588,5724,626,false
7589,5724,627,false
7590,5724,628,false
7591,5724,629,false
7592,5724,630,false
7593,5724,631,false
7594,5724,632,false
7595,5724,633,false
7596,5725,2567,false
7597,5726,622,false
7598,5726,633,false
7599,5727,2567,false
7600,5728,623,true
7601,5729,2567,false
7602,5730,2567,false
7603,5731,2567,false
7604,5732,628,true
7605,5733,633,true
7606,5734,633,true
7607,5735,620,false
7608,5735,621,false
7609,5735,622,false
7610,5735,623,false
7611,5735,624,false
7612,5735,625,false
7613,5735,626,false
7614,5735,627,false
7615,5735,628,false
7616,5735,629,false
7617,5735,630,false
7618,5735,631,false
7619,5735,632,false
7620,5735,633,false
7621,5736,620,false
7622,5736,621,false
7623,5736,622,false
7624,5736,623,false
7625,5736,624,false
7626,5736,625,false
7627,5736,626,false
7628,5736,627,false
7629,5736,628,false
7630,5736,629,false
7631,5736,630,false
7632,5736,631,false
7633,5736,632,false
7634,5736,633,false
7635,5737,620,true
7636,5738,622,true
7637,5739,623,true
7638,5740,623,true
7639,5741,622,true
7640,5742,622,false
7641,5742,623,false
7642,5742,624,true
7643,5743,625,true
7644,5744,626,true
7645,5744,633,false
7646,5745,627,true
7647,5746,627,true
7648,5747,628,true
7649,5748,629,true
7650,5749,630,true
7651,5750,631,true
7652,5751,633,true
7653,5752,635,false
7654,5752,639,true
7655,5753,636,true
7656,5754,639,true
7657,5755,639,true
7658,5756,2569,false
7659,5757,639,true
7660,5758,639,true
7661,5759,2569,false
7662,5760,634,true
7663,5760,639,true
7664,5761,635,true
7665,5761,639,true
7666,5762,637,true
7667,5762,639,true
7668,5763,638,true
7669,5763,639,true
7670,5764,639,true
7671,5765,639,true
7672,5766,634,true
7673,5766,639,true
7674,5767,635,true
7675,5767,639,true
7676,5768,636,true
7677,5769,2569,false
7678,5770,634,false
7679,5770,635,false
7680,5770,639,true
7681,5771,634,false
7682,5771,635,false
7683,5771,639,true
7684,5772,637,true
7685,5772,639,true
7686,5773,638,true
7687,5773,639,true
7688,5774,639,true
7689,5775,639,true
7690,5776,635,true
7691,5776,639,true
7692,5777,639,true
7693,5778,2569,false
7694,5779,635,true
7695,5779,639,true
7696,5780,639,true
7697,5781,639,true
7698,5782,638,true
7699,5782,639,true
7700,5783,634,false
7701,5783,635,false
7702,5783,637,false
7703,5783,638,false
7704,5783,639,false
7705,5784,2569,false
7706,5785,634,false
7707,5785,635,false
7708,5785,637,false
7709,5785,638,false
7710,5785,639,false
7711,5786,634,false
7712,5786,635,false
7713,5786,637,false
7714,5786,638,false
7715,5786,639,false
7716,5787,634,true
7717,5787,639,true
7718,5788,635,true
7719,5788,639,true
7720,5789,2569,false
7721,5790,637,true
7722,5790,639,true
7723,5791,639,true
7724,5792,2571,false
7725,5793,642,true
7726,5793,644,true
7727,5794,642,true
7728,5794,648,true
7729,5795,644,true
7730,5795,648,true
7731,5796,648,true
7732,5796,652,true
7733,5797,649,true
7734,5797,651,true
7735,5798,649,true
7736,5798,652,true
7737,5799,644,true
7738,5800,2571,false
7739,5801,2571,false
7740,5802,2571,false
7741,5803,2571,false
7742,5804,644,true
7743,5804,648,true
7744,5804,649,true
7745,5805,2571,false
7746,5806,640,false
7747,5806,641,false
7748,5806,646,false
7749,5807,2571,false
7750,5808,649,true
7751,5809,2571,false
7752,5810,640,true
7753,5811,641,true
7754,5812,642,true
7755,5813,644,true
7756,5814,645,true
7757,5815,2571,false
7758,5816,646,true
7759,5817,648,true
7760,5818,643,true
7761,5819,649,true
7762,5820,649,true
7763,5821,650,true
7764,5822,648,true
7765,5823,647,true
7766,5824,642,true
7767,5824,644,true
7768,5825,642,true
7769,5825,648,true
7770,5826,644,true
7771,5826,648,true
7772,5827,648,true
7773,5827,652,true
7774,5828,649,true
7775,5828,651,true
7776,5829,649,true
7777,5829,652,true
7778,5830,640,true
7779,5831,641,true
7780,5832,2571,false
7781,5833,642,true
7782,5834,2571,false
7783,5835,2571,false
7784,5836,2571,false
7785,5837,644,true
7786,5838,644,true
7787,5839,645,true
7788,5840,647,true
7789,5841,648,false
7790,5841,649,false
7791,5842,648,false
7792,5842,649,false
7793,5843,2571,false
7794,5844,647,false
7795,5844,648,false
7796,5844,649,false
7797,5845,648,false
7798,5845,649,false
7799,5846,648,false
7800,5846,649,false
7801,5847,2571,false
7802,5848,646,true
7803,5849,648,true
7804,5850,643,true
7805,5851,648,true
7806,5852,649,true
7807,5853,649,true
7808,5854,649,true
7809,5855,649,true
7810,5856,649,true
7811,5857,650,true
7812,5858,2571,false
7813,5859,2571,false
7814,5860,643,true
7815,5861,2571,false
7816,5862,2571,false
7817,5863,2571,false
7818,5864,642,true
7819,5865,2571,false
7820,5866,2571,false
7821,5867,2571,false
7822,5868,2571,false
7823,5869,2571,false
7824,5870,640,false
7825,5870,641,false
7826,5870,642,false
7827,5870,643,false
7828,5870,644,false
7829,5870,645,false
7830,5870,646,false
7831,5870,647,false
7832,5870,648,false
7833,5870,649,false
7834,5870,650,false
7835,5871,2571,false
7836,5872,2571,false
7837,5873,2571,false
7838,5874,2571,false
7839,5875,648,false
7840,5875,649,false
7841,5876,648,false
7842,5876,649,false
7843,5877,2571,false
7844,5878,648,false
7845,5878,649,false
7846,5879,644,true
7847,5880,648,true
7848,5881,644,true
7849,5882,644,true
7850,5883,642,true
7851,5884,644,true
7852,5885,645,true
7853,5886,640,false
7854,5887,640,false
7855,5887,643,true
7856,5888,640,false
7857,5888,641,false
7858,5888,642,false
7859,5888,643,false
7860,5888,644,false
7861,5888,645,false
7862,5888,646,false
7863,5888,647,false
7864,5888,648,false
7865,5888,649,false
7866,5888,650,false
7867,5889,648,true
7868,5890,640,false
7869,5890,641,false
7870,5890,642,false
7871,5890,643,false
7872,5890,644,false
7873,5890,645,false
7874,5890,646,false
7875,5890,647,false
7876,5890,648,false
7877,5890,649,false
7878,5890,650,false
7879,5891,640,true
7880,5892,2571,false
7881,5893,642,true
7882,5894,2571,false
7883,5895,2571,false
7884,5896,644,true
7885,5897,644,true
7886,5897,645,true
7887,5897,648,true
7888,5897,649,true
7889,5898,647,true
7890,5899,648,false
7891,5899,649,false
7892,5900,647,false
7893,5900,648,false
7894,5900,649,false
7895,5901,648,false
7896,5901,649,false
7897,5902,640,false
7898,5902,641,false
7899,5902,646,false
7900,5902,648,true
7901,5903,643,true
7902,5904,649,true
7903,5905,654,true
7904,5906,2394,false
7905,5907,653,true
7906,5907,654,true
7907,5908,2394,false
7908,5909,654,true
7909,5910,2394,false
7910,5911,654,true
7911,5912,653,true
7912,5912,654,true
7913,5913,2394,false
7914,5914,654,true
7915,5915,654,true
7916,5916,2394,false
7917,5917,654,true
7918,5918,654,true
7919,5919,654,true
7920,5920,2394,false
7921,5921,654,true
7922,5922,654,true
7923,5923,654,true
7924,5924,654,true
7925,5925,654,true
7926,5926,654,true
7927,5927,654,true
7928,5928,654,true
7929,5929,2394,false
7930,5930,654,true
7931,5931,654,true
7932,5932,654,true
7933,5933,654,true
7934,5934,654,true
7935,5935,654,true
7936,5936,2394,false
7937,5937,654,true
7938,5938,654,true
7939,5939,654,true
7940,5940,2394,false
7941,5941,654,true
7942,5942,2394,false
7943,5943,654,true
7944,5944,654,true
7945,5945,654,true
7946,5946,654,true
7947,5947,654,true
7948,5948,654,true
7949,5949,654,true
7950,5950,654,true
7951,5951,654,true
7952,5952,654,true
7953,5953,654,true
7954,5954,653,true
7955,5954,654,true
7956,5955,2394,false
7957,5956,654,true
7958,5957,654,true
7959,5958,654,true
7960,5959,654,true
7961,5960,2441,false
7962,5961,2441,false
7963,5962,2441,false
7964,5963,2441,false
7965,5964,2441,false
7966,5965,2441,false
7967,5966,2441,false
7968,5967,2441,false
7969,5968,2441,false
7970,5969,2441,false
7971,5970,2441,false
7972,5971,2441,false
7973,5972,2441,false
7974,5973,2441,false
7975,5974,2441,false
7976,5975,2441,false
7977,5976,2441,false
7978,5977,2441,false
7979,5978,2441,false
7980,5979,2441,false
7981,5980,2441,false
7982,5981,2441,false
7983,5982,2441,false
7984,5983,2441,false
7985,5984,2441,false
7986,5985,2441,false
7987,5986,2441,false
7988,5987,2441,false
7989,5988,2441,false
7990,5989,2441,false
7991,5990,2441,false
7992,5991,2441,false
7993,5992,2441,false
7994,5993,2441,false
7995,5994,2441,false
7996,5995,2441,false
7997,5996,2441,false
7998,5997,2441,false
7999,5998,2441,false
8000,5999,2441,false
8001,6000,2441,false
8002,6001,2441,false
8003,6002,2441,false
8004,6003,2441,false
8005,6004,2441,false
8006,6005,2441,false
8007,6006,2441,false
8008,6007,2441,false
8009,6008,2441,false
8010,6009,2441,false
8011,6010,2441,false
8012,6011,2441,false
8013,6012,2441,false
8014,6013,2441,false
8015,6014,2441,false
8016,6015,2441,false
8017,6016,2441,false
8018,6017,2441,false
8019,6018,2441,false
8020,6019,2441,false
8021,6020,2441,false
8022,6021,663,true
8023,6022,659,true
8024,6023,657,true
8025,6024,659,true
8026,6025,655,true
8027,6026,2573,false
8028,6027,2573,false
8029,6028,659,true
8030,6029,659,true
8031,6030,664,true
8032,6031,2573,false
8033,6032,664,true
8034,6033,665,true
8035,6034,659,true
8036,6035,655,true
8037,6036,656,true
8038,6037,658,true
8039,6038,659,true
8040,6039,659,true
8041,6040,659,true
8042,6041,659,true
8043,6042,659,true
8044,6043,663,true
8045,6044,664,true
8046,6045,664,true
8047,6046,665,true
8048,6047,660,false
8049,6047,661,false
8050,6048,659,true
8051,6049,2573,false
8052,6050,659,true
8053,6051,655,true
8054,6052,656,true
8055,6053,657,true
8056,6054,657,true
8057,6055,657,true
8058,6056,658,true
8059,6057,659,true
8060,6058,659,true
8061,6059,659,true
8062,6060,659,true
8063,6061,659,true
8064,6062,659,true
8065,6063,659,true
8066,6064,659,true
8067,6065,663,true
8068,6066,663,true
8069,6067,664,true
8070,6068,664,true
8071,6069,664,true
8072,6070,664,true
8073,6071,665,true
8074,6072,659,true
8075,6073,660,false
8076,6073,661,false
8077,6074,659,true
8078,6075,659,true
8079,6076,659,true
8080,6077,659,true
8081,6078,659,true
8082,6079,2573,false
8083,6080,2573,false
8084,6081,659,true
8085,6082,2573,false
8086,6083,659,true
8087,6084,659,true
8088,6085,655,true
8089,6086,2573,false
8090,6087,656,true
8091,6088,2573,false
8092,6089,2573,false
8093,6090,664,true
8094,6091,2573,false
8095,6092,664,true
8096,6093,664,true
8097,6094,2573,false
8098,6095,2573,false
8099,6096,2573,false
8100,6097,659,true
8101,6098,655,false
8102,6098,656,false
8103,6098,658,false
8104,6098,659,false
8105,6098,664,false
8106,6098,665,false
8107,6099,659,true
8108,6100,662,true
8109,6101,659,true
8110,6102,656,true
8111,6102,659,true
8112,6103,659,true
8113,6104,659,true
8114,6105,659,true
8115,6106,659,true
8116,6107,660,false
8117,6107,661,false
8118,6108,659,true
8119,6109,659,true
8120,6110,663,true
8121,6111,659,true
8122,6112,664,true
8123,6113,664,true
8124,6114,657,true
8125,6115,657,true
8126,6116,657,true
8127,6117,657,true
8128,6118,664,true
8129,6119,655,false
8130,6119,656,false
8131,6119,658,false
8132,6119,659,false
8133,6119,664,false
8134,6119,665,false
8135,6120,664,true
8136,6121,655,false
8137,6121,656,false
8138,6121,658,false
8139,6121,659,false
8140,6121,664,false
8141,6121,665,false
8142,6122,659,true
8143,6123,655,true
8144,6124,656,true
8145,6125,658,true
8146,6126,659,true
8147,6127,656,true
8148,6127,659,true
8149,6128,659,true
8150,6129,659,true
8151,6130,659,true
8152,6131,664,true
8153,6132,664,true
8154,6133,665,true
8155,6134,666,true
8156,6135,666,true
8157,6136,666,true
8158,6137,2765,false
8159,6138,2765,false
8160,6139,2765,false
8161,6140,2765,false
8162,6141,2765,false
8163,6142,2765,false
8164,6143,666,false
8165,6144,2765,false
8166,6145,2765,false
8167,6146,666,false
8168,6147,666,false
8169,6148,666,true
8170,6149,667,true
8171,6150,2442,false
8172,6151,668,true
8173,6152,2442,false
8174,6153,668,true
8175,6154,667,true
8176,6155,2442,false
8177,6156,670,true
8178,6157,2442,false
8179,6158,2442,false
8180,6159,2442,false
8181,6160,2442,false
8182,6161,668,true
8183,6162,668,true
8184,6163,667,true
8185,6164,668,true
8186,6165,669,true
8187,6166,670,true
8188,6167,671,true
8189,6168,672,true
8190,6169,2442,false
8191,6170,2442,false
8192,6171,2442,false
8193,6172,667,true
8194,6173,668,true
8195,6174,669,true
8196,6175,670,true
8197,6176,671,true
8198,6177,2442,false
8199,6178,672,true
8200,6179,668,true
8201,6180,2442,false
8202,6181,669,true
8203,6182,671,true
8204,6183,2442,false
8205,6184,671,true
8206,6185,669,false
8207,6186,670,false
8208,6187,2442,false
8209,6188,2442,false
8210,6189,2442,false
8211,6190,671,false
8212,6191,2442,false
8213,6192,668,true
8214,6193,2442,false
8215,6194,2442,false
8216,6195,2442,false
8217,6196,2442,false
8218,6197,2442,false
8219,6198,2442,false
8220,6199,667,false
8221,6199,668,false
8222,6199,669,false
8223,6199,670,false
8224,6199,671,false
8225,6199,672,false
8226,6200,2442,false
8227,6201,671,true
8228,6202,667,true
8229,6203,667,false
8230,6203,668,false
8231,6203,669,false
8232,6203,670,false
8233,6203,671,false
8234,6203,672,false
8235,6204,667,false
8236,6204,668,false
8237,6204,669,false
8238,6204,670,false
8239,6204,671,false
8240,6204,672,false
8241,6205,669,true
8242,6205,670,true
8243,6206,670,true
8244,6207,671,true
8245,6208,672,true
8246,6209,671,true
8247,6210,2442,false
8248,6211,673,true
8249,6212,673,true
8250,6213,2395,false
8251,6214,2395,false
8252,6215,2395,false
8253,6216,2395,false
8254,6217,673,true
8255,6218,2395,false
8256,6219,673,true
8257,6220,673,true
8258,6221,2395,false
8259,6222,674,true
8260,6223,674,true
8261,6224,674,true
8262,6224,676,true
8263,6225,674,true
8264,6226,674,true
8265,6226,675,true
8266,6227,2766,false
8267,6228,2766,false
8268,6229,2766,false
8269,6230,674,true
8270,6231,674,true
8271,6231,675,true
8272,6231,676,true
8273,6231,677,true
8274,6232,674,true
8275,6233,2766,false
8276,6234,674,true
8277,6235,674,true
8278,6235,677,true
8279,6236,674,true
8280,6236,675,true
8281,6236,676,true
8282,6236,677,true
8283,6237,674,true
8284,6237,675,true
8285,6237,676,true
8286,6237,677,true
8287,6238,674,true
8288,6239,2443,false
8289,6240,678,true
8290,6241,678,true
8291,6242,678,true
8292,6243,678,true
8293,6244,678,true
8294,6245,678,true
8295,6246,678,true
8296,6247,678,true
8297,6248,2443,false
8298,6249,678,true
8299,6250,678,true
8300,6251,678,true
8301,6252,678,true
8302,6253,678,true
8303,6254,2444,false
8304,6255,2444,false
8305,6256,2444,false
8306,6257,679,true
8307,6258,680,true
8308,6259,681,true
8309,6260,682,true
8310,6261,679,true
8311,6262,680,true
8312,6263,681,true
8313,6264,682,true
8314,6265,2444,false
8315,6266,2444,false
8316,6267,2444,false
8317,6268,681,true
8318,6269,681,true
8319,6270,2444,false
8320,6271,2444,false
8321,6272,2444,false
8322,6273,679,false
8323,6273,680,false
8324,6273,681,false
8325,6273,682,false
8326,6274,679,false
8327,6274,680,false
8328,6274,681,false
8329,6274,682,false
8330,6275,679,true
8331,6276,680,true
8332,6277,682,true
8333,6278,683,true
8334,6279,2767,false
8335,6280,683,true
8336,6281,683,true
8337,6282,683,true
8338,6282,684,false
8339,6283,2767,false
8340,6284,683,true
8341,6285,683,true
8342,6286,684,true
8343,6287,683,true
8344,6288,683,true
8345,6289,683,true
8346,6290,683,true
8347,6291,683,true
8348,6292,683,true
8349,6293,683,true
8350,6294,684,true
8351,6295,2767,false
8352,6296,683,true
8353,6297,2767,false
8354,6298,683,true
8355,6299,683,true
8356,6300,683,true
8357,6301,683,true
8358,6302,683,true
8359,6303,683,true
8360,6304,683,true
8361,6305,2767,false
8362,6306,2767,false
8363,6307,2767,false
8364,6308,683,true
8365,6309,683,true
8366,6310,683,true
8367,6311,683,false
8368,6311,684,false
8369,6312,683,false
8370,6312,684,false
8371,6313,683,true
8372,6314,684,true
8373,6315,685,true
8374,6316,2445,false
8375,6317,2768,false
8376,6318,2768,false
8377,6319,2768,false
8378,6320,2768,false
8379,6321,2768,false
8380,6322,2768,false
8381,6323,2768,false
8382,6324,2768,false
8383,6325,2768,false
8384,6326,2768,false
8385,6327,2768,false
8386,6328,2768,false
8387,6329,2768,false
8388,6330,2768,false
8389,6331,2768,false
8390,6332,2768,false
8391,6333,2768,false
8392,6334,2768,false
8393,6335,2768,false
8394,6336,2768,false
8395,6337,2768,false
8396,6338,2768,false
8397,6339,2768,false
8398,6340,2768,false
8399,6341,2768,false
8400,6342,2768,false
8401,6343,2768,false
8402,6344,2768,false
8403,6345,2768,false
8404,6346,2768,false
8405,6347,2768,false
8406,6348,2768,false
8407,6349,2768,false
8408,6350,2768,false
8409,6351,2768,false
8410,6352,2768,false
8411,6353,2768,false
8412,6354,687,true
8413,6355,693,true
8414,6356,688,true
8415,6357,686,false
8416,6358,687,true
8417,6359,688,true
8418,6360,689,true
8419,6361,690,true
8420,6362,688,true
8421,6363,691,true
8422,6364,2446,false
8423,6365,693,true
8424,6366,2446,false
8425,6367,2446,false
8426,6368,2446,false
8427,6369,2446,false
8428,6370,2446,false
8429,6371,2446,false
8430,6372,687,false
8431,6372,688,false
8432,6372,689,false
8433,6372,690,false
8434,6372,691,false
8435,6372,692,false
8436,6372,693,false
8437,6373,2446,false
8438,6374,2446,false
8439,6375,2446,false
8440,6376,2446,false
8441,6377,688,true
8442,6378,688,true
8443,6379,689,true
8444,6380,692,true
8445,6381,693,true
8446,6382,687,false
8447,6382,688,false
8448,6382,689,false
8449,6382,690,false
8450,6382,691,false
8451,6382,692,false
8452,6382,693,false
8453,6383,687,false
8454,6383,688,false
8455,6383,689,false
8456,6383,690,false
8457,6383,691,false
8458,6383,692,false
8459,6383,693,false
8460,6384,693,true
8461,6385,2574,false
8462,6386,2574,false
8463,6387,694,false
8464,6388,694,true
8465,6389,694,true
8466,6390,694,true
8467,6391,697,true
8468,6392,698,true
8469,6393,699,true
8470,6394,698,true
8471,6395,700,true
8472,6396,700,true
8473,6397,2575,false
8474,6398,696,true
8475,6399,695,true
8476,6400,695,true
8477,6401,2769,false
8478,6402,2576,false
8479,6403,2576,false
8480,6404,2576,false
8481,6405,2576,false
8482,6406,702,true
8483,6407,703,true
8484,6408,705,true
8485,6409,705,true
8486,6410,2772,false
8487,6411,2772,false
8488,6412,705,true
8489,6413,704,true
8490,6414,705,true
8491,6415,704,true
8492,6416,705,true
8493,6417,2772,false
8494,6418,705,true
8495,6419,705,true
8496,6420,2772,false
8497,6421,705,true
8498,6422,2772,false
8499,6423,705,true
8500,6424,2772,false
8501,6425,704,false
8502,6425,705,false
8503,6426,704,false
8504,6426,705,false
8505,6427,704,false
8506,6427,705,false
8507,6428,704,true
8508,6429,705,true
8509,6430,705,true
8510,6431,705,true
8511,6432,709,true
8512,6433,708,true
8513,6434,710,true
8514,6435,710,true
8515,6436,710,true
8516,6437,709,true
8517,6438,709,true
8518,6439,2398,false
8519,6440,2398,false
8520,6441,2398,false
8521,6442,711,true
8522,6443,707,true
8523,6444,708,true
8524,6445,709,true
8525,6446,2398,false
8526,6447,711,true
8527,6448,2398,false
8528,6449,707,true
8529,6450,708,true
8530,6451,2398,false
8531,6452,710,true
8532,6453,708,true
8533,6454,710,true
8534,6455,710,true
8535,6456,710,true
8536,6457,709,true
8537,6458,2398,false
8538,6459,710,true
8539,6460,2398,false
8540,6461,2398,false
8541,6462,2398,false
8542,6463,709,true
8543,6464,2398,false
8544,6465,710,true
8545,6466,710,true
8546,6467,710,true
8547,6468,2398,false
8548,6469,2398,false
8549,6470,710,true
8550,6471,2398,false
8551,6472,2398,false
8552,6473,710,true
8553,6474,710,true
8554,6475,709,true
8555,6476,2398,false
8556,6477,2398,false
8557,6478,2774,false
8558,6479,712,true
8559,6480,713,true
8560,6481,713,true
8561,6482,712,true
8562,6483,713,true
8563,6484,713,true
8564,6485,713,true
8565,6486,2774,false
8566,6487,712,true
8567,6488,712,true
8568,6489,712,true
8569,6490,713,true
8570,6491,713,true
8571,6492,713,true
8572,6493,2774,false
8573,6494,712,true
8574,6494,713,true
8575,6495,712,true
8576,6496,712,true
8577,6497,2774,false
8578,6498,713,true
8579,6499,713,true
8580,6500,2774,false
8581,6501,2774,false
8582,6502,713,true
8583,6503,2774,false
8584,6504,713,true
8585,6505,713,true
8586,6506,712,false
8587,6506,713,false
8588,6507,712,false
8589,6507,713,false
8590,6508,712,true
8591,6509,713,true
8592,6510,713,true
8593,6511,713,true
8594,6512,2399,false
8595,6513,2399,false
8596,6514,2399,false
8597,6515,2399,false
8598,6516,714,true
8599,6517,715,true
8600,6518,2399,false
8601,6519,716,true
8602,6520,717,true
8603,6521,714,true
8604,6522,715,true
8605,6523,2399,false
8606,6524,716,true
8607,6525,717,true
8608,6526,714,true
8609,6527,715,true
8610,6528,2399,false
8611,6529,716,true
8612,6530,715,true
8613,6531,2399,false
8614,6532,2399,false
8615,6533,714,false
8616,6533,715,false
8617,6533,716,false
8618,6533,717,false
8619,6534,714,false
8620,6534,715,false
8621,6534,716,false
8622,6534,717,false
8623,6535,716,true
8624,6536,2400,false
8625,6537,2400,false
8626,6538,2400,false
8627,6539,2400,false
8628,6540,2400,false
8629,6541,2400,false
8630,6542,2400,false
8631,6543,2400,false
8632,6544,2400,false
8633,6545,2400,false
8634,6546,2400,false
8635,6547,2400,false
8636,6548,2400,false
8637,6549,2400,false
8638,6550,2400,false
8639,6551,2400,false
8640,6552,2400,false
8641,6553,2400,false
8642,6554,2400,false
8643,6555,2400,false
8644,6556,2400,false
8645,6557,2400,false
8646,6558,2400,false
8647,6559,2400,false
8648,6560,2400,false
8649,6561,2400,false
8650,6562,2400,false
8651,6563,2400,false
8652,6564,2400,false
8653,6565,2400,false
8654,6566,2400,false
8655,6567,719,true
8656,6568,719,true
8657,6569,719,true
8658,6569,720,true
8659,6570,719,true
8660,6571,722,true
8661,6571,723,true
8662,6572,718,true
8663,6573,719,true
8664,6573,720,true
8665,6574,720,true
8666,6574,724,false
8667,6574,725,false
8668,6574,726,false
8669,6575,721,true
8670,6575,722,true
8671,6576,722,true
8672,6576,723,false
8673,6577,723,true
8674,6578,723,true
8675,6579,724,false
8676,6579,725,false
8677,6580,726,true
8678,6581,719,true
8679,6581,727,true
8680,6582,718,true
8681,6583,719,true
8682,6584,720,true
8683,6585,719,true
8684,6586,721,true
8685,6587,722,true
8686,6588,723,true
8687,6589,723,true
8688,6590,719,false
8689,6590,720,false
8690,6590,724,false
8691,6590,725,false
8692,6591,724,true
8693,6591,725,true
8694,6592,726,true
8695,6593,727,true
8696,6594,718,true
8697,6595,719,true
8698,6596,719,true
8699,6597,720,true
8700,6597,724,false
8701,6597,725,false
8702,6597,726,false
8703,6598,719,true
8704,6599,719,true
8705,6600,721,true
8706,6601,722,true
8707,6602,723,true
8708,6603,723,true
8709,6604,719,false
8710,6604,720,false
8711,6604,724,false
8712,6604,725,false
8713,6605,724,false
8714,6605,725,false
8715,6606,724,false
8716,6606,725,false
8717,6607,724,false
8718,6607,725,false
8719,6608,726,true
8720,6609,727,true
8721,6610,722,true
8722,6610,723,true
8723,6611,719,true
8724,6612,719,true
8725,6613,719,true
8726,6614,719,true
8727,6615,2401,false
8728,6616,720,true
8729,6617,719,true
8730,6618,719,true
8731,6619,719,true
8732,6620,721,true
8733,6621,722,true
8734,6622,723,true
8735,6623,2401,false
8736,6624,726,true
8737,6625,718,false
8738,6625,719,true
8739,6625,720,true
8740,6625,724,false
8741,6625,725,false
8742,6625,726,false
8743,6625,727,false
8744,6626,727,true
8745,6627,719,false
8746,6627,720,false
8747,6627,724,false
8748,6627,725,false
8749,6628,719,true
8750,6629,719,true
8751,6630,719,true
8752,6631,719,true
8753,6632,718,false
8754,6632,719,false
8755,6632,720,false
8756,6632,721,false
8757,6632,722,false
8758,6632,723,false
8759,6632,724,false
8760,6632,725,false
8761,6632,726,false
8762,6632,727,false
8763,6633,718,false
8764,6633,719,false
8765,6633,720,false
8766,6633,721,false
8767,6633,722,false
8768,6633,723,false
8769,6633,724,false
8770,6633,725,false
8771,6633,726,false
8772,6633,727,false
8773,6634,719,true
8774,6635,718,true
8775,6636,719,true
8776,6637,719,true
8777,6638,719,true
8778,6639,719,true
8779,6640,720,true
8780,6640,724,false
8781,6640,725,false
8782,6640,726,false
8783,6641,719,true
8784,6642,719,true
8785,6643,721,true
8786,6644,722,true
8787,6645,723,true
8788,6646,722,true
8789,6647,723,true
8790,6648,724,false
8791,6648,725,false
8792,6649,719,true
8793,6650,726,true
8794,6651,728,true
8795,6652,732,true
8796,6652,733,true
8797,6653,732,true
8798,6653,733,true
8799,6653,734,false
8800,6654,732,true
8801,6654,733,true
8802,6654,734,true
8803,6655,732,true
8804,6655,733,true
8805,6655,734,false
8806,6656,728,true
8807,6656,731,true
8808,6657,728,true
8809,6658,733,true
8810,6659,733,true
8811,6660,731,true
8812,6661,733,true
8813,6662,731,true
8814,6663,2580,false
8815,6664,733,true
8816,6664,736,false
8817,6665,733,true
8818,6666,731,true
8819,6667,731,true
8820,6668,735,true
8821,6669,731,true
8822,6670,728,true
8823,6671,729,true
8824,6672,730,true
8825,6672,733,true
8826,6673,731,true
8827,6674,731,true
8828,6675,731,true
8829,6676,732,true
8830,6676,733,true
8831,6677,733,true
8832,6678,733,true
8833,6678,734,true
8834,6679,735,true
8835,6680,731,true
8836,6681,733,true
8837,6681,736,true
8838,6682,733,true
8839,6683,733,false
8840,6684,733,true
8841,6685,733,true
8842,6686,732,true
8843,6686,733,true
8844,6686,734,true
8845,6687,733,true
8846,6688,731,true
8847,6689,728,true
8848,6690,729,true
8849,6691,733,true
8850,6692,730,false
8851,6692,733,true
8852,6693,731,true
8853,6694,731,true
8854,6695,731,true
8855,6696,731,true
8856,6697,733,true
8857,6698,732,false
8858,6698,733,true
8859,6699,728,true
8860,6700,732,false
8861,6700,733,true
8862,6700,734,false
8863,6701,733,true
8864,6701,734,false
8865,6702,733,true
8866,6703,733,true
8867,6704,733,true
8868,6705,733,true
8869,6706,733,true
8870,6707,731,true
8871,6708,733,true
8872,6709,728,true
8873,6710,733,true
8874,6710,736,false
8875,6711,733,true
8876,6712,735,true
8877,6713,733,true
8878,6714,728,true
8879,6715,728,true
8880,6716,731,true
8881,6717,728,true
8882,6718,729,true
8883,6719,731,true
8884,6720,731,true
8885,6721,731,true
8886,6722,2580,false
8887,6723,2580,false
8888,6724,2580,false
8889,6725,728,false
8890,6725,729,false
8891,6725,730,false
8892,6725,731,false
8893,6725,732,false
8894,6725,733,false
8895,6725,734,false
8896,6725,735,false
8897,6725,736,false
8898,6726,728,true
8899,6726,731,true
8900,6727,731,true
8901,6728,731,true
8902,6729,733,true
8903,6730,728,true
8904,6731,728,true
8905,6731,731,true
8906,6732,731,true
8907,6733,2580,false
8908,6734,733,true
8909,6735,728,false
8910,6735,729,false
8911,6735,730,false
8912,6735,731,false
8913,6735,732,false
8914,6735,733,false
8915,6735,734,false
8916,6735,735,false
8917,6735,736,false
8918,6736,728,false
8919,6736,729,false
8920,6736,730,false
8921,6736,731,false
8922,6736,732,false
8923,6736,733,false
8924,6736,734,false
8925,6736,735,false
8926,6736,736,false
8927,6737,730,true
8928,6737,733,true
8929,6738,731,true
8930,6739,732,true
8931,6739,733,true
8932,6740,728,true
8933,6741,733,true
8934,6742,733,true
8935,6742,734,true
8936,6743,733,true
8937,6744,733,true
8938,6744,736,true
8939,6745,728,true
8940,6746,739,true
8941,6746,740,true
8942,6746,743,true
8943,6746,744,true
8944,6747,737,true
8945,6748,741,false
8946,6748,742,false
8947,6748,745,false
8948,6748,746,false
8949,6749,739,true
8950,6750,2582,false
8951,6751,741,true
8952,6752,2582,false
8953,6753,743,true
8954,6754,741,true
8955,6754,742,true
8956,6755,745,true
8957,6756,2582,false
8958,6757,737,true
8959,6757,738,true
8960,6758,739,true
8961,6758,740,true
8962,6759,741,true
8963,6759,742,true
8964,6760,743,true
8965,6760,744,true
8966,6761,745,true
8967,6761,746,true
8968,6762,2582,false
8969,6763,2582,false
8970,6764,737,true
8971,6764,738,true
8972,6765,739,true
8973,6765,740,true
8974,6766,741,true
8975,6766,742,true
8976,6767,743,true
8977,6767,744,true
8978,6768,745,true
8979,6768,746,true
8980,6769,2582,false
8981,6770,2582,false
8982,6771,737,true
8983,6772,2582,false
8984,6773,2582,false
8985,6774,739,true
8986,6775,737,true
8987,6775,738,true
8988,6775,739,true
8989,6775,740,true
8990,6775,741,true
8991,6775,742,true
8992,6775,743,true
8993,6775,744,true
8994,6775,745,true
8995,6775,746,true
8996,6776,737,true
8997,6776,738,true
8998,6777,741,true
8999,6778,2582,false
9000,6779,743,true
9001,6780,2582,false
9002,6781,737,false
9003,6781,738,false
9004,6781,739,false
9005,6781,740,false
9006,6781,741,false
9007,6781,742,false
9008,6781,743,false
9009,6781,744,false
9010,6781,745,false
9011,6781,746,false
9012,6782,745,true
9013,6783,2582,false
9014,6784,2582,false
9015,6785,737,false
9016,6785,738,false
9017,6785,739,false
9018,6785,740,false
9019,6785,741,false
9020,6785,742,false
9021,6785,743,false
9022,6785,744,false
9023,6785,745,false
9024,6785,746,false
9025,6786,737,false
9026,6786,738,false
9027,6786,739,false
9028,6786,740,false
9029,6786,741,false
9030,6786,742,false
9031,6786,743,false
9032,6786,744,false
9033,6786,745,false
9034,6786,746,false
9035,6787,737,true
9036,6787,739,false
9037,6787,740,false
9038,6787,743,false
9039,6787,744,false
9040,6788,739,true
9041,6788,741,false
9042,6788,742,false
9043,6788,745,false
9044,6788,746,false
9045,6789,741,true
9046,6790,743,true
9047,6791,741,false
9048,6791,742,false
9049,6791,745,true
9050,6792,747,false
9051,6793,747,false
9052,6794,747,false
9053,6795,747,false
9054,6796,747,false
9055,6797,747,false
9056,6798,747,false
9057,6799,747,false
9058,6800,747,false
9059,6801,2449,false
9060,6802,2449,false
9061,6803,747,false
9062,6804,747,false
9063,6805,747,false
9064,6806,747,false
9065,6807,2449,false
9066,6808,747,false
9067,6809,747,false
9068,6810,747,false
9069,6811,747,false
9070,6812,747,false
9071,6813,747,false
9072,6814,747,false
9073,6815,747,false
9074,6816,747,false
9075,6817,747,false
9076,6818,747,false
9077,6819,747,false
9078,6820,747,false
9079,6821,747,false
9080,6822,747,false
9081,6823,2449,false
9082,6824,2449,false
9083,6825,747,false
9084,6826,747,false
9085,6827,747,false
9086,6828,747,false
9087,6829,747,false
9088,6830,747,false
9089,6831,747,false
9090,6832,747,false
9091,6833,2449,false
9092,6834,747,false
9093,6835,747,false
9094,6836,747,false
9095,6837,747,false
9096,6838,747,false
9097,6839,747,false
9098,6840,747,false
9099,6841,747,false
9100,6842,747,false
9101,6843,747,false
9102,6844,747,false
9103,6845,747,false
9104,6846,747,false
9105,6847,747,false
9106,6848,747,false
9107,6849,747,false
9108,6850,747,false
9109,6851,747,false
9110,6852,747,false
9111,6853,747,false
9112,6854,747,false
9113,6855,747,false
9114,6856,747,false
9115,6857,747,false
9116,6858,747,false
9117,6859,747,false
9118,6860,747,false
9119,6861,2449,false
9120,6862,747,false
9121,6863,747,false
9122,6864,2449,false
9123,6865,747,false
9124,6866,2450,false
9125,6867,2450,false
9126,6868,2450,false
9127,6869,2450,false
9128,6870,2450,false
9129,6871,2450,false
9130,6872,2450,false
9131,6873,2450,false
9132,6874,2450,false
9133,6875,2450,false
9134,6876,2450,false
9135,6877,2450,false
9136,6878,2450,false
9137,6879,2450,false
9138,6880,2450,false
9139,6881,2450,false
9140,6882,2450,false
9141,6883,2450,false
9142,6884,2450,false
9143,6885,752,true
9144,6886,750,false
9145,6886,754,false
9146,6886,755,true
9147,6886,758,false
9148,6887,752,true
9149,6888,750,true
9150,6889,2775,false
9151,6890,2775,false
9152,6891,2775,false
9153,6892,754,false
9154,6892,758,false
9155,6893,755,true
9156,6894,752,true
9157,6895,2775,false
9158,6896,754,true
9159,6897,755,true
9160,6898,2775,false
9161,6899,750,true
9162,6900,750,true
9163,6901,2775,false
9164,6902,750,true
9165,6903,752,true
9166,6904,2775,false
9167,6905,754,true
9168,6906,755,true
9169,6907,2775,false
9170,6908,757,true
9171,6909,750,false
9172,6909,754,false
9173,6909,755,true
9174,6909,758,false
9175,6910,2775,false
9176,6911,758,true
9177,6912,2775,false
9178,6913,2775,false
9179,6914,758,true
9180,6915,750,false
9181,6916,750,false
9182,6917,2775,false
9183,6918,2775,false
9184,6919,2775,false
9185,6920,754,false
9186,6920,758,false
9187,6921,2775,false
9188,6922,754,false
9189,6922,758,false
9190,6923,2775,false
9191,6924,2775,false
9192,6925,750,true
9193,6926,750,true
9194,6927,2775,false
9195,6928,2775,false
9196,6929,2775,false
9197,6930,754,false
9198,6930,758,false
9199,6931,2775,false
9200,6932,750,false
9201,6932,754,false
9202,6933,2775,false
9203,6934,750,false
9204,6934,754,false
9205,6934,758,false
9206,6935,2775,false
9207,6936,750,false
9208,6936,754,false
9209,6936,755,false
9210,6936,756,false
9211,6936,757,false
9212,6936,758,false
9213,6937,755,true
9214,6938,750,true
9215,6938,754,true
9216,6938,758,true
9217,6939,756,true
9218,6940,750,true
9219,6941,750,true
9220,6942,750,false
9221,6942,754,false
9222,6942,755,false
9223,6942,756,false
9224,6942,757,false
9225,6942,758,false
9226,6943,757,true
9227,6944,750,false
9228,6944,754,false
9229,6944,755,false
9230,6944,756,false
9231,6944,757,false
9232,6944,758,false
9233,6945,754,true
9234,6946,755,true
9235,6947,757,true
9236,6948,759,true
9237,6949,2583,false
9238,6950,759,true
9239,6951,760,true
9240,6952,759,true
9241,6953,2583,false
9242,6954,759,true
9243,6955,2583,false
9244,6956,759,true
9245,6957,2583,false
9246,6958,760,true
9247,6959,759,true
9248,6960,2583,false
9249,6961,2583,false
9250,6962,2583,false
9251,6963,759,true
9252,6964,759,true
9253,6965,759,true
9254,6966,759,true
9255,6967,759,true
9256,6968,2583,false
9257,6969,759,true
9258,6970,760,true
9259,6971,760,true
9260,6972,759,true
9261,6973,759,true
9262,6974,759,true
9263,6975,2583,false
9264,6976,2583,false
9265,6977,2583,false
9266,6978,2583,false
9267,6979,2583,false
9268,6980,2583,false
9269,6981,2583,false
9270,6982,2583,false
9271,6983,759,true
9272,6984,759,true
9273,6985,759,false
9274,6985,760,false
9275,6986,759,false
9276,6986,760,false
9277,6987,759,true
9278,6988,2583,false
9279,6989,760,true
9280,6990,760,true
9281,6991,760,true
9282,6992,2776,false
9283,6993,2776,false
9284,6994,2776,false
9285,6995,2776,false
9286,6996,2776,false
9287,6997,762,true
9288,6998,763,true
9289,6999,763,true
9290,7000,761,true
9291,7001,761,true
9292,7002,762,true
9293,7003,2776,false
9294,7004,2776,false
9295,7005,2776,false
9296,7006,763,true
9297,7007,2776,false
9298,7008,763,true
9299,7009,761,true
9300,7010,761,true
9301,7011,762,false
9302,7012,2776,false
9303,7013,762,false
9304,7014,2776,false
9305,7015,2776,false
9306,7016,2776,false
9307,7017,2776,false
9308,7018,761,false
9309,7018,762,false
9310,7018,763,false
9311,7019,2776,false
9312,7020,763,true
9313,7021,761,true
9314,7022,761,true
9315,7023,761,false
9316,7023,762,false
9317,7023,763,false
9318,7024,761,false
9319,7024,762,false
9320,7024,763,false
9321,7025,762,true
9322,7026,2777,false
9323,7027,764,true
9324,7028,764,true
9325,7029,764,true
9326,7030,764,true
9327,7030,765,true
9328,7031,764,true
9329,7031,766,true
9330,7032,764,true
9331,7033,764,true
9332,7033,765,true
9333,7034,764,true
9334,7034,766,true
9335,7035,2777,false
9336,7036,764,true
9337,7037,764,true
9338,7038,2777,false
9339,7039,764,true
9340,7040,764,false
9341,7040,765,false
9342,7040,766,false
9343,7041,764,false
9344,7041,765,false
9345,7041,766,false
9346,7042,764,true
9347,7043,764,true
9348,7043,765,true
9349,7044,764,true
9350,7044,766,true
9351,7045,770,true
9352,7046,772,true
9353,7047,788,true
9354,7048,769,true
9355,7049,777,true
9356,7050,779,true
9357,7051,768,true
9358,7051,769,true
9359,7051,777,true
9360,7052,777,true
9361,7053,769,true
9362,7054,770,true
9363,7055,771,true
9364,7056,772,true
9365,7057,779,true
9366,7058,2451,false
9367,7059,780,false
9368,7059,782,false
9369,7060,2451,false
9370,7061,775,true
9371,7062,775,true
9372,7063,788,true
9373,7064,2451,false
9374,7065,776,true
9375,7066,777,true
9376,7067,2451,false
9377,7068,2451,false
9378,7069,780,true
9379,7070,783,true
9380,7071,789,true
9381,7072,2451,false
9382,7073,780,true
9383,7074,782,true
9384,7075,789,true
9385,7076,779,true
9386,7077,768,true
9387,7077,769,true
9388,7077,777,true
9389,7078,777,true
9390,7079,779,true
9391,7080,777,true
9392,7081,767,true
9393,7082,768,true
9394,7083,769,true
9395,7084,771,true
9396,7085,772,true
9397,7086,2451,false
9398,7087,775,true
9399,7088,788,true
9400,7089,776,true
9401,7090,776,true
9402,7091,777,true
9403,7092,779,true
9404,7093,774,true
9405,7094,779,true
9406,7095,779,true
9407,7096,781,true
9408,7097,779,true
9409,7098,779,true
9410,7099,779,true
9411,7100,782,true
9412,7101,783,true
9413,7102,789,true
9414,7103,784,true
9415,7104,784,true
9416,7105,784,true
9417,7106,2451,false
9418,7107,2451,false
9419,7108,768,true
9420,7109,769,true
9421,7110,767,true
9422,7111,770,true
9423,7112,2451,false
9424,7113,2451,false
9425,7114,2451,false
9426,7115,2451,false
9427,7116,2451,false
9428,7117,775,true
9429,7118,783,true
9430,7119,2451,false
9431,7120,776,true
9432,7121,2451,false
9433,7122,2451,false
9434,7123,2451,false
9435,7124,2451,false
9436,7125,780,true
9437,7126,2451,false
9438,7127,782,true
9439,7128,2451,false
9440,7129,783,true
9441,7130,784,true
9442,7131,2451,false
9443,7132,2451,false
9444,7133,2451,false
9445,7134,779,true
9446,7135,779,true
9447,7136,2451,false
9448,7137,769,true
9449,7138,770,true
9450,7139,772,true
9451,7140,788,true
9452,7141,2451,false
9453,7142,786,true
9454,7143,787,true
9455,7144,778,true
9456,7145,779,true
9457,7146,775,true
9458,7147,779,true
9459,7148,779,true
9460,7149,789,true
9461,7150,784,true
9462,7151,2451,false
9463,7152,789,true
9464,7153,769,true
9465,7154,777,true
9466,7155,769,false
9467,7155,770,false
9468,7155,776,false
9469,7155,777,false
9470,7155,779,false
9471,7155,780,false
9472,7155,782,false
9473,7155,784,false
9474,7155,789,false
9475,7156,769,false
9476,7156,770,false
9477,7156,776,false
9478,7156,777,false
9479,7156,779,false
9480,7156,780,false
9481,7156,782,false
9482,7156,784,false
9483,7156,789,false
9484,7157,769,true
9485,7158,2451,false
9486,7159,775,true
9487,7160,776,true
9488,7161,777,true
9489,7162,780,true
9490,7163,782,true
9491,7164,784,true
9492,7165,2584,false
9493,7166,2584,false
9494,7167,790,true
9495,7167,792,true
9496,7168,791,true
9497,7169,790,true
9498,7169,792,true
9499,7170,2778,false
9500,7171,790,true
9501,7171,792,true
9502,7172,790,true
9503,7173,792,true
9504,7174,792,true
9505,7175,2778,false
9506,7176,791,true
9507,7177,2778,false
9508,7178,790,true
9509,7178,792,true
9510,7179,792,true
9511,7180,790,true
9512,7180,792,true
9513,7181,790,true
9514,7181,792,true
9515,7182,790,true
9516,7182,792,true
9517,7183,790,true
9518,7183,792,true
9519,7184,790,true
9520,7184,792,true
9521,7185,790,true
9522,7185,792,true
9523,7186,790,true
9524,7186,792,true
9525,7187,790,true
9526,7187,792,true
9527,7188,2778,false
9528,7189,792,true
9529,7190,791,true
9530,7191,2778,false
9531,7192,2778,false
9532,7193,792,true
9533,7194,792,true
9534,7195,2778,false
9535,7196,2778,false
9536,7197,2778,false
9537,7198,792,false
9538,7199,792,true
9539,7200,790,true
9540,7200,792,true
9541,7201,790,true
9542,7201,792,true
9543,7202,792,true
9544,7203,792,true
9545,7204,792,true
9546,7205,792,true
9547,7206,790,true
9548,7206,792,true
9549,7207,790,true
9550,7207,792,true
9551,7208,792,true
9552,7209,790,true
9553,7209,792,true
9554,7210,790,true
9555,7210,792,true
9556,7211,790,true
9557,7211,792,true
9558,7212,790,true
9559,7212,792,true
9560,7213,790,true
9561,7213,792,true
9562,7214,2452,false
9563,7215,2452,false
9564,7216,2452,false
9565,7217,2452,false
9566,7218,2452,false
9567,7219,2452,false
9568,7220,2452,false
9569,7221,793,false
9570,7222,2452,false
9571,7223,2452,false
9572,7224,2452,false
9573,7225,2452,false
9574,7226,2452,false
9575,7227,793,false
9576,7228,793,false
9577,7229,793,false
9578,7230,2452,false
9579,7231,795,true
9580,7232,795,true
9581,7233,794,true
9582,7234,794,true
9583,7235,795,true
9584,7236,794,true
9585,7237,794,true
9586,7238,794,true
9587,7239,794,true
9588,7240,795,true
9589,7241,795,true
9590,7242,794,true
9591,7242,795,true
9592,7243,795,true
9593,7244,795,true
9594,7245,2453,false
9595,7246,2453,false
9596,7247,2453,false
9597,7248,2453,false
9598,7249,2453,false
9599,7250,2403,false
9600,7251,2403,false
9601,7252,2403,false
9602,7253,2403,false
9603,7254,2403,false
9604,7255,2403,false
9605,7256,2403,false
9606,7257,2403,false
9607,7258,2403,false
9608,7259,2586,false
9609,7260,2586,false
9610,7261,798,true
9611,7262,797,true
9612,7263,799,true
9613,7264,797,true
9614,7265,798,true
9615,7266,798,true
9616,7267,799,true
9617,7268,799,true
9618,7269,797,true
9619,7270,798,true
9620,7271,798,true
9621,7272,799,true
9622,7273,799,true
9623,7274,2586,false
9624,7275,2586,false
9625,7276,798,true
9626,7277,2586,false
9627,7278,799,true
9628,7279,797,true
9629,7280,797,false
9630,7280,798,false
9631,7280,799,false
9632,7281,797,false
9633,7281,798,false
9634,7281,799,false
9635,7282,799,true
9636,7283,799,true
9637,7284,801,true
9638,7285,2454,false
9639,7286,800,true
9640,7287,801,true
9641,7288,800,true
9642,7289,800,true
9643,7290,801,true
9644,7291,2454,false
9645,7292,2454,false
9646,7293,2454,false
9647,7294,800,false
9648,7294,801,false
9649,7295,800,false
9650,7295,801,false
9651,7296,2587,false
9652,7297,802,true
9653,7298,802,true
9654,7299,802,true
9655,7300,802,true
9656,7301,802,true
9657,7302,802,true
9658,7303,802,true
9659,7304,802,true
9660,7305,802,true
9661,7306,802,true
9662,7307,802,true
9663,7308,802,true
9664,7309,802,true
9665,7310,2587,false
9666,7311,802,true
9667,7312,802,true
9668,7313,802,true
9669,7314,802,true
9670,7315,802,true
9671,7316,802,true
9672,7317,802,true
9673,7318,802,true
9674,7319,808,true
9675,7320,805,true
9676,7321,807,true
9677,7322,815,true
9678,7323,814,true
9679,7324,805,true
9680,7325,807,true
9681,7326,2779,false
9682,7327,809,true
9683,7328,809,true
9684,7329,809,true
9685,7330,809,true
9686,7331,813,true
9687,7332,814,true
9688,7333,815,true
9689,7334,2779,false
9690,7335,816,true
9691,7336,816,true
9692,7337,816,true
9693,7338,816,true
9694,7339,2779,false
9695,7340,2779,false
9696,7341,805,true
9697,7342,806,true
9698,7343,807,true
9699,7344,808,true
9700,7345,809,true
9701,7346,809,true
9702,7347,809,true
9703,7348,809,true
9704,7349,813,true
9705,7350,814,true
9706,7351,2779,false
9707,7352,816,true
9708,7353,816,true
9709,7354,816,true
9710,7355,816,true
9711,7356,2779,false
9712,7357,2779,false
9713,7358,2779,false
9714,7359,805,true
9715,7360,806,true
9716,7361,807,true
9717,7362,808,true
9718,7363,809,true
9719,7364,809,true
9720,7365,809,true
9721,7366,809,true
9722,7367,813,true
9723,7368,2779,false
9724,7369,2779,false
9725,7370,2779,false
9726,7371,814,true
9727,7372,815,true
9728,7373,2779,false
9729,7374,2779,false
9730,7375,2779,false
9731,7376,816,true
9732,7377,816,true
9733,7378,816,true
9734,7379,816,true
9735,7380,2779,false
9736,7381,2779,false
9737,7382,805,true
9738,7382,806,false
9739,7383,805,true
9740,7384,807,false
9741,7384,814,false
9742,7384,815,false
9743,7385,2779,false
9744,7386,2779,false
9745,7387,806,false
9746,7387,807,true
9747,7388,807,true
9748,7389,809,true
9749,7390,809,true
9750,7391,809,true
9751,7392,2779,false
9752,7393,2779,false
9753,7394,2779,false
9754,7395,2779,false
9755,7396,806,false
9756,7396,814,true
9757,7396,815,true
9758,7397,814,true
9759,7397,815,true
9760,7398,2779,false
9761,7399,806,false
9762,7399,814,true
9763,7400,814,true
9764,7401,816,true
9765,7402,816,true
9766,7403,816,true
9767,7404,2779,false
9768,7405,2779,false
9769,7406,805,false
9770,7406,807,false
9771,7406,808,false
9772,7406,809,false
9773,7406,810,false
9774,7406,811,false
9775,7406,812,false
9776,7406,813,false
9777,7406,814,false
9778,7406,815,false
9779,7406,816,false
9780,7406,817,false
9781,7406,818,false
9782,7406,819,false
9783,7407,807,false
9784,7407,815,false
9785,7408,808,true
9786,7409,805,false
9787,7409,807,false
9788,7409,808,false
9789,7409,809,false
9790,7409,810,false
9791,7409,811,false
9792,7409,812,false
9793,7409,813,false
9794,7409,814,false
9795,7409,815,false
9796,7409,816,false
9797,7409,817,false
9798,7409,818,false
9799,7409,819,false
9800,7410,805,false
9801,7410,807,false
9802,7410,808,false
9803,7410,809,false
9804,7410,810,false
9805,7410,811,false
9806,7410,812,false
9807,7410,813,false
9808,7410,814,false
9809,7410,815,false
9810,7410,816,false
9811,7410,817,false
9812,7410,818,false
9813,7410,819,false
9814,7411,2779,false
9815,7412,2779,false
9816,7413,805,true
9817,7414,807,true
9818,7415,808,true
9819,7416,809,true
9820,7417,809,true
9821,7418,809,true
9822,7419,809,true
9823,7420,814,true
9824,7421,815,true
9825,7422,814,true
9826,7423,2779,false
9827,7424,2779,false
9828,7425,816,true
9829,7426,816,true
9830,7427,816,true
9831,7428,816,true
9832,7429,2779,false
9833,7430,822,true
9834,7431,826,true
9835,7432,826,true
9836,7433,2588,false
9837,7434,822,true
9838,7435,825,true
9839,7436,2588,false
9840,7437,2588,false
9841,7438,821,true
9842,7438,826,true
9843,7439,822,true
9844,7440,822,true
9845,7440,823,true
9846,7441,824,true
9847,7441,825,true
9848,7442,825,true
9849,7443,826,true
9850,7444,826,true
9851,7445,826,true
9852,7446,821,true
9853,7446,826,true
9854,7447,822,true
9855,7448,822,true
9856,7448,823,true
9857,7449,824,true
9858,7449,825,true
9859,7450,825,true
9860,7451,826,true
9861,7452,826,true
9862,7453,822,true
9863,7454,2588,false
9864,7455,2588,false
9865,7456,2588,false
9866,7457,821,false
9867,7457,822,false
9868,7457,823,false
9869,7457,824,false
9870,7457,825,false
9871,7457,826,false
9872,7458,822,true
9873,7459,821,false
9874,7459,822,false
9875,7459,823,false
9876,7459,824,false
9877,7459,825,false
9878,7459,826,false
9879,7460,821,false
9880,7460,822,false
9881,7460,823,false
9882,7460,824,false
9883,7460,825,false
9884,7460,826,false
9885,7461,822,true
9886,7462,822,true
9887,7463,822,true
9888,7463,823,true
9889,7464,825,true
9890,7465,826,true
9891,7466,827,true
9892,7467,827,true
9893,7468,827,true
9894,7469,2781,false
9895,7470,827,true
9896,7471,827,true
9897,7472,827,true
9898,7473,827,true
9899,7474,827,true
9900,7475,827,true
9901,7476,829,true
9902,7477,829,true
9903,7478,829,true
9904,7479,829,true
9905,7480,829,true
9906,7481,829,true
9907,7482,833,true
9908,7483,833,true
9909,7484,830,true
9910,7485,829,true
9911,7486,833,true
9912,7487,832,true
9913,7488,830,false
9914,7488,833,true
9915,7488,834,false
9916,7489,833,true
9917,7490,833,true
9918,7491,834,true
9919,7492,833,true
9920,7493,830,false
9921,7493,834,true
9922,7494,829,true
9923,7495,829,true
9924,7496,829,true
9925,7497,829,true
9926,7498,829,true
9927,7499,833,true
9928,7500,833,true
9929,7501,830,true
9930,7502,829,true
9931,7503,832,true
9932,7504,833,true
9933,7505,833,true
9934,7506,833,true
9935,7507,834,true
9936,7508,833,true
9937,7509,833,true
9938,7510,834,true
9939,7511,829,true
9940,7512,829,true
9941,7513,829,true
9942,7514,829,true
9943,7515,829,true
9944,7516,829,true
9945,7517,829,true
9946,7518,829,true
9947,7519,2782,false
9948,7520,832,true
9949,7521,829,true
9950,7522,833,true
9951,7523,830,true
9952,7524,833,true
9953,7525,834,true
9954,7526,833,true
9955,7527,833,true
9956,7528,2782,false
9957,7529,834,true
9958,7530,829,true
9959,7530,833,true
9960,7531,830,true
9961,7531,832,true
9962,7532,829,true
9963,7533,829,true
9964,7534,829,true
9965,7535,829,true
9966,7536,2782,false
9967,7537,829,true
9968,7538,829,true
9969,7539,829,true
9970,7540,829,true
9971,7541,829,true
9972,7542,829,true
9973,7543,829,true
9974,7544,2782,false
9975,7545,833,true
9976,7546,2782,false
9977,7547,833,true
9978,7548,833,true
9979,7549,833,true
9980,7550,2782,false
9981,7551,2782,false
9982,7552,829,true
9983,7553,833,false
9984,7554,2782,false
9985,7555,833,true
9986,7556,829,true
9987,7557,833,true
9988,7558,833,true
9989,7559,833,true
9990,7560,833,true
9991,7561,2782,false
9992,7562,829,true
9993,7563,2782,false
9994,7564,834,true
9995,7565,2782,false
9996,7566,828,false
9997,7566,829,false
9998,7566,830,false
9999,7566,831,false
10000,7566,832,false
10001,7566,833,false
10002,7566,834,false
10003,7567,829,true
10004,7568,833,true
10005,7569,833,true
10006,7570,833,true
10007,7571,833,true
10008,7572,833,true
10009,7573,833,true
10010,7574,2782,false
10011,7575,833,true
10012,7576,829,true
10013,7577,834,true
10014,7578,829,true
10015,7579,829,true
10016,7580,833,true
10017,7581,829,true
10018,7582,829,true
10019,7583,829,true
10020,7584,829,true
10021,7585,833,true
10022,7586,2782,false
10023,7587,829,true
10024,7588,833,true
10025,7589,833,true
10026,7590,828,false
10027,7590,829,false
10028,7590,830,false
10029,7590,831,false
10030,7590,832,false
10031,7590,833,false
10032,7590,834,false
10033,7591,828,false
10034,7591,829,false
10035,7591,830,false
10036,7591,831,false
10037,7591,832,false
10038,7591,833,false
10039,7591,834,false
10040,7592,829,true
10041,7593,829,true
10042,7594,829,true
10043,7595,829,true
10044,7596,833,true
10045,7597,833,true
10046,7598,833,true
10047,7599,830,true
10048,7600,832,true
10049,7601,830,false
10050,7601,833,true
10051,7601,834,false
10052,7602,833,true
10053,7603,834,true
10054,7604,833,true
10055,7605,830,false
10056,7605,834,true
10057,7606,839,true
10058,7607,838,true
10059,7608,836,true
10060,7608,837,true
10061,7608,838,true
10062,7609,2455,false
10063,7610,836,true
10064,7611,2455,false
10065,7612,836,true
10066,7613,836,true
10067,7614,838,true
10068,7615,838,true
10069,7616,836,true
10070,7616,837,true
10071,7616,838,true
10072,7617,2455,false
10073,7618,836,true
10074,7618,837,true
10075,7619,2455,false
10076,7620,2455,false
10077,7621,2455,false
10078,7622,2455,false
10079,7623,839,true
10080,7624,836,true
10081,7624,837,true
10082,7625,2455,false
10083,7626,2455,false
10084,7627,2455,false
10085,7628,2455,false
10086,7629,838,true
10087,7630,2455,false
10088,7631,2455,false
10089,7632,2455,false
10090,7633,836,true
10091,7634,838,true
10092,7635,839,true
10093,7636,836,true
10094,7636,837,true
10095,7637,836,true
10096,7638,836,false
10097,7638,838,false
10098,7639,836,false
10099,7639,838,false
10100,7640,838,true
10101,7641,2783,false
10102,7642,2783,false
10103,7643,2783,false
10104,7644,2783,false
10105,7645,2783,false
10106,7646,840,true
10107,7647,2783,false
10108,7648,842,true
10109,7649,2783,false
10110,7650,2783,false
10111,7651,2783,false
10112,7652,2783,false
10113,7653,841,true
10114,7654,2783,false
10115,7655,2783,false
10116,7656,2783,false
10117,7657,842,true
10118,7658,2783,false
10119,7659,2783,false
10120,7660,2783,false
10121,7661,2783,false
10122,7662,2783,false
10123,7663,2783,false
10124,7664,2783,false
10125,7665,840,false
10126,7665,842,false
10127,7666,2783,false
10128,7667,842,true
10129,7668,840,false
10130,7668,842,false
10131,7669,840,false
10132,7669,842,false
10133,7670,840,true
10134,7671,842,true
10135,7672,843,true
10136,7673,2456,false
10137,7674,843,true
10138,7675,2456,false
10139,7676,843,true
10140,7677,843,true
10141,7678,843,true
10142,7679,843,true
10143,7680,843,true
10144,7681,843,true
10145,7682,843,true
10146,7683,843,true
10147,7684,2456,false
10148,7685,843,true
10149,7686,843,true
10150,7687,2456,false
10151,7688,843,true
10152,7689,843,true
10153,7690,843,true
10154,7691,843,true
10155,7692,2456,false
10156,7693,843,true
10157,7694,843,true
10158,7695,2589,false
10159,7696,2589,false
10160,7697,846,true
10161,7698,850,true
10162,7699,851,true
10163,7700,853,true
10164,7701,854,true
10165,7702,2589,false
10166,7703,2589,false
10167,7704,2589,false
10168,7705,2589,false
10169,7706,848,true
10170,7707,2589,false
10171,7708,849,true
10172,7709,2589,false
10173,7710,852,true
10174,7711,855,true
10175,7712,2589,false
10176,7713,845,true
10177,7714,847,true
10178,7715,848,true
10179,7716,849,true
10180,7717,855,true
10181,7718,845,true
10182,7718,847,true
10183,7719,846,true
10184,7720,845,true
10185,7721,847,true
10186,7722,848,true
10187,7723,849,true
10188,7724,850,true
10189,7725,851,true
10190,7726,852,true
10191,7727,853,true
10192,7728,854,true
10193,7729,855,true
10194,7730,855,true
10195,7731,2589,false
10196,7732,2589,false
10197,7733,2589,false
10198,7734,2589,false
10199,7735,2589,false
10200,7736,2589,false
10201,7737,2589,false
10202,7738,845,false
10203,7738,846,false
10204,7738,847,false
10205,7738,848,false
10206,7738,849,false
10207,7738,850,false
10208,7738,851,false
10209,7738,852,false
10210,7738,853,false
10211,7738,854,false
10212,7738,855,false
10213,7739,2589,false
10214,7740,2589,false
10215,7741,2589,false
10216,7742,2589,false
10217,7743,845,true
10218,7743,847,true
10219,7744,850,true
10220,7745,2589,false
10221,7746,845,true
10222,7747,845,false
10223,7747,846,false
10224,7747,847,false
10225,7747,848,false
10226,7747,849,false
10227,7747,850,false
10228,7747,851,false
10229,7747,852,false
10230,7747,853,false
10231,7747,854,false
10232,7747,855,false
10233,7748,845,false
10234,7748,846,false
10235,7748,847,false
10236,7748,848,false
10237,7748,849,false
10238,7748,850,false
10239,7748,851,false
10240,7748,852,false
10241,7748,853,false
10242,7748,854,false
10243,7748,855,false
10244,7749,848,true
10245,7750,849,true
10246,7751,855,true
10247,7752,2457,false
10248,7753,2457,false
10249,7754,2457,false
10250,7755,2457,false
10251,7756,858,true
10252,7757,857,true
10253,7758,858,true
10254,7759,859,true
10255,7760,858,true
10256,7760,859,false
10257,7761,860,true
10258,7762,856,true
10259,7763,857,true
10260,7764,858,true
10261,7765,859,true
10262,7766,2457,false
10263,7767,860,true
10264,7768,858,true
10265,7769,2457,false
10266,7770,858,true
10267,7771,856,true
10268,7772,857,true
10269,7773,858,true
10270,7774,859,true
10271,7775,2457,false
10272,7776,860,true
10273,7777,2457,false
10274,7778,2457,false
10275,7779,859,true
10276,7780,2457,false
10277,7781,2457,false
10278,7782,2457,false
10279,7783,2457,false
10280,7784,859,true
10281,7785,858,true
10282,7786,2457,false
10283,7787,2457,false
10284,7788,2457,false
10285,7789,856,false
10286,7789,857,false
10287,7789,858,false
10288,7789,859,false
10289,7789,860,false
10290,7790,856,false
10291,7790,857,false
10292,7790,858,false
10293,7790,859,false
10294,7790,860,false
10295,7791,856,false
10296,7791,857,false
10297,7791,858,false
10298,7791,859,false
10299,7791,860,false
10300,7792,856,true
10301,7793,857,true
10302,7794,858,true
10303,7795,859,true
10304,7796,2457,false
10305,7797,860,true
10306,7798,2457,false
10307,7799,2591,false
10308,7800,865,true
10309,7801,865,true
10310,7802,865,true
10311,7803,2591,false
10312,7804,2591,false
10313,7805,865,true
10314,7806,865,true
10315,7807,865,true
10316,7808,865,true
10317,7809,2594,false
10318,7810,866,true
10319,7811,866,true
10320,7812,866,true
10321,7813,866,true
10322,7814,866,true
10323,7815,2594,false
10324,7816,866,true
10325,7817,866,true
10326,7818,866,true
10327,7819,2594,false
10328,7820,866,true
10329,7821,866,true
10330,7822,866,true
10331,7823,866,true
10332,7824,866,true
10333,7825,866,true
10334,7826,866,true
10335,7827,866,true
10336,7828,866,true
10337,7829,866,true
10338,7830,866,true
10339,7831,866,true
10340,7832,867,true
10341,7833,871,true
10342,7834,867,true
10343,7835,867,true
10344,7836,871,true
10345,7837,867,true
10346,7838,867,true
10347,7839,867,true
10348,7840,867,true
10349,7841,867,true
10350,7842,867,true
10351,7843,867,true
10352,7844,867,true
10353,7845,867,true
10354,7846,867,true
10355,7847,867,true
10356,7848,867,true
10357,7849,871,true
10358,7850,872,true
10359,7851,867,true
10360,7852,867,true
10361,7853,867,true
10362,7854,867,true
10363,7855,867,true
10364,7856,871,true
10365,7857,2595,false
10366,7858,2595,false
10367,7859,867,true
10368,7860,867,true
10369,7861,2595,false
10370,7862,867,true
10371,7863,867,true
10372,7864,867,true
10373,7865,2595,false
10374,7866,871,true
10375,7867,2595,false
10376,7868,2595,false
10377,7869,867,true
10378,7870,867,true
10379,7871,867,true
10380,7872,868,true
10381,7873,867,true
10382,7874,867,true
10383,7875,869,true
10384,7876,867,true
10385,7877,870,true
10386,7878,871,true
10387,7879,871,true
10388,7880,872,true
10389,7881,870,true
10390,7882,868,true
10391,7883,867,true
10392,7884,867,true
10393,7885,867,true
10394,7886,867,true
10395,7887,869,true
10396,7888,2595,false
10397,7889,871,true
10398,7890,871,true
10399,7891,2595,false
10400,7892,2595,false
10401,7893,871,true
10402,7894,2595,false
10403,7895,867,true
10404,7896,2595,false
10405,7897,2595,false
10406,7898,867,true
10407,7899,867,true
10408,7900,867,true
10409,7901,867,true
10410,7902,867,true
10411,7903,867,true
10412,7904,867,true
10413,7905,867,true
10414,7906,867,true
10415,7907,867,true
10416,7908,2595,false
10417,7909,867,true
10418,7910,867,true
10419,7911,867,true
10420,7912,867,true
10421,7913,2595,false
10422,7914,869,true
10423,7915,2595,false
10424,7916,871,true
10425,7917,867,false
10426,7917,868,false
10427,7917,869,false
10428,7917,870,false
10429,7917,871,false
10430,7917,872,false
10431,7918,2595,false
10432,7919,867,true
10433,7920,867,true
10434,7921,867,true
10435,7922,867,true
10436,7923,867,true
10437,7924,867,true
10438,7925,867,true
10439,7926,867,true
10440,7927,867,true
10441,7928,867,true
10442,7929,867,true
10443,7930,867,true
10444,7931,867,true
10445,7932,867,false
10446,7932,868,false
10447,7932,869,false
10448,7932,870,false
10449,7932,871,false
10450,7932,872,false
10451,7933,871,true
10452,7934,867,false
10453,7934,868,false
10454,7934,869,false
10455,7934,870,false
10456,7934,871,false
10457,7934,872,false
10458,7935,867,true
10459,7936,868,true
10460,7937,867,true
10461,7938,867,true
10462,7939,867,true
10463,7940,867,true
10464,7940,869,true
10465,7941,869,true
10466,7942,867,true
10467,7943,870,true
10468,7944,871,true
10469,7945,871,true
10470,7946,872,true
10471,7947,867,true
10472,7948,867,true
10473,7949,872,true
10474,7950,880,false
10475,7951,880,false
10476,7952,874,true
10477,7953,880,false
10478,7954,880,false
10479,7955,874,true
10480,7956,2405,false
10481,7957,2405,false
10482,7958,2405,false
10483,7959,882,true
10484,7960,874,true
10485,7961,880,false
10486,7961,881,false
10487,7962,2405,false
10488,7963,2405,false
10489,7964,880,false
10490,7965,2405,false
10491,7966,2405,false
10492,7967,2405,false
10493,7968,2405,false
10494,7969,2405,false
10495,7970,2405,false
10496,7971,2405,false
10497,7972,880,false
10498,7973,880,false
10499,7974,878,false
10500,7975,880,false
10501,7976,880,false
10502,7977,873,true
10503,7978,875,true
10504,7979,876,true
10505,7980,877,true
10506,7981,878,true
10507,7982,879,true
10508,7983,880,false
10509,7984,880,false
10510,7985,880,false
10511,7986,880,false
10512,7987,880,false
10513,7988,880,false
10514,7989,880,false
10515,7990,881,false
10516,7991,2405,false
10517,7992,880,false
10518,7993,880,false
10519,7994,880,false
10520,7995,880,false
10521,7996,880,false
10522,7997,881,true
10523,7998,2405,false
10524,7999,880,false
10525,8000,880,false
10526,8001,880,false
10527,8002,880,false
10528,8003,880,false
10529,8004,880,false
10530,8005,881,true
10531,8006,2405,false
10532,8007,881,true
10533,8008,880,false
10534,8009,873,true
10535,8010,875,true
10536,8011,876,true
10537,8012,2405,false
10538,8013,877,true
10539,8014,878,true
10540,8015,880,false
10541,8016,879,true
10542,8017,880,false
10543,8018,880,false
10544,8018,881,false
10545,8019,881,false
10546,8020,880,false
10547,8021,880,false
10548,8022,880,false
10549,8023,880,false
10550,8024,880,false
10551,8025,881,true
10552,8026,881,false
10553,8027,881,false
10554,8028,881,false
10555,8029,2405,false
10556,8030,880,false
10557,8031,2405,false
10558,8032,2405,false
10559,8033,2405,false
10560,8034,2405,false
10561,8035,2405,false
10562,8036,2405,false
10563,8037,2405,false
10564,8038,880,false
10565,8039,2405,false
10566,8040,881,true
10567,8041,880,false
10568,8042,880,false
10569,8043,880,false
10570,8044,2405,false
10571,8045,2405,false
10572,8046,874,false
10573,8046,876,false
10574,8046,880,false
10575,8047,880,false
10576,8048,880,false
10577,8049,873,false
10578,8049,874,false
10579,8049,875,false
10580,8049,876,false
10581,8049,877,false
10582,8049,878,false
10583,8049,880,false
10584,8049,881,false
10585,8050,873,false
10586,8050,874,false
10587,8050,875,false
10588,8050,876,false
10589,8050,877,false
10590,8050,878,false
10591,8050,880,false
10592,8050,881,false
10593,8051,880,false
10594,8052,873,true
10595,8053,875,true
10596,8054,876,true
10597,8055,877,true
10598,8056,878,true
10599,8057,879,true
10600,8058,880,false
10601,8059,880,false
10602,8060,880,false
10603,8061,2405,false
10604,8062,880,false
10605,8063,880,false
10606,8064,884,true
10607,8065,884,true
10608,8066,883,true
10609,8067,883,true
10610,8068,883,true
10611,8069,884,true
10612,8070,883,true
10613,8071,883,true
10614,8072,883,true
10615,8073,884,true
10616,8074,883,true
10617,8075,2458,false
10618,8076,883,true
10619,8077,883,true
10620,8078,2458,false
10621,8079,883,false
10622,8079,884,false
10623,8080,883,true
10624,8081,883,false
10625,8081,884,false
10626,8082,883,false
10627,8082,884,false
10628,8083,883,true
10629,8084,883,true
10630,8085,883,true
10631,8086,884,true
10632,8087,883,true
10633,8088,887,true
10634,8089,887,true
10635,8090,887,true
10636,8091,888,true
10637,8092,2784,false
10638,8093,2784,false
10639,8094,2784,false
10640,8095,2784,false
10641,8096,886,false
10642,8097,2784,false
10643,8098,2784,false
10644,8099,2406,false
10645,8100,2406,false
10646,8101,2406,false
10647,8102,2406,false
10648,8103,2406,false
10649,8104,2406,false
10650,8105,2406,false
10651,8106,2406,false
10652,8107,2406,false
10653,8108,2406,false
10654,8109,2406,false
10655,8110,2406,false
10656,8111,2406,false
10657,8112,2406,false
10658,8113,2406,false
10659,8114,2406,false
10660,8115,2406,false
10661,8116,2406,false
10662,8117,2406,false
10663,8118,2406,false
10664,8119,2406,false
10665,8120,2406,false
10666,8121,2406,false
10667,8122,2406,false
10668,8123,2406,false
10669,8124,2406,false
10670,8125,2406,false
10671,8126,2406,false
10672,8127,2406,false
10673,8128,2406,false
10674,8129,2406,false
10675,8130,2406,false
10676,8131,2406,false
10677,8132,2406,false
10678,8133,2406,false
10679,8134,2785,false
10680,8135,890,true
10681,8136,890,true
10682,8137,890,true
10683,8138,890,true
10684,8139,890,true
10685,8140,890,true
10686,8141,890,true
10687,8142,890,true
10688,8143,890,true
10689,8144,2785,false
10690,8145,890,true
10691,8146,2785,false
10692,8147,890,true
10693,8148,890,true
10694,8149,2596,false
10695,8150,893,false
10696,8150,895,false
10697,8151,897,true
10698,8152,899,false
10699,8153,891,true
10700,8154,891,true
10701,8155,894,true
10702,8155,899,true
10703,8156,2596,false
10704,8157,894,true
10705,8157,899,true
10706,8158,898,true
10707,8158,899,true
10708,8159,2596,false
10709,8160,2596,false
10710,8161,899,true
10711,8162,891,true
10712,8163,892,true
10713,8164,893,true
10714,8165,894,true
10715,8166,895,true
10716,8167,897,true
10717,8168,898,true
10718,8169,899,true
10719,8170,900,true
10720,8171,893,false
10721,8171,895,false
10722,8172,897,true
10723,8173,891,true
10724,8174,891,true
10725,8175,892,true
10726,8176,891,true
10727,8177,893,true
10728,8178,894,true
10729,8179,894,true
10730,8180,895,true
10731,8181,895,true
10732,8181,896,true
10733,8182,894,true
10734,8183,897,true
10735,8184,898,true
10736,8185,2596,false
10737,8186,899,true
10738,8187,900,true
10739,8188,2596,false
10740,8189,891,true
10741,8190,2596,false
10742,8191,891,true
10743,8192,891,true
10744,8193,2596,false
10745,8194,2596,false
10746,8195,893,false
10747,8196,894,false
10748,8197,2596,false
10749,8198,894,false
10750,8199,895,true
10751,8200,894,true
10752,8201,2596,false
10753,8202,898,false
10754,8203,2596,false
10755,8204,2596,false
10756,8205,2596,false
10757,8206,2596,false
10758,8207,2596,false
10759,8208,899,false
10760,8209,2596,false
10761,8210,891,false
10762,8210,892,false
10763,8210,893,false
10764,8210,894,false
10765,8210,895,false
10766,8210,896,false
10767,8210,897,false
10768,8210,898,false
10769,8210,899,false
10770,8210,900,false
10771,8211,891,true
10772,8212,895,true
10773,8212,896,true
10774,8213,891,true
10775,8214,891,true
10776,8215,891,true
10777,8216,895,true
10778,8216,896,true
10779,8217,891,true
10780,8218,895,true
10781,8218,896,true
10782,8219,891,true
10783,8220,891,false
10784,8220,892,false
10785,8220,893,false
10786,8220,894,false
10787,8220,895,false
10788,8220,896,false
10789,8220,897,false
10790,8220,898,false
10791,8220,899,false
10792,8220,900,false
10793,8221,891,false
10794,8221,892,false
10795,8221,893,false
10796,8221,894,false
10797,8221,895,false
10798,8221,896,false
10799,8221,897,false
10800,8221,898,false
10801,8221,899,false
10802,8221,900,false
10803,8222,891,true
10804,8223,892,true
10805,8224,894,true
10806,8225,897,true
10807,8226,898,true
10808,8227,899,true
10809,8228,900,true
10810,8229,903,true
10811,8230,901,true
10812,8230,902,true
10813,8231,2597,false
10814,8232,903,true
10815,8233,2597,false
10816,8234,901,true
10817,8235,904,true
10818,8236,903,false
10819,8236,904,false
10820,8237,2597,false
10821,8238,2597,false
10822,8239,2597,false
10823,8240,901,true
10824,8241,902,true
10825,8242,904,true
10826,8243,903,true
10827,8244,903,true
10828,8245,904,true
10829,8246,2597,false
10830,8247,904,true
10831,8248,2597,false
10832,8249,2597,false
10833,8250,901,true
10834,8251,902,true
10835,8252,2597,false
10836,8253,903,true
10837,8254,903,true
10838,8255,904,true
10839,8256,2597,false
10840,8257,904,true
10841,8258,2597,false
10842,8259,2597,false
10843,8260,2597,false
10844,8261,2597,false
10845,8262,903,true
10846,8263,2597,false
10847,8264,903,true
10848,8265,904,true
10849,8266,904,true
10850,8267,2597,false
10851,8268,2597,false
10852,8269,2597,false
10853,8270,904,true
10854,8271,904,true
10855,8272,2597,false
10856,8273,2597,false
10857,8274,2597,false
10858,8275,2597,false
10859,8276,2597,false
10860,8277,901,true
10861,8277,902,true
10862,8278,2597,false
10863,8279,903,true
10864,8280,2597,false
10865,8281,901,true
10866,8282,904,true
10867,8283,903,false
10868,8283,904,false
10869,8284,2597,false
10870,8285,2597,false
10871,8286,2597,false
10872,8287,2597,false
10873,8288,901,true
10874,8289,901,true
10875,8290,902,true
10876,8291,2597,false
10877,8292,2597,false
10878,8293,904,true
10879,8294,2597,false
10880,8295,2597,false
10881,8296,901,true
10882,8297,901,true
10883,8298,2597,false
10884,8299,901,true
10885,8300,2597,false
10886,8301,2597,false
10887,8302,904,true
10888,8303,2597,false
10889,8304,903,true
10890,8305,2597,false
10891,8306,904,true
10892,8307,903,true
10893,8308,2597,false
10894,8309,904,true
10895,8310,2597,false
10896,8311,2597,false
10897,8312,2597,false
10898,8313,2597,false
10899,8314,904,true
10900,8315,2597,false
10901,8316,2597,false
10902,8317,901,false
10903,8317,902,false
10904,8318,2597,false
10905,8319,2597,false
10906,8320,2597,false
10907,8321,904,true
10908,8322,2597,false
10909,8323,903,true
10910,8324,2597,false
10911,8325,2597,false
10912,8326,2597,false
10913,8327,2597,false
10914,8328,2597,false
10915,8329,901,false
10916,8329,902,false
10917,8330,2597,false
10918,8331,901,false
10919,8331,902,false
10920,8332,901,true
10921,8333,902,true
10922,8334,2597,false
10923,8335,903,true
10924,8336,903,true
10925,8337,904,true
10926,8338,2597,false
10927,8339,2597,false
10928,8340,904,true
10929,8341,2597,false
10930,8342,2597,false
10931,8343,2593,false
10932,8344,2593,false
10933,8345,906,true
10934,8346,2593,false
10935,8347,2593,false
10936,8348,2593,false
10937,8349,2593,false
10938,8350,906,true
10939,8351,907,true
10940,8352,2593,false
10941,8353,905,true
10942,8354,2593,false
10943,8355,2593,false
10944,8356,2593,false
10945,8357,906,true
10946,8358,907,true
10947,8359,2593,false
10948,8360,2593,false
10949,8361,2593,false
10950,8362,2593,false
10951,8363,2593,false
10952,8364,906,true
10953,8365,2593,false
10954,8366,2593,false
10955,8367,2593,false
10956,8368,2593,false
10957,8369,2593,false
10958,8370,2593,false
10959,8371,907,true
10960,8372,906,false
10961,8372,907,false
10962,8373,906,false
10963,8373,907,false
10964,8374,906,false
10965,8374,907,false
10966,8375,2593,false
10967,8376,2593,false
10968,8377,907,true
10969,8378,2593,false
10970,8379,2598,false
10971,8380,2598,false
10972,8381,2598,false
10973,8382,2598,false
10974,8383,2598,false
10975,8384,2598,false
10976,8385,2598,false
10977,8386,2598,false
10978,8387,909,true
10979,8388,909,true
10980,8389,908,true
10981,8390,908,true
10982,8390,909,true
10983,8391,2786,false
10984,8392,909,true
10985,8393,909,true
10986,8394,2786,false
10987,8395,2786,false
10988,8396,2786,false
10989,8397,909,true
10990,8398,2786,false
10991,8399,909,true
10992,8400,908,true
10993,8401,909,true
10994,8402,909,true
10995,8403,909,true
10996,8404,909,true
10997,8405,909,true
10998,8406,910,true
10999,8407,910,true
11000,8407,911,true
11001,8407,913,true
11002,8407,914,true
11003,8408,912,true
11004,8409,910,true
11005,8409,911,true
11006,8409,913,true
11007,8409,914,true
11008,8410,2677,false
11009,8411,2677,false
11010,8412,2677,false
11011,8413,2677,false
11012,8414,2677,false
11013,8415,911,true
11014,8415,913,true
11015,8415,914,true
11016,8416,2677,false
11017,8417,2677,false
11018,8418,2677,false
11019,8419,2677,false
11020,8420,911,true
11021,8420,913,true
11022,8420,914,true
11023,8421,915,true
11024,8422,915,true
11025,8423,915,true
11026,8424,915,true
11027,8425,915,true
11028,8426,915,true
11029,8427,2599,false
11030,8428,2599,false
11031,8429,915,true
11032,8430,915,true
11033,8431,2599,false
11034,8432,915,true
11035,8433,915,true
11036,8434,915,true
11037,8435,915,true
11038,8436,915,true
11039,8437,917,true
11040,8438,2678,false
11041,8439,916,true
11042,8440,916,true
11043,8441,2678,false
11044,8442,917,true
11045,8443,916,true
11046,8444,2678,false
11047,8445,2678,false
11048,8446,2678,false
11049,8447,2678,false
11050,8448,916,false
11051,8448,917,false
11052,8449,916,false
11053,8449,917,false
11054,8450,2679,false
11055,8451,2679,false
11056,8452,2679,false
11057,8453,2679,false
11058,8454,2679,false
11059,8455,2679,false
11060,8456,2679,false
11061,8457,2679,false
11062,8458,2679,false
11063,8459,2679,false
11064,8460,2679,false
11065,8461,2679,false
11066,8462,2679,false
11067,8463,2679,false
11068,8464,2679,false
11069,8465,2679,false
11070,8466,2679,false
11071,8467,2679,false
11072,8468,2679,false
11073,8469,2679,false
11074,8470,2679,false
11075,8471,2679,false
11076,8472,2679,false
11077,8473,2679,false
11078,8474,2679,false
11079,8475,2679,false
11080,8476,2679,false
11081,8477,2600,false
11082,8478,918,true
11083,8479,924,true
11084,8480,924,true
11085,8481,918,true
11086,8482,924,true
11087,8483,924,true
11088,8484,924,true
11089,8485,918,true
11090,8486,919,true
11091,8486,920,true
11092,8487,923,true
11093,8488,924,true
11094,8489,924,true
11095,8490,919,true
11096,8491,918,true
11097,8492,919,true
11098,8493,2787,false
11099,8494,923,true
11100,8494,924,true
11101,8495,919,true
11102,8496,924,true
11103,8497,924,true
11104,8498,2787,false
11105,8499,918,false
11106,8499,924,false
11107,8500,924,true
11108,8501,919,true
11109,8502,2787,false
11110,8503,2787,false
11111,8504,2787,false
11112,8505,924,true
11113,8506,924,true
11114,8507,919,true
11115,8508,918,false
11116,8508,924,false
11117,8509,2787,false
11118,8510,918,false
11119,8510,924,false
11120,8511,923,true
11121,8512,924,true
11122,8513,924,true
11123,8514,2787,false
11124,8515,2601,false
11125,8516,930,true
11126,8517,927,false
11127,8517,929,false
11128,8517,930,false
11129,8517,931,false
11130,8517,932,false
11131,8517,933,false
11132,8517,935,false
11133,8518,930,true
11134,8519,930,true
11135,8520,932,true
11136,8520,933,true
11137,8521,930,true
11138,8522,930,true
11139,8522,935,true
11140,8523,933,true
11141,8524,930,true
11142,8524,932,true
11143,8525,927,true
11144,8526,930,true
11145,8526,932,true
11146,8527,930,true
11147,8527,935,true
11148,8528,930,true
11149,8529,930,true
11150,8530,935,true
11151,8531,935,true
11152,8532,930,true
11153,8533,2601,false
11154,8534,930,true
11155,8534,933,true
11156,8535,930,true
11157,8535,933,true
11158,8536,930,true
11159,8537,930,true
11160,8538,927,true
11161,8539,934,true
11162,8540,931,true
11163,8541,930,true
11164,8542,935,true
11165,8543,930,true
11166,8543,932,true
11167,8544,2601,false
11168,8545,933,true
11169,8546,935,true
11170,8547,930,true
11171,8548,930,true
11172,8549,930,true
11173,8550,930,true
11174,8551,927,true
11175,8552,935,true
11176,8553,934,true
11177,8554,929,true
11178,8555,930,true
11179,8556,930,true
11180,8557,931,true
11181,8558,931,true
11182,8559,930,true
11183,8560,935,true
11184,8561,935,true
11185,8562,2601,false
11186,8563,930,true
11187,8564,930,true
11188,8565,930,true
11189,8566,930,true
11190,8567,930,true
11191,8568,935,true
11192,8569,930,true
11193,8570,929,true
11194,8571,931,true
11195,8572,930,true
11196,8573,2601,false
11197,8574,2601,false
11198,8575,2601,false
11199,8576,2601,false
11200,8577,2601,false
11201,8578,930,true
11202,8579,930,false
11203,8579,931,false
11204,8579,932,false
11205,8579,935,false
11206,8580,2601,false
11207,8581,2601,false
11208,8582,935,true
11209,8583,930,true
11210,8584,2601,false
11211,8585,931,true
11212,8586,931,true
11213,8587,927,false
11214,8587,929,false
11215,8587,930,false
11216,8587,931,false
11217,8587,932,false
11218,8587,933,false
11219,8587,935,false
11220,8588,930,true
11221,8589,930,true
11222,8589,932,true
11223,8590,930,true
11224,8590,932,true
11225,8591,930,true
11226,8592,930,true
11227,8593,930,true
11228,8594,930,true
11229,8595,931,true
11230,8596,930,true
11231,8597,930,true
11232,8597,933,true
11233,8598,930,true
11234,8599,930,true
11235,8600,934,true
11236,8601,929,true
11237,8602,930,true
11238,8603,930,true
11239,8604,930,true
11240,8605,931,true
11241,8606,931,true
11242,8607,930,true
11243,8608,930,true
11244,8609,930,true
11245,8610,935,true
11246,8611,928,true
11247,8612,939,true
11248,8613,939,true
11249,8614,939,true
11250,8615,939,true
11251,8616,939,true
11252,8617,939,true
11253,8618,939,true
11254,8619,937,true
11255,8620,938,true
11256,8621,940,true
11257,8622,939,true
11258,8623,939,true
11259,8624,939,true
11260,8625,936,true
11261,8626,939,true
11262,8627,937,true
11263,8628,937,true
11264,8629,938,true
11265,8630,940,true
11266,8631,939,true
11267,8632,939,true
11268,8633,939,true
11269,8634,937,true
11270,8635,939,true
11271,8636,939,true
11272,8637,939,true
11273,8638,939,true
11274,8639,939,true
11275,8640,939,true
11276,8641,939,true
11277,8642,939,true
11278,8643,939,true
11279,8644,937,true
11280,8645,938,true
11281,8646,940,true
11282,8647,939,true
11283,8648,2602,false
11284,8649,2602,false
11285,8650,2602,false
11286,8651,2602,false
11287,8652,2602,false
11288,8653,2602,false
11289,8654,2602,false
11290,8655,2602,false
11291,8656,2602,false
11292,8657,2602,false
11293,8658,2602,false
11294,8659,2602,false
11295,8660,2602,false
11296,8661,2602,false
11297,8662,2602,false
11298,8663,2602,false
11299,8664,2602,false
11300,8665,2602,false
11301,8666,2602,false
11302,8667,2602,false
11303,8668,2602,false
11304,8669,2602,false
11305,8670,2602,false
11306,8671,2602,false
11307,8672,2602,false
11308,8673,2602,false
11309,8674,2602,false
11310,8675,2602,false
11311,8676,2602,false
11312,8677,2602,false
11313,8678,2602,false
11314,8679,2602,false
11315,8680,2602,false
11316,8681,2602,false
11317,8682,2602,false
11318,8683,2602,false
11319,8684,2602,false
11320,8685,2602,false
11321,8686,2602,false
11322,8687,2603,false
11323,8688,2603,false
11324,8689,2603,false
11325,8690,2603,false
11326,8691,2603,false
11327,8692,2603,false
11328,8693,2603,false
11329,8694,2603,false
11330,8695,2603,false
11331,8696,2603,false
11332,8697,2459,false
11333,8698,941,true
11334,8699,2459,false
11335,8700,941,true
11336,8701,2459,false
11337,8702,2459,false
11338,8703,2459,false
11339,8704,941,true
11340,8705,942,true
11341,8706,941,true
11342,8707,941,true
11343,8708,2682,false
11344,8709,2682,false
11345,8710,2682,false
11346,8711,2682,false
11347,8712,2682,false
11348,8713,943,false
11349,8713,945,false
11350,8713,947,false
11351,8713,948,false
11352,8713,950,false
11353,8713,951,false
11354,8713,952,false
11355,8713,954,false
11356,8713,956,false
11357,8713,957,false
11358,8713,958,false
11359,8713,962,false
11360,8714,954,true
11361,8715,2683,false
11362,8716,951,true
11363,8717,2683,false
11364,8718,943,true
11365,8718,948,true
11366,8718,950,false
11367,8718,952,false
11368,8719,948,true
11369,8719,950,false
11370,8719,952,false
11371,8720,947,true
11372,8721,948,true
11373,8722,2683,false
11374,8723,2683,false
11375,8724,2683,false
11376,8725,2683,false
11377,8726,959,true
11378,8727,2683,false
11379,8728,943,false
11380,8728,948,false
11381,8728,950,false
11382,8728,952,false
11383,8729,947,true
11384,8730,948,true
11385,8731,2683,false
11386,8732,951,true
11387,8733,954,true
11388,8734,956,true
11389,8735,957,true
11390,8736,957,true
11391,8737,958,true
11392,8738,959,true
11393,8739,948,false
11394,8739,955,false
11395,8739,957,false
11396,8740,952,true
11397,8741,958,true
11398,8742,951,true
11399,8742,963,true
11400,8743,951,true
11401,8743,964,true
11402,8744,2683,false
11403,8745,943,false
11404,8745,948,false
11405,8745,950,false
11406,8745,952,false
11407,8746,943,true
11408,8747,943,true
11409,8748,2683,false
11410,8749,945,true
11411,8750,2683,false
11412,8751,948,true
11413,8752,948,true
11414,8753,948,true
11415,8754,950,true
11416,8754,952,true
11417,8755,958,true
11418,8756,950,true
11419,8756,952,true
11420,8757,2683,false
11421,8758,950,true
11422,8758,952,true
11423,8759,2683,false
11424,8760,950,true
11425,8760,952,true
11426,8761,2683,false
11427,8762,2683,false
11428,8763,2683,false
11429,8764,2683,false
11430,8765,951,true
11431,8766,2683,false
11432,8767,951,true
11433,8768,951,true
11434,8769,2683,false
11435,8770,2683,false
11436,8771,2683,false
11437,8772,2683,false
11438,8773,2683,false
11439,8774,2683,false
11440,8775,2683,false
11441,8776,2683,false
11442,8777,2683,false
11443,8778,954,true
11444,8779,2683,false
11445,8780,954,true
11446,8781,945,true
11447,8782,948,true
11448,8783,947,true
11449,8784,2683,false
11450,8785,950,false
11451,8785,952,false
11452,8785,962,false
11453,8786,958,true
11454,8787,2683,false
11455,8788,948,true
11456,8789,2683,false
11457,8790,2683,false
11458,8791,2683,false
11459,8792,951,true
11460,8793,2683,false
11461,8794,2683,false
11462,8795,2683,false
11463,8796,951,true
11464,8797,954,true
11465,8798,956,true
11466,8799,959,true
11467,8800,957,true
11468,8801,957,true
11469,8802,957,true
11470,8803,957,true
11471,8804,958,true
11472,8805,2683,false
11473,8806,948,false
11474,8806,955,false
11475,8806,957,false
11476,8807,960,true
11477,8808,957,true
11478,8809,943,true
11479,8810,2683,false
11480,8811,2683,false
11481,8812,2683,false
11482,8813,2683,false
11483,8814,2683,false
11484,8815,2683,false
11485,8816,948,true
11486,8817,948,true
11487,8818,2683,false
11488,8819,950,false
11489,8819,952,false
11490,8820,2683,false
11491,8821,959,true
11492,8822,959,true
11493,8823,2683,false
11494,8824,2683,false
11495,8825,2683,false
11496,8826,2683,false
11497,8827,2683,false
11498,8828,943,false
11499,8828,945,false
11500,8828,947,false
11501,8828,948,false
11502,8828,951,false
11503,8828,952,false
11504,8828,954,false
11505,8828,956,false
11506,8828,957,false
11507,8828,958,false
11508,8829,948,true
11509,8830,950,false
11510,8830,952,false
11511,8831,2683,false
11512,8832,957,true
11513,8833,948,false
11514,8833,955,false
11515,8833,957,false
11516,8834,958,true
11517,8835,2683,false
11518,8836,958,true
11519,8837,951,true
11520,8838,951,true
11521,8839,943,false
11522,8839,945,false
11523,8839,947,false
11524,8839,948,false
11525,8839,950,false
11526,8839,951,false
11527,8839,952,false
11528,8839,954,false
11529,8839,956,false
11530,8839,957,false
11531,8839,958,false
11532,8839,962,false
11533,8840,960,true
11534,8841,961,true
11535,8842,945,true
11536,8843,946,false
11537,8843,948,true
11538,8843,950,false
11539,8843,952,false
11540,8844,950,false
11541,8844,952,false
11542,8845,943,true
11543,8846,944,false
11544,8846,945,true
11545,8846,948,true
11546,8847,944,false
11547,8847,945,true
11548,8847,948,true
11549,8848,2683,false
11550,8849,948,false
11551,8849,950,false
11552,8849,952,false
11553,8849,962,false
11554,8850,945,true
11555,8851,961,true
11556,8852,957,true
11557,8853,943,true
11558,8853,948,false
11559,8853,950,false
11560,8853,952,false
11561,8854,948,true
11562,8854,950,false
11563,8854,952,false
11564,8855,947,true
11565,8856,948,true
11566,8857,948,true
11567,8858,948,true
11568,8859,950,false
11569,8859,952,false
11570,8860,951,true
11571,8861,951,true
11572,8861,963,true
11573,8862,951,true
11574,8862,964,true
11575,8863,949,true
11576,8863,952,true
11577,8864,954,true
11578,8865,956,true
11579,8866,958,true
11580,8867,959,true
11581,8868,960,true
11582,8869,947,true
11583,8870,2460,false
11584,8871,2460,false
11585,8872,2460,false
11586,8873,965,true
11587,8873,967,true
11588,8874,2605,false
11589,8875,2605,false
11590,8876,965,true
11591,8876,967,true
11592,8877,965,true
11593,8878,966,true
11594,8879,967,true
11595,8880,967,true
11596,8881,965,true
11597,8882,965,true
11598,8882,967,true
11599,8883,966,true
11600,8884,967,true
11601,8885,967,true
11602,8886,965,true
11603,8886,967,true
11604,8887,965,true
11605,8887,967,true
11606,8888,2605,false
11607,8889,965,true
11608,8889,967,true
11609,8890,2605,false
11610,8891,2605,false
11611,8892,965,false
11612,8892,966,false
11613,8892,967,false
11614,8893,965,true
11615,8893,967,true
11616,8894,967,true
11617,8895,967,true
11618,8896,965,false
11619,8896,966,false
11620,8896,967,false
11621,8897,965,false
11622,8897,966,false
11623,8897,967,false
11624,8898,966,true
11625,8899,965,true
11626,8899,967,true
11627,8900,965,true
11628,8900,967,true
11629,8901,966,true
11630,8902,967,true
11631,8903,965,true
11632,8903,967,true
11633,8904,971,true
11634,8905,969,true
11635,8906,968,true
11636,8907,968,true
11637,8908,972,true
11638,8909,972,true
11639,8910,969,true
11640,8911,968,true
11641,8912,969,true
11642,8913,972,true
11643,8914,972,true
11644,8915,970,true
11645,8916,971,true
11646,8917,968,true
11647,8918,969,true
11648,8919,968,true
11649,8920,972,true
11650,8921,972,true
11651,8922,968,true
11652,8923,2684,false
11653,8924,2684,false
11654,8925,971,true
11655,8926,971,true
11656,8927,968,true
11657,8928,970,true
11658,8929,2684,false
11659,8930,972,true
11660,8931,972,true
11661,8932,2684,false
11662,8933,968,false
11663,8933,972,false
11664,8934,968,true
11665,8935,969,true
11666,8936,968,true
11667,8937,970,true
11668,8938,968,false
11669,8938,972,false
11670,8939,968,false
11671,8939,972,false
11672,8940,968,true
11673,8941,969,true
11674,8942,972,true
11675,8943,973,true
11676,8944,973,true
11677,8945,973,false
11678,8946,973,true
11679,8947,2685,false
11680,8948,2685,false
11681,8949,973,false
11682,8950,2685,false
11683,8951,973,true
11684,8952,973,true
11685,8953,973,true
11686,8954,973,true
11687,8955,973,true
11688,8956,2685,false
11689,8957,2686,false
11690,8958,2686,false
11691,8959,974,false
11692,8960,2686,false
11693,8961,975,false
11694,8962,2686,false
11695,8963,2686,false
11696,8964,2686,false
11697,8965,2686,false
11698,8966,2686,false
11699,8967,974,false
11700,8968,2686,false
11701,8969,2686,false
11702,8970,2686,false
11703,8971,2686,false
11704,8972,2686,false
11705,8973,2686,false
11706,8974,2686,false
11707,8975,2686,false
11708,8976,2686,false
11709,8977,2686,false
11710,8978,2686,false
11711,8979,974,false
11712,8980,974,false
11713,8981,2686,false
11714,8982,974,false
11715,8983,974,false
11716,8983,975,false
11717,8983,976,false
11718,8984,974,false
11719,8984,975,false
11720,8984,976,false
11721,8985,974,false
11722,8986,2686,false
11723,8987,2606,false
11724,8988,2606,false
11725,8989,2606,false
11726,8990,2606,false
11727,8991,2606,false
11728,8992,2606,false
11729,8993,2606,false
11730,8994,2606,false
11731,8995,2606,false
11732,8996,2606,false
11733,8997,2606,false
11734,8998,2606,false
11735,8999,2606,false
11736,9000,2606,false
11737,9001,2606,false
11738,9002,2606,false
11739,9003,2606,false
11740,9004,2606,false
11741,9005,2606,false
11742,9006,2606,false
11743,9007,980,true
11744,9008,978,true
11745,9009,979,true
11746,9009,981,true
11747,9010,981,true
11748,9011,978,true
11749,9012,979,true
11750,9013,981,true
11751,9014,977,true
11752,9015,978,true
11753,9016,978,true
11754,9017,978,true
11755,9018,979,true
11756,9019,980,true
11757,9020,981,true
11758,9021,981,true
11759,9022,981,true
11760,9023,979,true
11761,9024,977,true
11762,9025,978,true
11763,9026,979,true
11764,9027,980,true
11765,9028,981,true
11766,9029,2607,false
11767,9030,978,true
11768,9031,981,true
11769,9032,977,false
11770,9032,978,false
11771,9032,979,false
11772,9032,980,false
11773,9032,981,false
11774,9033,979,true
11775,9034,977,false
11776,9034,978,false
11777,9034,979,false
11778,9034,980,false
11779,9034,981,false
11780,9035,978,true
11781,9036,977,true
11782,9036,979,true
11783,9037,981,true
11784,9038,978,true
11785,9039,981,true
11786,9040,987,true
11787,9041,987,true
11788,9042,986,false
11789,9043,2608,false
11790,9044,2608,false
11791,9045,987,true
11792,9046,2608,false
11793,9047,2608,false
11794,9048,987,true
11795,9049,982,true
11796,9050,983,true
11797,9051,984,true
11798,9052,985,true
11799,9053,986,true
11800,9054,987,true
11801,9055,988,true
11802,9056,988,true
11803,9057,989,true
11804,9058,989,true
11805,9059,990,true
11806,9060,987,true
11807,9061,982,true
11808,9062,983,true
11809,9063,984,true
11810,9064,990,true
11811,9065,985,true
11812,9066,986,true
11813,9067,2608,false
11814,9068,987,true
11815,9069,988,true
11816,9070,989,true
11817,9071,989,true
11818,9072,990,true
11819,9073,2608,false
11820,9074,987,true
11821,9075,988,true
11822,9076,987,true
11823,9077,987,true
11824,9078,2608,false
11825,9079,2608,false
11826,9080,990,true
11827,9081,984,true
11828,9082,987,true
11829,9083,2608,false
11830,9084,2608,false
11831,9085,2608,false
11832,9086,982,false
11833,9086,983,false
11834,9086,984,false
11835,9086,985,false
11836,9086,986,false
11837,9086,987,false
11838,9086,988,false
11839,9086,990,false
11840,9087,987,true
11841,9088,2608,false
11842,9089,2608,false
11843,9090,990,true
11844,9091,984,true
11845,9092,984,true
11846,9093,984,true
11847,9094,984,true
11848,9095,987,true
11849,9096,987,true
11850,9097,982,false
11851,9097,983,false
11852,9097,984,false
11853,9097,985,false
11854,9097,986,false
11855,9097,987,false
11856,9097,988,false
11857,9097,989,false
11858,9097,990,false
11859,9098,984,true
11860,9099,988,true
11861,9100,982,false
11862,9100,983,false
11863,9100,984,false
11864,9100,985,false
11865,9100,986,false
11866,9100,987,false
11867,9100,988,false
11868,9100,989,false
11869,9100,990,false
11870,9101,2608,false
11871,9102,982,true
11872,9103,983,true
11873,9104,984,true
11874,9104,986,false
11875,9105,985,true
11876,9106,986,true
11877,9107,987,true
11878,9108,988,true
11879,9109,989,true
11880,9110,989,true
11881,9111,2789,false
11882,9112,2789,false
11883,9113,997,true
11884,9114,2789,false
11885,9115,993,true
11886,9116,994,true
11887,9117,998,true
11888,9118,999,true
11889,9119,1000,true
11890,9120,997,true
11891,9121,993,true
11892,9122,994,true
11893,9123,995,true
11894,9124,996,true
11895,9125,998,true
11896,9126,999,true
11897,9127,1000,true
11898,9128,997,true
11899,9129,997,true
11900,9130,993,true
11901,9131,993,true
11902,9132,994,true
11903,9133,995,true
11904,9134,2789,false
11905,9135,996,true
11906,9136,998,true
11907,9137,999,true
11908,9138,1000,true
11909,9139,997,true
11910,9140,2789,false
11911,9141,993,true
11912,9142,994,true
11913,9143,2789,false
11914,9144,2789,false
11915,9145,2789,false
11916,9146,2789,false
11917,9147,2789,false
11918,9148,2789,false
11919,9149,2789,false
11920,9150,2789,false
11921,9151,997,true
11922,9152,2789,false
11923,9153,997,true
11924,9154,993,false
11925,9154,994,false
11926,9154,995,false
11927,9154,996,false
11928,9154,997,false
11929,9154,998,false
11930,9154,999,false
11931,9154,1000,false
11932,9155,997,true
11933,9156,993,false
11934,9156,994,false
11935,9156,995,false
11936,9156,996,false
11937,9156,997,false
11938,9156,998,false
11939,9156,999,false
11940,9156,1000,false
11941,9157,993,true
11942,9158,994,true
11943,9159,994,true
11944,9160,997,true
11945,9161,996,true
11946,9162,998,true
11947,9163,999,true
11948,9164,1000,true
11949,9165,2461,false
11950,9166,2461,false
11951,9167,1001,true
11952,9168,1001,true
11953,9169,1001,true
11954,9170,2461,false
11955,9171,2461,false
11956,9172,2461,false
11957,9173,2461,false
11958,9174,2461,false
11959,9175,2461,false
11960,9176,2461,false
11961,9177,2461,false
11962,9178,2461,false
11963,9179,2461,false
11964,9180,2461,false
11965,9181,2461,false
11966,9182,2461,false
11967,9183,2461,false
11968,9184,2461,false
11969,9185,1001,true
11970,9186,2461,false
11971,9187,2461,false
11972,9188,2461,false
11973,9189,2461,false
11974,9190,2462,false
11975,9191,2462,false
11976,9192,2462,false
11977,9193,2462,false
11978,9194,2462,false
11979,9195,2462,false
11980,9196,1006,true
11981,9197,1004,true
11982,9198,1004,true
11983,9199,1006,true
11984,9200,2688,false
11985,9201,2688,false
11986,9202,1002,true
11987,9203,1006,true
11988,9204,2688,false
11989,9205,2688,false
11990,9206,1006,true
11991,9207,1004,true
11992,9208,1004,true
11993,9209,1006,true
11994,9210,2688,false
11995,9211,1002,true
11996,9212,1003,true
11997,9213,1004,true
11998,9214,1005,true
11999,9215,1006,true
12000,9216,1007,true
12001,9217,2688,false
12002,9218,1006,true
12003,9219,2688,false
12004,9220,1004,true
12005,9221,2688,false
12006,9222,2688,false
12007,9223,2688,false
12008,9224,1006,true
12009,9225,2688,false
12010,9226,2688,false
12011,9227,2688,false
12012,9228,1006,true
12013,9229,2688,false
12014,9230,2688,false
12015,9231,1006,true
12016,9232,1006,true
12017,9233,1002,true
12018,9234,1004,true
12019,9235,1006,true
12020,9236,1008,true
12021,9237,2790,false
12022,9238,1008,true
12023,9239,1008,true
12024,9240,2790,false
12025,9241,2790,false
12026,9242,1008,true
12027,9243,1008,true
12028,9244,1008,true
12029,9245,2463,false
12030,9246,2463,false
12031,9247,2463,false
12032,9248,2463,false
12033,9249,2463,false
12034,9250,2463,false
12035,9251,2463,false
12036,9252,2463,false
12037,9253,2463,false
12038,9254,2463,false
12039,9255,2463,false
12040,9256,2463,false
12041,9257,2463,false
12042,9258,2463,false
12043,9259,2463,false
12044,9260,2463,false
12045,9261,2463,false
12046,9262,2463,false
12047,9263,2463,false
12048,9264,2463,false
12049,9265,2463,false
12050,9266,2463,false
12051,9267,2463,false
12052,9268,1009,true
12053,9269,1010,true
12054,9270,1011,true
12055,9271,1012,true
12056,9272,1013,true
12057,9273,1014,true
12058,9274,1015,true
12059,9275,1016,true
12060,9276,1017,true
12061,9277,1018,true
12062,9278,1019,true
12063,9279,1019,true
12064,9280,1020,true
12065,9281,1009,true
12066,9282,1010,true
12067,9283,1011,true
12068,9284,1019,true
12069,9285,1016,true
12070,9286,1012,true
12071,9287,1013,true
12072,9288,1014,true
12073,9289,1015,true
12074,9290,1016,true
12075,9291,1017,true
12076,9292,1018,true
12077,9293,1019,true
12078,9294,1020,true
12079,9295,1009,true
12080,9296,2609,false
12081,9297,2609,false
12082,9298,1010,true
12083,9299,1011,true
12084,9300,1019,true
12085,9301,1016,true
12086,9302,1012,true
12087,9303,1012,true
12088,9304,1013,true
12089,9305,1014,true
12090,9306,1015,true
12091,9307,1016,true
12092,9308,1019,false
12093,9309,1017,true
12094,9310,1018,true
12095,9311,1019,true
12096,9312,1020,true
12097,9313,2609,false
12098,9314,2609,false
12099,9315,2609,false
12100,9316,2609,false
12101,9317,2609,false
12102,9318,2609,false
12103,9319,2609,false
12104,9320,2609,false
12105,9321,2609,false
12106,9322,2609,false
12107,9323,2609,false
12108,9324,2609,false
12109,9325,2609,false
12110,9326,1012,false
12111,9326,1015,false
12112,9326,1016,false
12113,9326,1019,false
12114,9327,2609,false
12115,9328,2609,false
12116,9329,1019,true
12117,9330,1016,true
12118,9331,1012,false
12119,9331,1015,false
12120,9331,1016,false
12121,9331,1019,false
12122,9332,1012,false
12123,9332,1015,false
12124,9332,1016,false
12125,9332,1019,false
12126,9333,1009,true
12127,9334,1010,true
12128,9335,1011,true
12129,9336,1012,true
12130,9337,1013,true
12131,9338,1014,true
12132,9339,1015,true
12133,9340,1016,true
12134,9341,1017,true
12135,9342,1018,true
12136,9343,1019,true
12137,9344,1020,true
12138,9345,1024,true
12139,9345,1032,true
12140,9346,1021,true
12141,9347,1022,true
12142,9348,1023,true
12143,9349,1025,true
12144,9350,1026,true
12145,9351,1027,true
12146,9352,1028,true
12147,9353,1029,true
12148,9354,1030,true
12149,9355,1031,true
12150,9356,1032,true
12151,9357,1032,true
12152,9358,1033,true
12153,9359,1021,true
12154,9360,1022,true
12155,9361,1023,true
12156,9362,1032,true
12157,9363,1029,true
12158,9364,1025,true
12159,9365,1026,true
12160,9366,1027,true
12161,9367,1028,true
12162,9368,1029,true
12163,9369,1030,true
12164,9370,1031,true
12165,9371,1032,true
12166,9372,1033,true
12167,9373,1024,true
12168,9374,1021,true
12169,9375,2610,false
12170,9376,2610,false
12171,9377,1022,true
12172,9378,1023,true
12173,9379,1032,true
12174,9380,1029,true
12175,9381,1025,true
12176,9382,1025,true
12177,9383,1026,true
12178,9384,1027,true
12179,9385,1028,true
12180,9386,1029,true
12181,9387,1032,false
12182,9388,1030,true
12183,9389,1031,true
12184,9390,1032,true
12185,9391,1024,true
12186,9392,1033,true
12187,9393,2610,false
12188,9394,2610,false
12189,9395,2610,false
12190,9396,2610,false
12191,9397,2610,false
12192,9398,2610,false
12193,9399,2610,false
12194,9400,2610,false
12195,9401,1032,true
12196,9402,2610,false
12197,9403,2610,false
12198,9404,2610,false
12199,9405,2610,false
12200,9406,2610,false
12201,9407,1025,false
12202,9407,1028,false
12203,9407,1029,false
12204,9407,1032,false
12205,9408,2610,false
12206,9409,2610,false
12207,9410,1032,true
12208,9411,1029,true
12209,9412,1025,false
12210,9412,1028,false
12211,9412,1029,false
12212,9412,1032,false
12213,9413,1025,false
12214,9413,1028,false
12215,9413,1029,false
12216,9413,1032,false
12217,9414,1021,true
12218,9415,1022,true
12219,9416,1023,true
12220,9417,1025,true
12221,9418,1026,true
12222,9419,1027,true
12223,9420,1028,true
12224,9421,1029,true
12225,9422,1030,true
12226,9423,1031,true
12227,9424,1032,true
12228,9425,1033,true
12229,9426,1034,false
12230,9426,1035,false
12231,9426,1036,false
12232,9426,1037,false
12233,9426,1038,false
12234,9426,1040,false
12235,9426,1044,false
12236,9426,1045,false
12237,9426,1046,true
12238,9427,2611,false
12239,9428,2611,false
12240,9429,1039,true
12241,9430,1042,true
12242,9431,1039,false
12243,9431,1042,false
12244,9431,1043,true
12245,9432,1039,false
12246,9432,1041,false
12247,9432,1042,false
12248,9432,1043,false
12249,9432,1046,true
12250,9433,2611,false
12251,9434,1046,true
12252,9435,1039,true
12253,9436,1046,true
12254,9437,1043,true
12255,9438,1042,true
12256,9439,1043,true
12257,9440,1046,true
12258,9441,2611,false
12259,9442,2611,false
12260,9443,2611,false
12261,9444,1034,false
12262,9444,1035,false
12263,9444,1036,false
12264,9444,1037,false
12265,9444,1038,false
12266,9444,1040,false
12267,9444,1044,false
12268,9444,1045,false
12269,9445,2611,false
12270,9446,2611,false
12271,9447,1039,true
12272,9448,1046,true
12273,9449,1041,true
12274,9450,2611,false
12275,9451,1043,true
12276,9452,1046,true
12277,9453,1042,true
12278,9454,2611,false
12279,9455,2611,false
12280,9456,2611,false
12281,9457,1043,true
12282,9458,1046,true
12283,9459,1046,true
12284,9460,1046,true
12285,9461,1034,false
12286,9461,1035,false
12287,9461,1036,false
12288,9461,1037,false
12289,9461,1038,false
12290,9461,1040,false
12291,9461,1044,false
12292,9461,1045,false
12293,9461,1046,true
12294,9462,2611,false
12295,9463,2611,false
12296,9464,2611,false
12297,9465,2611,false
12298,9466,2611,false
12299,9467,2611,false
12300,9468,2611,false
12301,9469,2611,false
12302,9470,1034,false
12303,9470,1035,false
12304,9470,1037,false
12305,9470,1044,false
12306,9470,1045,false
12307,9470,1046,true
12308,9471,2611,false
12309,9472,2611,false
12310,9473,1039,false
12311,9473,1042,false
12312,9473,1043,false
12313,9473,1046,false
12314,9474,2611,false
12315,9475,1046,true
12316,9476,1041,true
12317,9476,1043,true
12318,9477,1043,true
12319,9478,1039,false
12320,9478,1042,false
12321,9478,1043,false
12322,9478,1046,false
12323,9479,1039,false
12324,9479,1042,false
12325,9479,1043,false
12326,9479,1046,false
12327,9480,1039,true
12328,9481,1041,true
12329,9482,1042,true
12330,9483,1039,false
12331,9483,1042,false
12332,9483,1043,true
12333,9484,1039,false
12334,9484,1041,false
12335,9484,1042,false
12336,9484,1043,false
12337,9484,1046,true
12338,9485,1052,true
12339,9486,1052,true
12340,9487,1047,true
12341,9488,1047,true
12342,9489,2690,false
12343,9490,1049,true
12344,9491,1049,true
12345,9492,1052,true
12346,9493,2690,false
12347,9494,1050,true
12348,9495,2690,false
12349,9496,1051,true
12350,9497,2690,false
12351,9498,1052,true
12352,9499,1047,true
12353,9500,1047,true
12354,9501,1047,true
12355,9502,1049,true
12356,9503,1049,true
12357,9504,1050,true
12358,9505,1050,true
12359,9506,1051,true
12360,9507,1051,true
12361,9508,1052,true
12362,9509,1052,true
12363,9510,1052,true
12364,9511,1052,true
12365,9512,1049,true
12366,9513,1047,true
12367,9514,1047,true
12368,9515,1047,true
12369,9516,1048,true
12370,9517,1047,true
12371,9518,1052,true
12372,9519,2690,false
12373,9520,2690,false
12374,9521,1049,true
12375,9522,1052,true
12376,9523,1052,true
12377,9524,1049,true
12378,9525,1052,true
12379,9526,1050,true
12380,9527,2690,false
12381,9528,1051,true
12382,9529,1051,true
12383,9530,1051,true
12384,9531,1052,true
12385,9532,2690,false
12386,9533,1047,true
12387,9534,1047,true
12388,9535,2690,false
12389,9536,1047,true
12390,9537,1048,true
12391,9538,1047,true
12392,9539,1052,true
12393,9540,1052,true
12394,9541,1052,true
12395,9542,1052,true
12396,9543,1052,true
12397,9544,1049,true
12398,9545,2690,false
12399,9546,1052,true
12400,9547,2690,false
12401,9548,2690,false
12402,9549,1050,true
12403,9550,2690,false
12404,9551,1051,true
12405,9552,2690,false
12406,9553,2690,false
12407,9554,1047,false
12408,9554,1048,false
12409,9554,1049,false
12410,9554,1050,false
12411,9554,1051,false
12412,9554,1052,false
12413,9555,1051,true
12414,9556,1052,true
12415,9557,2690,false
12416,9558,1048,true
12417,9559,1047,true
12418,9560,1047,false
12419,9560,1048,false
12420,9560,1049,false
12421,9560,1050,false
12422,9560,1051,false
12423,9560,1052,false
12424,9561,1047,false
12425,9561,1048,false
12426,9561,1049,false
12427,9561,1050,false
12428,9561,1051,false
12429,9561,1052,false
12430,9562,1047,true
12431,9563,1047,true
12432,9564,1047,true
12433,9565,1048,true
12434,9566,1052,true
12435,9567,2690,false
12436,9568,1052,true
12437,9569,1052,true
12438,9570,1050,true
12439,9571,1051,true
12440,9572,1051,true
12441,9573,1051,true
12442,9574,2690,false
12443,9575,1052,true
12444,9576,1052,true
12445,9577,1052,true
12446,9578,1050,true
12447,9578,1052,true
12448,9579,1051,true
12449,9580,1053,true
12450,9581,1053,true
12451,9582,1053,true
12452,9583,1053,true
12453,9584,1053,true
12454,9585,1053,true
12455,9586,1053,true
12456,9587,1053,true
12457,9588,1053,true
12458,9589,1053,true
12459,9590,1053,true
12460,9591,1053,true
12461,9592,1053,true
12462,9593,1053,true
12463,9594,1053,true
12464,9595,1053,true
12465,9596,1053,true
12466,9597,1053,true
12467,9598,1053,true
12468,9599,1053,true
12469,9600,1053,true
12470,9601,1053,true
12471,9602,1053,true
12472,9603,1053,true
12473,9604,1053,true
12474,9605,1053,true
12475,9606,1053,true
12476,9607,1053,true
12477,9608,1053,true
12478,9609,1053,true
12479,9610,1053,true
12480,9611,2464,false
12481,9612,1053,true
12482,9613,1053,true
12483,9614,1053,true
12484,9615,1053,true
12485,9616,1053,true
12486,9617,1053,true
12487,9618,1053,true
12488,9619,1053,true
12489,9620,1053,true
12490,9621,1053,true
12491,9622,1053,true
12492,9623,1053,true
12493,9624,1053,true
12494,9625,1053,true
12495,9626,1053,true
12496,9627,1053,true
12497,9628,1055,true
12498,9629,2612,false
12499,9630,2612,false
12500,9631,1054,true
12501,9632,1055,true
12502,9633,1055,true
12503,9634,1055,true
12504,9635,2612,false
12505,9636,2612,false
12506,9637,1055,true
12507,9638,2612,false
12508,9639,1055,true
12509,9640,1055,true
12510,9641,2613,false
12511,9642,2613,false
12512,9643,1056,true
12513,9644,1057,true
12514,9645,1056,true
12515,9646,2613,false
12516,9647,1057,true
12517,9648,2613,false
12518,9649,1056,true
12519,9650,2613,false
12520,9651,2613,false
12521,9652,2613,false
12522,9653,2613,false
12523,9654,2613,false
12524,9655,2613,false
12525,9656,2613,false
12526,9657,2613,false
12527,9658,2613,false
12528,9659,2613,false
12529,9660,2613,false
12530,9661,2613,false
12531,9662,2613,false
12532,9663,2613,false
12533,9664,2613,false
12534,9665,2613,false
12535,9666,2613,false
12536,9667,1056,false
12537,9667,1057,false
12538,9668,2613,false
12539,9669,2613,false
12540,9670,2613,false
12541,9671,2613,false
12542,9672,2613,false
12543,9673,2613,false
12544,9674,1056,false
12545,9674,1057,false
12546,9675,1056,false
12547,9675,1057,false
12548,9676,1056,true
12549,9677,2613,false
12550,9678,1057,true
12551,9679,2613,false
12552,9680,2691,false
12553,9681,2691,false
12554,9682,1060,true
12555,9683,1060,true
12556,9684,1060,true
12557,9685,1060,true
12558,9686,1060,true
12559,9687,2692,false
12560,9688,1060,true
12561,9689,1060,true
12562,9690,1060,true
12563,9691,1060,true
12564,9692,1060,true
12565,9693,2692,false
12566,9694,1060,true
12567,9695,1060,true
12568,9696,1060,true
12569,9697,1060,true
12570,9698,1060,true
12571,9699,1060,true
12572,9700,1060,true
12573,9701,1065,true
12574,9702,1061,true
12575,9703,1064,true
12576,9703,1065,true
12577,9704,1063,true
12578,9705,1062,true
12579,9706,1062,true
12580,9707,1061,true
12581,9708,1062,true
12582,9709,1064,true
12583,9710,1061,true
12584,9711,1062,true
12585,9712,1063,true
12586,9713,1064,true
12587,9714,1065,true
12588,9715,1062,true
12589,9716,1062,true
12590,9717,1062,true
12591,9718,2614,false
12592,9719,1062,true
12593,9720,2614,false
12594,9721,2614,false
12595,9722,1063,true
12596,9723,1061,false
12597,9723,1062,false
12598,9723,1063,false
12599,9723,1064,false
12600,9723,1065,false
12601,9724,1061,false
12602,9724,1062,false
12603,9724,1063,false
12604,9724,1064,false
12605,9724,1065,false
12606,9725,1064,true
12607,9726,1064,true
12608,9727,2791,false
12609,9728,1066,true
12610,9729,1066,true
12611,9730,1066,true
12612,9731,1066,true
12613,9732,1066,true
12614,9733,2791,false
12615,9734,1066,true
12616,9735,1066,true
12617,9736,1066,false
12618,9737,1066,false
12619,9738,2465,false
12620,9739,1067,true
12621,9739,1069,true
12622,9740,1070,true
12623,9740,1073,true
12624,9741,1070,true
12625,9741,1075,true
12626,9742,1075,true
12627,9742,1077,true
12628,9743,1077,true
12629,9744,2465,false
12630,9745,2465,false
12631,9746,2465,false
12632,9747,2465,false
12633,9748,2465,false
12634,9749,2465,false
12635,9750,2465,false
12636,9751,2465,false
12637,9752,1074,true
12638,9753,2465,false
12639,9754,1078,true
12640,9755,1067,true
12641,9756,1076,true
12642,9757,1068,true
12643,9758,1069,true
12644,9759,1070,true
12645,9760,1070,true
12646,9761,1072,true
12647,9762,1073,true
12648,9763,1074,true
12649,9764,1075,true
12650,9765,1075,true
12651,9766,1075,true
12652,9767,1077,true
12653,9768,1078,true
12654,9769,1067,true
12655,9769,1069,true
12656,9770,1070,true
12657,9771,1077,true
12658,9772,1078,true
12659,9773,1075,true
12660,9773,1077,true
12661,9774,1075,true
12662,9775,1067,true
12663,9776,2465,false
12664,9777,1068,true
12665,9778,1069,true
12666,9779,1070,true
12667,9780,1071,true
12668,9781,1072,true
12669,9782,2465,false
12670,9783,1073,true
12671,9784,1074,true
12672,9785,1075,true
12673,9786,1075,true
12674,9787,1077,true
12675,9788,2465,false
12676,9789,2465,false
12677,9790,1070,true
12678,9791,2465,false
12679,9792,1072,true
12680,9793,2465,false
12681,9794,2465,false
12682,9795,2465,false
12683,9796,1075,true
12684,9797,1070,false
12685,9797,1075,false
12686,9797,1078,false
12687,9798,2465,false
12688,9799,2465,false
12689,9800,1075,true
12690,9801,1075,true
12691,9802,2465,false
12692,9803,2465,false
12693,9804,2465,false
12694,9805,1078,true
12695,9806,2465,false
12696,9807,2465,false
12697,9808,2465,false
12698,9809,2465,false
12699,9810,2465,false
12700,9811,2465,false
12701,9812,2465,false
12702,9813,2465,false
12703,9814,2465,false
12704,9815,1078,true
12705,9816,2465,false
12706,9817,1075,true
12707,9818,1070,false
12708,9818,1075,false
12709,9818,1078,false
12710,9819,1070,false
12711,9819,1075,false
12712,9819,1078,false
12713,9820,1067,true
12714,9821,1076,true
12715,9822,1068,true
12716,9823,1069,true
12717,9824,1070,true
12718,9825,1071,true
12719,9826,1072,true
12720,9827,1073,true
12721,9828,1074,true
12722,9829,1075,true
12723,9830,1077,true
12724,9831,1079,true
12725,9832,1079,true
12726,9833,2792,false
12727,9834,1079,true
12728,9835,1079,true
12729,9836,1079,true
12730,9837,1079,true
12731,9838,1079,true
12732,9839,1079,true
12733,9840,2792,false
12734,9841,1079,true
12735,9842,1079,true
12736,9843,1079,true
12737,9844,1079,true
12738,9845,1079,true
12739,9846,1079,true
12740,9847,1079,true
12741,9848,1079,true
12742,9849,1079,true
12743,9850,1079,true
12744,9851,2792,false
12745,9852,1079,true
12746,9853,1079,true
12747,9854,1079,true
12748,9855,1079,true
12749,9856,1079,true
12750,9857,1079,true
12751,9858,1079,true
12752,9859,1079,true
12753,9860,1079,true
12754,9861,1079,true
12755,9862,1079,true
12756,9863,1079,true
12757,9864,1081,true
12758,9865,1080,false
12759,9865,1081,false
12760,9866,1081,true
12761,9867,1097,false
12762,9867,1100,false
12763,9868,1111,false
12764,9869,1083,false
12765,9869,1085,false
12766,9869,1087,false
12767,9869,1089,false
12768,9869,1091,false
12769,9869,1093,false
12770,9869,1095,false
12771,9869,1097,false
12772,9869,1098,false
12773,9869,1101,false
12774,9869,1103,false
12775,9869,1104,false
12776,9869,1105,false
12777,9869,1106,false
12778,9869,1107,false
12779,9869,1109,false
12780,9869,1111,false
12781,9869,1112,false
12782,9869,1114,false
12783,9869,1116,false
12784,9869,1119,false
12785,9869,1121,false
12786,9869,1122,false
12787,9869,1123,false
12788,9869,1124,false
12789,9869,1127,false
12790,9870,1082,false
12791,9870,1083,false
12792,9870,1084,false
12793,9870,1085,false
12794,9870,1086,false
12795,9870,1087,false
12796,9870,1088,false
12797,9870,1089,false
12798,9870,1090,false
12799,9870,1091,false
12800,9870,1092,false
12801,9870,1093,false
12802,9870,1094,false
12803,9870,1095,false
12804,9870,1096,false
12805,9870,1097,false
12806,9870,1099,false
12807,9870,1100,false
12808,9870,1101,false
12809,9870,1102,false
12810,9870,1103,false
12811,9870,1104,false
12812,9870,1105,false
12813,9870,1106,false
12814,9870,1107,false
12815,9870,1108,false
12816,9870,1109,false
12817,9870,1110,false
12818,9870,1111,false
12819,9870,1112,false
12820,9870,1113,false
12821,9870,1114,false
12822,9870,1115,false
12823,9870,1116,false
12824,9870,1117,false
12825,9870,1118,false
12826,9870,1119,false
12827,9870,1120,false
12828,9870,1121,false
12829,9870,1123,false
12830,9870,1124,false
12831,9870,1125,false
12832,9870,1126,false
12833,9870,1127,false
12834,9870,1128,false
12835,9871,1082,false
12836,9871,1083,false
12837,9871,1085,false
12838,9871,1087,false
12839,9871,1089,false
12840,9871,1091,false
12841,9871,1093,false
12842,9871,1095,false
12843,9871,1097,false
12844,9871,1101,false
12845,9871,1103,false
12846,9871,1104,false
12847,9871,1105,false
12848,9871,1106,false
12849,9871,1107,false
12850,9871,1109,false
12851,9871,1111,false
12852,9871,1112,false
12853,9871,1114,false
12854,9871,1116,false
12855,9871,1119,false
12856,9871,1122,false
12857,9871,1123,false
12858,9871,1124,false
12859,9871,1127,false
12860,9872,1084,false
12861,9872,1086,false
12862,9872,1088,false
12863,9872,1090,false
12864,9872,1092,false
12865,9872,1094,false
12866,9872,1096,false
12867,9872,1099,false
12868,9872,1100,false
12869,9872,1102,false
12870,9872,1104,false
12871,9872,1106,false
12872,9872,1108,false
12873,9872,1110,false
12874,9872,1113,false
12875,9872,1115,false
12876,9872,1117,false
12877,9872,1120,false
12878,9872,1125,false
12879,9872,1126,false
12880,9872,1128,false
12881,9873,1093,false
12882,9873,1101,false
12883,9873,1104,false
12884,9873,1106,false
12885,9873,1116,false
12886,9873,1121,false
12887,9874,1111,false
12888,9875,1097,false
12889,9875,1100,false
12890,9876,1119,false
12891,9876,1120,false
12892,9877,1111,false
12893,9878,1100,false
12894,9878,1111,false
12895,9879,1116,false
12896,9879,1117,false
12897,9880,1148,true
12898,9881,1149,true
12899,9882,1150,true
12900,9883,1151,true
12901,9884,1158,true
12902,9885,1129,false
12903,9885,1130,false
12904,9885,1131,false
12905,9885,1134,false
12906,9885,1136,false
12907,9885,1137,false
12908,9885,1138,false
12909,9885,1141,false
12910,9885,1142,false
12911,9885,1145,false
12912,9885,1152,false
12913,9885,1153,false
12914,9885,1154,false
12915,9885,1156,false
12916,9885,1159,false
12917,9885,1161,false
12918,9886,1148,true
12919,9887,1149,true
12920,9888,1149,true
12921,9889,1150,true
12922,9890,1149,true
12923,9890,1151,true
12924,9891,1158,true
12925,9892,1148,true
12926,9893,1129,false
12927,9893,1130,false
12928,9893,1131,false
12929,9893,1132,false
12930,9893,1133,false
12931,9893,1134,false
12932,9893,1135,false
12933,9893,1136,false
12934,9893,1137,false
12935,9893,1138,false
12936,9893,1139,false
12937,9893,1140,false
12938,9893,1141,false
12939,9893,1142,false
12940,9893,1143,false
12941,9893,1144,false
12942,9893,1145,false
12943,9893,1146,false
12944,9893,1147,false
12945,9893,1152,false
12946,9893,1153,false
12947,9893,1154,false
12948,9893,1155,false
12949,9893,1156,false
12950,9893,1157,false
12951,9893,1159,false
12952,9893,1160,false
12953,9893,1161,false
12954,9893,1162,false
12955,9894,1148,true
12956,9895,1149,true
12957,9896,1149,true
12958,9897,1149,false
12959,9897,1150,true
12960,9898,1149,false
12961,9898,1151,true
12962,9899,1158,true
12963,9900,1149,true
12964,9901,1148,true
12965,9902,1149,false
12966,9902,1150,true
12967,9903,1149,false
12968,9903,1151,true
12969,9904,1158,true
12970,9905,1130,false
12971,9905,1131,false
12972,9905,1134,false
12973,9905,1138,false
12974,9905,1141,false
12975,9905,1142,false
12976,9905,1145,false
12977,9905,1152,false
12978,9905,1153,false
12979,9905,1154,false
12980,9905,1159,false
12981,9905,1161,false
12982,9906,1132,false
12983,9906,1133,false
12984,9906,1135,false
12985,9906,1139,false
12986,9906,1142,false
12987,9906,1143,false
12988,9906,1144,false
12989,9906,1147,false
12990,9906,1155,false
12991,9906,1157,false
12992,9906,1160,false
12993,9906,1162,false
12994,9907,1130,false
12995,9907,1133,false
12996,9907,1142,false
12997,9908,1148,true
12998,9909,1148,true
12999,9910,1149,true
13000,9911,1148,true
13001,9912,1149,true
13002,9913,1150,true
13003,9914,1151,true
13004,9915,1158,true
13005,9916,1163,true
13006,9917,1163,true
13007,9918,1163,true
13008,9919,1163,true
13009,9920,1163,true
13010,9921,1163,true
13011,9922,1163,true
13012,9923,1163,true
13013,9924,1163,true
13014,9925,1163,true
13015,9926,2793,false
13016,9927,2793,false
13017,9928,1163,true
13018,9929,1163,true
13019,9930,2793,false
13020,9931,1163,true
13021,9932,1163,true
13022,9933,1163,true
13023,9934,1163,true
13024,9935,1163,true
13025,9936,1163,true
13026,9937,1163,true
13027,9938,1166,true
13028,9939,2467,false
13029,9940,2467,false
13030,9941,1165,true
13031,9942,1166,true
13032,9943,1164,true
13033,9944,1165,true
13034,9945,2467,false
13035,9946,2467,false
13036,9947,1166,true
13037,9948,1166,true
13038,9949,1165,true
13039,9950,1164,true
13040,9951,1166,true
13041,9952,1166,true
13042,9953,2467,false
13043,9954,1165,true
13044,9955,1166,true
13045,9956,1166,true
13046,9957,1164,false
13047,9957,1166,false
13048,9958,1164,true
13049,9959,1164,false
13050,9959,1166,false
13051,9960,1165,true
13052,9961,1164,true
13053,9962,1166,true
13054,9963,1167,true
13055,9964,1169,true
13056,9965,1169,true
13057,9966,1169,true
13058,9967,1171,true
13059,9968,1167,true
13060,9969,1169,true
13061,9970,1171,true
13062,9971,1167,true
13063,9972,1169,true
13064,9973,1169,true
13065,9974,1169,true
13066,9975,1171,true
13067,9976,2617,false
13068,9977,2617,false
13069,9978,2617,false
13070,9979,1169,true
13071,9980,1169,true
13072,9981,2617,false
13073,9982,2617,false
13074,9983,2617,false
13075,9984,1167,false
13076,9984,1169,false
13077,9984,1170,false
13078,9984,1171,false
13079,9984,1172,false
13080,9985,1169,true
13081,9986,1167,false
13082,9986,1168,false
13083,9986,1169,false
13084,9986,1170,false
13085,9986,1171,false
13086,9986,1172,false
13087,9987,1167,false
13088,9987,1168,false
13089,9987,1169,false
13090,9987,1170,false
13091,9987,1171,false
13092,9987,1172,false
13093,9988,1167,true
13094,9989,1169,true
13095,9990,1170,true
13096,9991,1169,true
13097,9992,1171,true
13098,9993,1173,true
13099,9993,1174,true
13100,9994,1175,true
13101,9994,1176,true
13102,9995,1179,true
13103,9996,1176,true
13104,9996,1179,true
13105,9997,1178,true
13106,9998,1179,true
13107,9999,1179,true
13108,10000,1177,true
13109,10001,2693,false
13110,10002,1174,true
13111,10003,1174,true
13112,10004,1173,true
13113,10005,2693,false
13114,10006,1179,true
13115,10007,2693,false
13116,10008,1176,true
13117,10008,1177,false
13118,10009,1177,true
13119,10009,1178,true
13120,10010,1178,true
13121,10011,2693,false
13122,10012,1179,true
13123,10013,1176,true
13124,10013,1179,true
13125,10014,1179,true
13126,10015,1177,true
13127,10016,2693,false
13128,10017,2693,false
13129,10018,1173,true
13130,10019,1174,true
13131,10020,1175,true
13132,10021,2693,false
13133,10022,1179,true
13134,10023,1176,true
13135,10024,1177,true
13136,10025,1178,true
13137,10026,1177,true
13138,10027,1179,true
13139,10028,1179,true
13140,10029,2693,false
13141,10030,2693,false
13142,10031,2693,false
13143,10032,2693,false
13144,10033,2693,false
13145,10034,2693,false
13146,10035,2693,false
13147,10036,2693,false
13148,10037,2693,false
13149,10038,1179,true
13150,10039,2693,false
13151,10040,2693,false
13152,10041,1177,true
13153,10042,2693,false
13154,10043,1176,true
13155,10043,1179,true
13156,10044,1177,false
13157,10044,1178,false
13158,10045,2693,false
13159,10046,1179,true
13160,10047,2693,false
13161,10048,2693,false
13162,10049,2693,false
13163,10050,2693,false
13164,10051,1173,true
13165,10051,1174,true
13166,10052,1175,true
13167,10052,1176,true
13168,10053,1179,true
13169,10054,1176,true
13170,10054,1179,true
13171,10055,1178,true
13172,10056,2693,false
13173,10057,2693,false
13174,10058,2693,false
13175,10059,1179,true
13176,10060,1176,true
13177,10061,1179,true
13178,10062,2693,false
13179,10063,2693,false
13180,10064,1174,true
13181,10065,1176,true
13182,10066,1178,true
13183,10067,1178,true
13184,10068,1174,true
13185,10069,1176,true
13186,10070,1178,true
13187,10071,1179,true
13188,10072,1173,false
13189,10072,1174,false
13190,10072,1175,false
13191,10072,1176,false
13192,10072,1177,false
13193,10072,1178,false
13194,10072,1179,false
13195,10073,1173,false
13196,10073,1174,false
13197,10073,1175,false
13198,10073,1176,false
13199,10073,1177,false
13200,10073,1178,false
13201,10073,1179,false
13202,10074,1174,true
13203,10075,1173,false
13204,10075,1175,true
13205,10076,2693,false
13206,10077,1179,true
13207,10078,1176,true
13208,10078,1177,false
13209,10079,1177,true
13210,10080,1179,true
13211,10081,1179,true
13212,10082,1180,true
13213,10082,1181,true
13214,10083,1180,true
13215,10083,1181,true
13216,10084,1180,true
13217,10084,1181,true
13218,10085,1180,true
13219,10085,1181,true
13220,10086,2694,false
13221,10087,1180,true
13222,10087,1181,true
13223,10088,2694,false
13224,10089,2694,false
13225,10090,2694,false
13226,10091,1180,true
13227,10091,1181,true
13228,10092,1180,true
13229,10092,1181,true
13230,10093,2694,false
13231,10094,1180,true
13232,10094,1181,true
13233,10095,1180,true
13234,10095,1181,true
13235,10096,1180,true
13236,10096,1181,true
13237,10097,1185,true
13238,10098,1185,true
13239,10099,1185,true
13240,10100,1182,true
13241,10101,1185,true
13242,10102,1182,true
13243,10103,1183,true
13244,10104,1185,true
13245,10105,1185,true
13246,10106,1185,true
13247,10107,1185,true
13248,10108,1185,true
13249,10109,1182,true
13250,10110,1183,true
13251,10111,1185,true
13252,10112,1185,true
13253,10113,1185,true
13254,10114,1185,true
13255,10115,1185,true
13256,10116,1185,true
13257,10117,1185,true
13258,10118,1185,true
13259,10119,1182,true
13260,10120,1182,true
13261,10121,2468,false
13262,10122,1183,true
13263,10123,1183,true
13264,10124,2468,false
13265,10125,2468,false
13266,10126,1185,true
13267,10127,2468,false
13268,10128,2468,false
13269,10129,1185,true
13270,10130,1185,true
13271,10131,1185,true
13272,10132,2468,false
13273,10133,1185,true
13274,10134,1185,true
13275,10135,1185,true
13276,10136,1184,false
13277,10136,1185,true
13278,10137,1184,false
13279,10137,1185,true
13280,10138,1184,false
13281,10138,1185,true
13282,10139,1184,false
13283,10139,1185,true
13284,10140,2468,false
13285,10141,1183,true
13286,10142,2468,false
13287,10143,1185,true
13288,10144,1185,true
13289,10145,2468,false
13290,10146,1185,true
13291,10147,2468,false
13292,10148,2468,false
13293,10149,1183,true
13294,10150,2468,false
13295,10151,2468,false
13296,10152,1185,true
13297,10153,1185,true
13298,10154,1185,true
13299,10155,1185,true
13300,10156,1185,true
13301,10157,1185,true
13302,10158,1183,true
13303,10159,1182,true
13304,10159,1183,true
13305,10159,1184,true
13306,10159,1185,true
13307,10160,2468,false
13308,10161,1182,true
13309,10161,1185,true
13310,10162,2468,false
13311,10163,1185,true
13312,10164,1185,true
13313,10165,1184,false
13314,10165,1185,true
13315,10166,1185,true
13316,10167,1185,true
13317,10168,1182,true
13318,10168,1183,true
13319,10168,1184,true
13320,10168,1185,true
13321,10169,1184,false
13322,10169,1185,true
13323,10170,1182,true
13324,10170,1183,true
13325,10170,1184,true
13326,10170,1185,true
13327,10171,1182,true
13328,10172,1183,true
13329,10173,1185,true
13330,10174,1185,true
13331,10175,1185,true
13332,10176,1185,true
13333,10177,1185,true
13334,10178,1186,true
13335,10179,1186,true
13336,10180,1186,true
13337,10181,1186,true
13338,10182,1186,true
13339,10183,1186,true
13340,10184,1187,true
13341,10185,1186,true
13342,10186,1186,true
13343,10187,1186,true
13344,10188,1186,true
13345,10189,1187,true
13346,10190,1186,true
13347,10191,2469,false
13348,10192,1186,true
13349,10193,1186,false
13350,10193,1187,false
13351,10194,1186,true
13352,10195,1186,true
13353,10196,1186,true
13354,10197,1186,true
13355,10198,1186,true
13356,10199,1186,false
13357,10199,1187,false
13358,10200,1186,false
13359,10200,1187,false
13360,10201,1186,true
13361,10202,1187,true
13362,10203,2695,false
13363,10204,1211,true
13364,10204,1212,false
13365,10205,1189,true
13366,10206,1189,true
13367,10206,1215,true
13368,10207,1188,true
13369,10208,1206,true
13370,10209,2695,false
13371,10210,1193,true
13372,10211,1221,true
13373,10212,2695,false
13374,10213,1196,true
13375,10214,1210,true
13376,10215,1191,true
13377,10215,1210,true
13378,10215,1214,true
13379,10216,2695,false
13380,10217,1189,true
13381,10218,1189,true
13382,10219,2695,false
13383,10220,1193,true
13384,10221,1193,true
13385,10222,2695,false
13386,10223,1196,true
13387,10224,2695,false
13388,10225,1198,true
13389,10226,2695,false
13390,10227,1196,false
13391,10227,1201,false
13392,10228,1215,true
13393,10229,2695,false
13394,10230,1198,true
13395,10230,1205,true
13396,10230,1210,true
13397,10230,1223,true
13398,10231,2695,false
13399,10232,1207,true
13400,10233,1207,true
13401,10234,2695,false
13402,10235,1193,false
13403,10235,1194,false
13404,10235,1212,false
13405,10236,1211,true
13406,10237,1191,true
13407,10237,1210,true
13408,10237,1214,true
13409,10238,1226,true
13410,10239,2695,false
13411,10240,2695,false
13412,10241,1198,true
13413,10242,1198,true
13414,10242,1210,true
13415,10243,1198,true
13416,10243,1210,true
13417,10244,2695,false
13418,10245,1198,true
13419,10245,1210,true
13420,10245,1220,true
13421,10246,2695,false
13422,10247,1191,true
13423,10247,1210,true
13424,10247,1214,true
13425,10248,1222,true
13426,10249,1198,true
13427,10249,1210,true
13428,10250,2695,false
13429,10251,1189,true
13430,10252,1189,true
13431,10253,1190,true
13432,10254,1190,true
13433,10255,1189,true
13434,10256,1193,true
13435,10256,1194,true
13436,10257,1193,true
13437,10258,1193,true
13438,10259,1196,true
13439,10260,1198,true
13440,10261,1199,true
13441,10262,1201,true
13442,10263,1204,true
13443,10264,1215,true
13444,10265,2695,false
13445,10266,1207,true
13446,10267,1208,true
13447,10268,1207,true
13448,10269,2695,false
13449,10270,1211,true
13450,10271,1213,true
13451,10272,1191,true
13452,10273,1221,true
13453,10274,1215,true
13454,10275,1215,true
13455,10276,2695,false
13456,10277,1195,true
13457,10278,2695,false
13458,10279,1222,true
13459,10279,1224,true
13460,10280,1223,true
13461,10281,1225,true
13462,10282,1226,true
13463,10283,1195,true
13464,10284,1210,true
13465,10285,1189,true
13466,10286,1189,true
13467,10286,1215,true
13468,10287,1226,true
13469,10288,1193,true
13470,10288,1194,true
13471,10289,2695,false
13472,10290,2695,false
13473,10291,1188,true
13474,10292,1189,true
13475,10293,1189,true
13476,10294,1190,true
13477,10295,1189,true
13478,10296,1189,true
13479,10296,1215,true
13480,10297,1190,true
13481,10298,1189,true
13482,10299,1192,true
13483,10300,1193,true
13484,10300,1194,true
13485,10301,1193,true
13486,10302,1193,true
13487,10303,1193,true
13488,10304,1193,true
13489,10305,1193,true
13490,10306,1193,true
13491,10307,1196,true
13492,10308,1197,true
13493,10309,1198,true
13494,10310,1199,true
13495,10311,1201,true
13496,10312,1201,true
13497,10313,1201,true
13498,10313,1202,true
13499,10314,1204,true
13500,10315,1200,true
13501,10316,1215,true
13502,10317,2695,false
13503,10318,2695,false
13504,10319,1206,true
13505,10320,1207,true
13506,10320,1208,true
13507,10320,1209,true
13508,10321,1207,true
13509,10322,1208,true
13510,10323,1207,true
13511,10323,1208,true
13512,10323,1209,true
13513,10324,1207,true
13514,10325,1210,true
13515,10326,2695,false
13516,10327,1211,true
13517,10328,1213,true
13518,10329,1191,true
13519,10329,1214,true
13520,10330,2695,false
13521,10331,1215,true
13522,10332,1226,true
13523,10333,1221,true
13524,10334,1215,true
13525,10335,1215,true
13526,10336,1195,true
13527,10337,1216,true
13528,10338,1217,true
13529,10339,1218,true
13530,10340,1219,true
13531,10341,1220,true
13532,10342,2695,false
13533,10343,1222,true
13534,10343,1224,true
13535,10344,1205,true
13536,10344,1223,true
13537,10345,1225,true
13538,10346,1226,true
13539,10347,2695,false
13540,10348,1215,true
13541,10349,1190,true
13542,10350,1196,true
13543,10350,1203,true
13544,10351,1196,true
13545,10351,1203,true
13546,10351,1204,true
13547,10352,1196,true
13548,10352,1203,true
13549,10352,1204,true
13550,10353,1201,true
13551,10354,1208,true
13552,10355,2695,false
13553,10356,2695,false
13554,10357,1191,true
13555,10357,1192,true
13556,10357,1195,true
13557,10357,1199,true
13558,10357,1205,true
13559,10357,1210,true
13560,10357,1213,true
13561,10357,1214,true
13562,10357,1221,true
13563,10357,1223,true
13564,10357,1225,true
13565,10357,1227,true
13566,10358,1191,true
13567,10358,1195,true
13568,10358,1199,true
13569,10358,1205,true
13570,10358,1210,true
13571,10358,1213,true
13572,10358,1214,true
13573,10358,1223,true
13574,10358,1225,true
13575,10358,1227,true
13576,10359,1227,true
13577,10360,2695,false
13578,10361,1189,true
13579,10362,1189,true
13580,10363,1189,true
13581,10364,1189,true
13582,10365,1189,true
13583,10366,2695,false
13584,10367,2695,false
13585,10368,1193,false
13586,10369,1193,true
13587,10370,1193,true
13588,10371,1193,true
13589,10372,1204,false
13590,10373,2695,false
13591,10374,2695,false
13592,10375,1204,false
13593,10376,1201,true
13594,10377,1201,true
13595,10378,1196,false
13596,10378,1204,false
13597,10379,1215,true
13598,10380,2695,false
13599,10381,2695,false
13600,10382,1207,true
13601,10383,1207,true
13602,10383,1208,true
13603,10383,1209,true
13604,10384,1207,true
13605,10384,1208,false
13606,10385,1207,true
13607,10386,2695,false
13608,10387,2695,false
13609,10388,2695,false
13610,10389,1211,false
13611,10390,2695,false
13612,10391,2695,false
13613,10392,1215,true
13614,10393,1226,true
13615,10394,1226,true
13616,10395,1215,true
13617,10396,2695,false
13618,10397,2695,false
13619,10398,2695,false
13620,10399,2695,false
13621,10400,2695,false
13622,10401,2695,false
13623,10402,2695,false
13624,10403,2695,false
13625,10404,1222,false
13626,10405,2695,false
13627,10406,2695,false
13628,10407,1188,true
13629,10407,1189,true
13630,10407,1190,true
13631,10407,1191,true
13632,10407,1192,true
13633,10407,1193,true
13634,10407,1194,true
13635,10407,1196,true
13636,10407,1197,true
13637,10407,1198,true
13638,10407,1199,true
13639,10407,1200,true
13640,10407,1201,true
13641,10407,1202,true
13642,10407,1204,true
13643,10407,1206,true
13644,10407,1207,true
13645,10407,1208,true
13646,10407,1211,true
13647,10407,1213,true
13648,10407,1215,true
13649,10407,1216,true
13650,10407,1217,true
13651,10407,1218,true
13652,10407,1219,true
13653,10407,1220,true
13654,10407,1222,true
13655,10407,1223,true
13656,10407,1224,true
13657,10407,1225,true
13658,10407,1226,true
13659,10408,2695,false
13660,10409,1189,true
13661,10410,1207,true
13662,10411,2695,false
13663,10412,2695,false
13664,10413,2695,false
13665,10414,1226,true
13666,10415,2695,false
13667,10416,2695,false
13668,10417,1195,true
13669,10418,2695,false
13670,10419,1215,true
13671,10420,2695,false
13672,10421,1193,true
13673,10422,1193,true
13674,10423,1207,true
13675,10423,1208,true
13676,10424,1215,true
13677,10425,1188,true
13678,10426,1206,true
13679,10427,1207,true
13680,10427,1208,true
13681,10427,1209,true
13682,10428,1215,true
13683,10429,1217,true
13684,10430,1220,true
13685,10431,1188,false
13686,10431,1189,false
13687,10431,1190,false
13688,10431,1191,false
13689,10431,1192,false
13690,10431,1193,false
13691,10431,1194,false
13692,10431,1196,false
13693,10431,1197,false
13694,10431,1198,false
13695,10431,1199,false
13696,10431,1200,false
13697,10431,1201,false
13698,10431,1202,false
13699,10431,1204,false
13700,10431,1206,false
13701,10431,1207,false
13702,10431,1208,false
13703,10431,1211,false
13704,10431,1213,false
13705,10431,1215,false
13706,10431,1216,false
13707,10431,1217,false
13708,10431,1218,false
13709,10431,1219,false
13710,10431,1220,false
13711,10431,1222,false
13712,10431,1223,false
13713,10431,1224,false
13714,10431,1225,false
13715,10431,1226,false
13716,10432,1188,false
13717,10432,1189,false
13718,10432,1190,false
13719,10432,1191,false
13720,10432,1192,false
13721,10432,1193,false
13722,10432,1194,false
13723,10432,1196,false
13724,10432,1197,false
13725,10432,1198,false
13726,10432,1199,false
13727,10432,1200,false
13728,10432,1201,false
13729,10432,1202,false
13730,10432,1204,false
13731,10432,1206,false
13732,10432,1207,false
13733,10432,1208,false
13734,10432,1211,false
13735,10432,1213,false
13736,10432,1215,false
13737,10432,1216,false
13738,10432,1217,false
13739,10432,1218,false
13740,10432,1219,false
13741,10432,1220,false
13742,10432,1222,false
13743,10432,1223,false
13744,10432,1224,false
13745,10432,1225,false
13746,10432,1226,false
13747,10433,1189,true
13748,10434,1189,true
13749,10435,1190,true
13750,10436,1189,true
13751,10437,1189,true
13752,10437,1215,true
13753,10438,1193,true
13754,10439,1193,true
13755,10440,1193,true
13756,10441,1196,true
13757,10442,1198,true
13758,10442,1199,true
13759,10443,1201,true
13760,10444,1196,false
13761,10444,1204,true
13762,10444,1204,true
13763,10445,1215,true
13764,10446,1207,true
13765,10447,1208,true
13766,10448,1193,false
13767,10448,1194,false
13768,10448,1211,true
13769,10448,1212,false
13770,10449,1215,true
13771,10450,1195,true
13772,10451,1222,true
13773,10452,1198,true
13774,10452,1210,true
13775,10452,1225,true
13776,10453,1226,true
13777,10454,2695,false
13778,10455,1239,true
13779,10456,1244,true
13780,10457,1244,true
13781,10458,1241,true
13782,10459,1244,true
13783,10460,1245,true
13784,10460,1257,true
13785,10460,1259,true
13786,10460,1260,true
13787,10461,2618,false
13788,10462,2618,false
13789,10463,2618,false
13790,10464,2618,false
13791,10465,1255,true
13792,10466,1229,true
13793,10466,1257,true
13794,10467,2618,false
13795,10468,2618,false
13796,10469,2618,false
13797,10470,2618,false
13798,10471,2618,false
13799,10472,1238,true
13800,10473,2618,false
13801,10474,1239,true
13802,10475,2618,false
13803,10476,1244,true
13804,10477,2618,false
13805,10478,1241,true
13806,10479,1241,true
13807,10480,1241,true
13808,10481,2618,false
13809,10482,1242,true
13810,10483,2618,false
13811,10484,1245,true
13812,10484,1257,true
13813,10485,2618,false
13814,10486,1247,true
13815,10487,1248,true
13816,10487,1257,true
13817,10488,1247,true
13818,10489,2618,false
13819,10490,1247,true
13820,10491,1250,true
13821,10492,2618,false
13822,10493,2618,false
13823,10494,1253,true
13824,10495,1259,true
13825,10495,1260,true
13826,10496,1228,true
13827,10497,1255,true
13828,10498,1255,true
13829,10498,1256,true
13830,10499,1229,true
13831,10499,1257,true
13832,10500,1230,true
13833,10501,1232,true
13834,10502,1233,true
13835,10503,1234,true
13836,10504,1234,true
13837,10505,1236,true
13838,10506,1237,true
13839,10507,1238,true
13840,10508,1239,true
13841,10509,1239,true
13842,10510,1240,true
13843,10511,1244,true
13844,10512,1241,true
13845,10513,1241,true
13846,10514,1241,true
13847,10515,1241,true
13848,10516,1242,true
13849,10517,1242,true
13850,10517,1243,true
13851,10518,1244,true
13852,10519,1244,true
13853,10520,1245,true
13854,10520,1257,true
13855,10521,1246,true
13856,10522,1247,true
13857,10523,1248,true
13858,10523,1257,true
13859,10524,1247,true
13860,10525,1247,true
13861,10526,1247,true
13862,10527,1249,true
13863,10527,1250,true
13864,10528,1250,true
13865,10529,1252,true
13866,10530,1253,true
13867,10531,1254,true
13868,10532,1241,false
13869,10532,1255,false
13870,10532,1256,false
13871,10533,1259,true
13872,10533,1260,true
13873,10534,1240,true
13874,10535,1228,true
13875,10536,1255,true
13876,10536,1256,true
13877,10537,1255,true
13878,10538,1255,true
13879,10538,1256,true
13880,10539,1229,true
13881,10539,1257,true
13882,10540,1230,true
13883,10541,1232,true
13884,10542,1233,true
13885,10543,1231,true
13886,10543,1232,true
13887,10544,1234,true
13888,10545,1236,true
13889,10546,1235,true
13890,10546,1236,true
13891,10547,1237,true
13892,10548,1237,true
13893,10549,1238,true
13894,10550,1239,true
13895,10551,1240,true
13896,10552,1244,true
13897,10553,1241,true
13898,10554,1241,true
13899,10555,1241,true
13900,10556,1241,true
13901,10557,1242,true
13902,10558,1242,true
13903,10558,1243,true
13904,10559,1244,true
13905,10560,1244,true
13906,10561,1245,true
13907,10561,1257,true
13908,10562,1246,true
13909,10563,1247,true
13910,10564,1248,true
13911,10564,1257,true
13912,10565,1247,true
13913,10566,1247,true
13914,10567,1247,true
13915,10568,1247,true
13916,10569,1249,true
13917,10569,1250,true
13918,10570,1250,true
13919,10571,1250,true
13920,10572,1250,true
13921,10572,1251,true
13922,10573,1250,true
13923,10573,1251,true
13924,10574,1249,true
13925,10574,1250,true
13926,10575,1252,true
13927,10576,1253,true
13928,10577,1254,true
13929,10578,1229,true
13930,10578,1257,true
13931,10578,1259,true
13932,10578,1260,true
13933,10579,1245,true
13934,10579,1257,true
13935,10579,1259,true
13936,10579,1260,true
13937,10580,1248,true
13938,10580,1257,true
13939,10580,1259,true
13940,10580,1260,true
13941,10581,1241,false
13942,10581,1255,false
13943,10581,1256,false
13944,10582,1257,true
13945,10583,1259,true
13946,10583,1260,true
13947,10584,1259,true
13948,10584,1260,true
13949,10585,1259,true
13950,10585,1260,true
13951,10586,1259,true
13952,10586,1260,true
13953,10587,1255,true
13954,10587,1256,true
13955,10588,1255,true
13956,10588,1256,true
13957,10589,1255,true
13958,10589,1256,true
13959,10590,1255,true
13960,10590,1256,true
13961,10591,1255,true
13962,10591,1256,true
13963,10592,1255,true
13964,10592,1256,true
13965,10593,1235,true
13966,10593,1236,true
13967,10594,1242,true
13968,10594,1243,true
13969,10595,1253,true
13970,10596,2618,false
13971,10597,1244,true
13972,10598,2618,false
13973,10599,2618,false
13974,10600,2618,false
13975,10601,2618,false
13976,10602,1229,true
13977,10602,1257,true
13978,10603,2618,false
13979,10604,2618,false
13980,10605,2618,false
13981,10606,2618,false
13982,10607,2618,false
13983,10608,1235,true
13984,10608,1236,true
13985,10609,2618,false
13986,10610,1237,true
13987,10611,2618,false
13988,10612,2618,false
13989,10613,1239,true
13990,10614,1239,true
13991,10615,2618,false
13992,10616,2618,false
13993,10617,1244,true
13994,10618,1241,true
13995,10619,1241,true
13996,10620,1241,true
13997,10621,2618,false
13998,10622,2618,false
13999,10623,2618,false
14000,10624,2618,false
14001,10625,2618,false
14002,10626,1244,true
14003,10627,1244,true
14004,10628,1245,true
14005,10628,1257,true
14006,10629,2618,false
14007,10630,1247,true
14008,10631,1248,true
14009,10631,1257,true
14010,10632,1247,true
14011,10633,2618,false
14012,10634,1247,true
14013,10635,1250,true
14014,10636,2618,false
14015,10637,2618,false
14016,10638,1250,true
14017,10638,1251,true
14018,10639,1250,true
14019,10640,1250,true
14020,10641,1250,true
14021,10642,2618,false
14022,10643,2618,false
14023,10644,1253,true
14024,10645,1244,true
14025,10646,1229,false
14026,10646,1232,false
14027,10646,1233,false
14028,10646,1234,false
14029,10646,1236,false
14030,10646,1240,false
14031,10646,1241,false
14032,10646,1242,false
14033,10646,1244,false
14034,10646,1245,false
14035,10646,1246,false
14036,10646,1247,false
14037,10646,1248,false
14038,10646,1250,false
14039,10646,1255,false
14040,10646,1256,false
14041,10646,1257,false
14042,10646,1259,false
14043,10646,1260,false
14044,10647,1259,true
14045,10647,1260,true
14046,10648,1247,true
14047,10649,1241,false
14048,10649,1255,false
14049,10649,1256,false
14050,10650,1244,true
14051,10651,1231,true
14052,10651,1232,true
14053,10651,1233,true
14054,10652,1253,true
14055,10653,1257,true
14056,10654,2618,false
14057,10655,1231,true
14058,10655,1232,true
14059,10655,1233,false
14060,10656,1235,true
14061,10656,1236,true
14062,10657,1244,true
14063,10658,1250,true
14064,10659,2618,false
14065,10660,1230,true
14066,10661,1231,true
14067,10661,1232,true
14068,10662,1235,true
14069,10662,1236,true
14070,10663,1255,true
14071,10663,1256,true
14072,10664,1254,true
14073,10665,1229,false
14074,10665,1232,false
14075,10665,1233,false
14076,10665,1234,false
14077,10665,1236,false
14078,10665,1240,false
14079,10665,1241,false
14080,10665,1242,false
14081,10665,1244,false
14082,10665,1245,false
14083,10665,1246,false
14084,10665,1247,false
14085,10665,1248,false
14086,10665,1250,false
14087,10665,1255,false
14088,10665,1256,false
14089,10665,1257,false
14090,10665,1259,false
14091,10665,1260,false
14092,10666,1229,false
14093,10666,1232,false
14094,10666,1233,false
14095,10666,1234,false
14096,10666,1236,false
14097,10666,1240,false
14098,10666,1241,false
14099,10666,1242,false
14100,10666,1244,false
14101,10666,1245,false
14102,10666,1246,false
14103,10666,1247,false
14104,10666,1248,false
14105,10666,1250,false
14106,10666,1255,false
14107,10666,1256,false
14108,10666,1257,false
14109,10666,1259,false
14110,10666,1260,false
14111,10667,1228,true
14112,10668,1255,true
14113,10669,1255,true
14114,10669,1256,true
14115,10670,1229,true
14116,10670,1257,true
14117,10671,1231,true
14118,10671,1232,true
14119,10672,1234,true
14120,10673,1237,true
14121,10674,1238,true
14122,10675,1239,true
14123,10676,1239,true
14124,10677,1240,true
14125,10678,1241,true
14126,10679,1241,true
14127,10680,1241,true
14128,10681,1241,true
14129,10682,1242,true
14130,10683,1242,true
14131,10683,1243,true
14132,10684,1244,true
14133,10685,1245,true
14134,10685,1257,true
14135,10686,1246,true
14136,10687,1247,true
14137,10688,1248,true
14138,10688,1257,true
14139,10689,1247,true
14140,10690,1249,true
14141,10690,1250,true
14142,10691,1250,true
14143,10692,1253,true
14144,10693,1254,true
14145,10694,1254,true
14146,10695,1259,true
14147,10695,1260,true
14148,10696,1262,true
14149,10697,1261,true
14150,10697,1262,true
14151,10698,1262,true
14152,10699,1262,true
14153,10700,1262,true
14154,10701,1261,true
14155,10702,1262,true
14156,10703,1262,true
14157,10704,1262,true
14158,10705,1262,true
14159,10706,1262,true
14160,10706,1263,true
14161,10707,1261,true
14162,10708,1262,true
14163,10709,1262,true
14164,10710,1262,true
14165,10710,1263,true
14166,10711,1261,true
14167,10711,1262,true
14168,10712,2794,false
14169,10713,1261,true
14170,10714,1262,true
14171,10715,1262,true
14172,10716,1262,true
14173,10717,1262,true
14174,10718,1262,true
14175,10719,1263,true
14176,10720,1261,true
14177,10721,1261,true
14178,10722,1262,true
14179,10723,1262,true
14180,10724,1262,true
14181,10725,1262,true
14182,10726,1263,true
14183,10727,1261,false
14184,10727,1262,false
14185,10727,1263,false
14186,10728,2794,false
14187,10729,1261,false
14188,10729,1262,false
14189,10729,1263,false
14190,10730,1261,false
14191,10730,1262,false
14192,10730,1263,false
14193,10731,1262,true
14194,10732,1262,true
14195,10732,1263,true
14196,10733,1264,true
14197,10734,1264,true
14198,10735,2795,false
14199,10736,2795,false
14200,10737,2795,false
14201,10738,2795,false
14202,10739,2795,false
14203,10740,2795,false
14204,10741,1266,true
14205,10742,1267,true
14206,10743,1265,true
14207,10743,1266,true
14208,10744,1265,true
14209,10744,1267,true
14210,10745,1265,true
14211,10745,1268,true
14212,10746,1268,true
14213,10747,1265,true
14214,10748,1266,true
14215,10749,1267,true
14216,10750,1266,false
14217,10750,1267,false
14218,10750,1268,false
14219,10751,2796,false
14220,10752,2796,false
14221,10753,2796,false
14222,10754,2796,false
14223,10755,1266,false
14224,10755,1267,false
14225,10755,1268,false
14226,10756,1266,false
14227,10756,1267,false
14228,10756,1268,false
14229,10757,1268,true
14230,10758,2470,false
14231,10759,2470,false
14232,10760,2470,false
14233,10761,2470,false
14234,10762,1270,true
14235,10762,1271,true
14236,10762,1272,true
14237,10762,1273,true
14238,10763,2470,false
14239,10764,1279,true
14240,10765,2470,false
14241,10766,2470,false
14242,10767,2470,false
14243,10768,1277,true
14244,10769,1270,true
14245,10769,1271,true
14246,10769,1272,true
14247,10770,2470,false
14248,10771,2470,false
14249,10772,2470,false
14250,10773,2470,false
14251,10774,1277,true
14252,10775,2470,false
14253,10776,2470,false
14254,10777,1272,true
14255,10778,1271,true
14256,10779,2470,false
14257,10780,2470,false
14258,10781,2470,false
14259,10782,2470,false
14260,10783,1269,true
14261,10783,1270,true
14262,10783,1271,true
14263,10784,2470,false
14264,10785,2470,false
14265,10786,1277,true
14266,10787,2470,false
14267,10788,2470,false
14268,10789,1270,true
14269,10789,1271,true
14270,10790,1270,true
14271,10790,1271,true
14272,10790,1272,true
14273,10791,1269,true
14274,10792,1270,true
14275,10792,1271,true
14276,10792,1272,true
14277,10793,1270,true
14278,10793,1271,true
14279,10793,1272,true
14280,10794,2470,false
14281,10795,2470,false
14282,10796,1274,true
14283,10797,2470,false
14284,10798,2470,false
14285,10799,2470,false
14286,10800,1276,true
14287,10801,2470,false
14288,10802,1277,true
14289,10803,2470,false
14290,10804,2470,false
14291,10805,1279,true
14292,10806,2470,false
14293,10807,2470,false
14294,10808,2470,false
14295,10809,1278,true
14296,10810,1278,false
14297,10811,2470,false
14298,10812,2470,false
14299,10813,1279,false
14300,10814,2470,false
14301,10815,2470,false
14302,10816,2470,false
14303,10817,2470,false
14304,10818,2470,false
14305,10819,1269,true
14306,10820,1269,true
14307,10820,1270,true
14308,10820,1271,true
14309,10821,1270,true
14310,10822,1269,true
14311,10823,1271,true
14312,10824,1277,true
14313,10825,2470,false
14314,10826,1270,true
14315,10826,1271,true
14316,10826,1272,true
14317,10827,1270,true
14318,10827,1271,true
14319,10827,1272,true
14320,10828,1272,true
14321,10829,1270,true
14322,10829,1271,true
14323,10829,1272,true
14324,10830,1270,true
14325,10830,1271,true
14326,10830,1272,true
14327,10831,1270,true
14328,10831,1271,true
14329,10831,1272,true
14330,10832,2470,false
14331,10833,2470,false
14332,10834,2470,false
14333,10835,2470,false
14334,10836,1275,true
14335,10837,1274,true
14336,10838,1275,true
14337,10839,1276,true
14338,10840,1277,true
14339,10841,1269,true
14340,10842,2470,false
14341,10843,1279,true
14342,10844,2470,false
14343,10845,2470,false
14344,10846,1278,true
14345,10847,2470,false
14346,10848,1279,true
14347,10849,1279,true
14348,10850,1279,true
14349,10851,2470,false
14350,10852,1279,true
14351,10853,1279,true
14352,10854,1279,true
14353,10855,1279,true
14354,10856,1279,true
14355,10857,1280,true
14356,10858,1281,true
14357,10859,1271,true
14358,10860,1269,true
14359,10861,1269,true
14360,10861,1270,true
14361,10861,1271,true
14362,10862,1270,true
14363,10863,1271,true
14364,10864,1271,true
14365,10865,1270,true
14366,10865,1271,true
14367,10865,1272,true
14368,10866,1270,true
14369,10866,1271,true
14370,10866,1272,true
14371,10867,1273,true
14372,10868,1270,true
14373,10868,1271,true
14374,10868,1272,true
14375,10869,1270,true
14376,10869,1271,true
14377,10869,1272,true
14378,10870,1270,true
14379,10870,1271,true
14380,10870,1272,true
14381,10871,1270,true
14382,10871,1271,true
14383,10871,1272,true
14384,10872,1270,true
14385,10872,1271,true
14386,10872,1272,true
14387,10872,1273,true
14388,10873,2470,false
14389,10874,1279,true
14390,10875,2470,false
14391,10876,2470,false
14392,10877,2470,false
14393,10878,2470,false
14394,10879,2470,false
14395,10880,2470,false
14396,10881,2470,false
14397,10882,1269,true
14398,10883,1269,true
14399,10884,1277,true
14400,10885,2470,false
14401,10886,2470,false
14402,10887,1270,true
14403,10887,1271,true
14404,10887,1272,true
14405,10888,1270,true
14406,10888,1271,true
14407,10888,1272,true
14408,10889,1270,true
14409,10889,1271,true
14410,10889,1272,true
14411,10890,2470,false
14412,10891,2470,false
14413,10892,2470,false
14414,10893,1275,true
14415,10894,1274,true
14416,10895,1275,true
14417,10896,1276,true
14418,10897,1277,true
14419,10898,2470,false
14420,10899,2470,false
14421,10900,1269,true
14422,10901,2470,false
14423,10902,2470,false
14424,10903,2470,false
14425,10904,1279,true
14426,10905,2470,false
14427,10906,2470,false
14428,10907,1278,true
14429,10908,1278,true
14430,10909,1278,true
14431,10910,2470,false
14432,10911,1275,false
14433,10911,1279,false
14434,10912,2470,false
14435,10913,2470,false
14436,10914,2470,false
14437,10915,2470,false
14438,10916,2470,false
14439,10917,1279,true
14440,10918,1279,true
14441,10919,1279,true
14442,10920,2470,false
14443,10921,1279,true
14444,10922,1279,true
14445,10923,1279,true
14446,10924,1279,true
14447,10925,1279,true
14448,10926,1279,true
14449,10927,1280,true
14450,10928,1281,true
14451,10929,1275,false
14452,10929,1279,false
14453,10930,2470,false
14454,10931,2470,false
14455,10932,2470,false
14456,10933,2470,false
14457,10934,2470,false
14458,10935,2470,false
14459,10936,1269,true
14460,10936,1270,true
14461,10936,1271,true
14462,10937,1270,true
14463,10938,1271,true
14464,10939,1271,true
14465,10940,1269,true
14466,10941,1277,true
14467,10942,1277,true
14468,10943,2470,false
14469,10944,2470,false
14470,10945,2470,false
14471,10946,2470,false
14472,10947,1270,true
14473,10947,1271,true
14474,10947,1272,true
14475,10948,1273,true
14476,10949,1270,true
14477,10949,1271,true
14478,10949,1272,true
14479,10950,1270,true
14480,10950,1271,true
14481,10951,1270,true
14482,10951,1271,true
14483,10951,1272,true
14484,10952,1270,true
14485,10952,1271,true
14486,10952,1272,true
14487,10953,1270,true
14488,10953,1271,true
14489,10954,1273,true
14490,10955,1270,true
14491,10955,1271,true
14492,10956,2470,false
14493,10957,2470,false
14494,10958,2470,false
14495,10959,2470,false
14496,10960,2470,false
14497,10961,2470,false
14498,10962,2470,false
14499,10963,2470,false
14500,10964,2470,false
14501,10965,1277,true
14502,10966,2470,false
14503,10967,2470,false
14504,10968,2470,false
14505,10969,2470,false
14506,10970,1279,true
14507,10971,2470,false
14508,10972,2470,false
14509,10973,2470,false
14510,10974,1278,false
14511,10975,1270,true
14512,10975,1271,true
14513,10975,1272,true
14514,10976,2470,false
14515,10977,1269,false
14516,10977,1270,false
14517,10977,1271,false
14518,10977,1272,false
14519,10977,1273,false
14520,10977,1274,false
14521,10977,1275,false
14522,10977,1276,false
14523,10977,1277,false
14524,10977,1278,false
14525,10977,1279,false
14526,10977,1281,false
14527,10978,2470,false
14528,10979,2470,false
14529,10980,1279,true
14530,10981,2470,false
14531,10982,2470,false
14532,10983,1281,true
14533,10984,2470,false
14534,10985,1269,true
14535,10986,1269,true
14536,10987,1271,true
14537,10988,1271,true
14538,10988,1272,true
14539,10989,1270,true
14540,10989,1271,true
14541,10989,1272,true
14542,10990,2470,false
14543,10991,1269,true
14544,10992,2470,false
14545,10993,1278,true
14546,10994,1278,true
14547,10995,1279,true
14548,10996,1279,true
14549,10997,1279,true
14550,10998,1279,true
14551,10999,1279,true
14552,11000,1274,false
14553,11000,1279,true
14554,11001,1279,true
14555,11002,1279,true
14556,11003,1270,true
14557,11003,1271,true
14558,11003,1272,true
14559,11004,2470,false
14560,11005,2470,false
14561,11006,2470,false
14562,11007,1271,true
14563,11008,2470,false
14564,11009,2470,false
14565,11010,2470,false
14566,11011,2470,false
14567,11012,2470,false
14568,11013,2470,false
14569,11014,2470,false
14570,11015,1270,true
14571,11015,1271,true
14572,11016,1270,true
14573,11016,1271,true
14574,11016,1272,true
14575,11017,2470,false
14576,11018,2470,false
14577,11019,1275,false
14578,11019,1279,false
14579,11020,1275,false
14580,11020,1279,false
14581,11021,2470,false
14582,11022,1275,false
14583,11022,1279,false
14584,11023,1275,false
14585,11023,1279,false
14586,11024,2470,false
14587,11025,2470,false
14588,11026,1277,true
14589,11027,1277,true
14590,11028,1269,false
14591,11028,1270,false
14592,11028,1271,false
14593,11028,1272,false
14594,11028,1273,false
14595,11028,1274,false
14596,11028,1275,false
14597,11028,1276,false
14598,11028,1277,false
14599,11028,1278,false
14600,11028,1279,false
14601,11028,1281,false
14602,11029,2470,false
14603,11030,1277,true
14604,11031,1277,true
14605,11032,1269,false
14606,11032,1270,false
14607,11032,1271,false
14608,11032,1272,false
14609,11032,1273,false
14610,11032,1274,false
14611,11032,1275,false
14612,11032,1276,false
14613,11032,1277,false
14614,11032,1278,false
14615,11032,1279,false
14616,11032,1281,false
14617,11033,2470,false
14618,11034,2470,false
14619,11035,2470,false
14620,11036,2470,false
14621,11037,1269,true
14622,11038,1270,true
14623,11039,1271,true
14624,11040,1271,true
14625,11041,1277,true
14626,11042,2470,false
14627,11043,2470,false
14628,11044,1270,true
14629,11044,1271,true
14630,11044,1272,true
14631,11045,1273,true
14632,11046,1270,true
14633,11046,1271,true
14634,11046,1272,true
14635,11047,1270,true
14636,11047,1271,true
14637,11047,1272,true
14638,11048,2470,false
14639,11049,1274,true
14640,11050,1275,true
14641,11051,1276,true
14642,11052,2470,false
14643,11053,2470,false
14644,11054,1279,true
14645,11055,2470,false
14646,11056,2470,false
14647,11057,1278,true
14648,11058,1278,true
14649,11059,1278,false
14650,11060,2470,false
14651,11061,2470,false
14652,11062,2470,false
14653,11063,2470,false
14654,11064,1279,true
14655,11065,1279,false
14656,11066,1280,true
14657,11067,1281,true
14658,11068,2470,false
14659,11069,2470,false
14660,11070,1284,true
14661,11071,1284,true
14662,11071,1285,true
14663,11072,1284,true
14664,11073,1284,true
14665,11074,1284,true
14666,11075,1284,true
14667,11076,1284,true
14668,11077,1284,true
14669,11078,1285,true
14670,11079,1282,true
14671,11079,1283,true
14672,11080,1284,true
14673,11081,1284,true
14674,11082,2797,false
14675,11083,1282,true
14676,11083,1283,true
14677,11084,1284,true
14678,11085,1283,true
14679,11086,1284,true
14680,11087,1283,true
14681,11087,1285,true
14682,11088,1283,true
14683,11089,1284,true
14684,11090,1284,true
14685,11091,1284,true
14686,11092,1284,true
14687,11093,1284,true
14688,11094,1284,true
14689,11095,1282,true
14690,11096,1284,true
14691,11097,1282,true
14692,11097,1283,true
14693,11097,1285,true
14694,11098,1284,true
14695,11099,1284,true
14696,11100,1284,true
14697,11101,1282,true
14698,11101,1283,true
14699,11101,1285,true
14700,11102,1282,true
14701,11102,1283,true
14702,11102,1285,true
14703,11103,1284,true
14704,11104,1284,true
14705,11105,2797,false
14706,11106,2797,false
14707,11107,1282,true
14708,11107,1283,true
14709,11107,1285,true
14710,11108,1282,true
14711,11108,1283,true
14712,11108,1285,true
14713,11109,1284,true
14714,11110,1284,true
14715,11111,2797,false
14716,11112,1284,true
14717,11113,1284,true
14718,11114,1284,true
14719,11115,1284,true
14720,11116,1284,true
14721,11117,1284,true
14722,11118,1284,true
14723,11119,2797,false
14724,11120,1284,true
14725,11121,1282,true
14726,11121,1283,true
14727,11121,1285,true
14728,11122,1282,true
14729,11122,1283,true
14730,11122,1285,true
14731,11123,1284,true
14732,11124,1283,true
14733,11125,2797,false
14734,11126,1284,true
14735,11127,1284,true
14736,11128,1284,true
14737,11129,1282,true
14738,11129,1283,true
14739,11130,1284,true
14740,11131,1284,true
14741,11132,1283,true
14742,11133,1283,true
14743,11134,1284,true
14744,11134,1285,true
14745,11135,1283,true
14746,11135,1285,true
14747,11136,1291,true
14748,11137,1292,true
14749,11138,1291,true
14750,11139,1291,true
14751,11140,2471,false
14752,11141,2471,false
14753,11142,2471,false
14754,11143,2471,false
14755,11144,2471,false
14756,11145,2471,false
14757,11146,2471,false
14758,11147,2471,false
14759,11148,2471,false
14760,11149,2471,false
14761,11150,2471,false
14762,11151,1291,true
14763,11152,1292,true
14764,11153,2471,false
14765,11154,2471,false
14766,11155,2471,false
14767,11156,2471,false
14768,11157,2471,false
14769,11158,2471,false
14770,11159,2471,false
14771,11160,2471,false
14772,11161,2471,false
14773,11162,2471,false
14774,11163,2471,false
14775,11164,2471,false
14776,11165,1286,true
14777,11166,1287,true
14778,11167,1298,true
14779,11168,1288,true
14780,11169,1289,true
14781,11170,1290,true
14782,11171,1291,true
14783,11172,1292,true
14784,11173,1293,true
14785,11174,1294,true
14786,11175,1295,true
14787,11176,2471,false
14788,11177,1296,true
14789,11178,2471,false
14790,11179,1297,true
14791,11180,1299,true
14792,11181,2471,false
14793,11182,1300,true
14794,11183,1304,false
14795,11184,1301,true
14796,11185,1302,true
14797,11186,1303,true
14798,11187,1304,true
14799,11188,1288,true
14800,11189,1295,true
14801,11190,1296,true
14802,11191,1292,true
14803,11192,1291,true
14804,11193,1286,true
14805,11194,1287,true
14806,11195,1287,true
14807,11196,1298,true
14808,11197,1298,true
14809,11198,1288,true
14810,11199,1289,true
14811,11200,1289,true
14812,11201,1290,true
14813,11202,1290,true
14814,11203,1291,true
14815,11204,1291,true
14816,11205,1292,true
14817,11206,1292,true
14818,11207,1293,true
14819,11208,1293,true
14820,11209,1294,true
14821,11210,1294,true
14822,11211,1295,true
14823,11212,1291,true
14824,11213,1292,true
14825,11214,2471,false
14826,11215,2471,false
14827,11216,1292,true
14828,11217,2471,false
14829,11218,1297,true
14830,11219,1297,true
14831,11220,1299,true
14832,11221,1299,true
14833,11222,2471,false
14834,11223,2471,false
14835,11224,1300,true
14836,11225,1304,false
14837,11226,1301,true
14838,11227,1301,true
14839,11228,1302,true
14840,11229,1302,true
14841,11230,1303,true
14842,11231,1304,true
14843,11232,2471,false
14844,11233,2471,false
14845,11234,2471,false
14846,11235,1291,true
14847,11236,2471,false
14848,11237,2471,false
14849,11238,2471,false
14850,11239,2471,false
14851,11240,2471,false
14852,11241,2471,false
14853,11242,2471,false
14854,11243,2471,false
14855,11244,1288,true
14856,11245,2471,false
14857,11246,2471,false
14858,11247,2471,false
14859,11248,2471,false
14860,11249,2471,false
14861,11250,1303,true
14862,11251,2471,false
14863,11252,2471,false
14864,11253,1291,false
14865,11253,1292,false
14866,11254,2471,false
14867,11255,2471,false
14868,11256,2471,false
14869,11257,1291,true
14870,11258,1292,true
14871,11259,2471,false
14872,11260,2471,false
14873,11261,2471,false
14874,11262,2471,false
14875,11263,2471,false
14876,11264,2471,false
14877,11265,2471,false
14878,11266,2471,false
14879,11267,1286,false
14880,11267,1288,false
14881,11267,1289,false
14882,11267,1291,false
14883,11267,1292,false
14884,11267,1295,false
14885,11267,1296,false
14886,11267,1303,false
14887,11267,1304,false
14888,11268,2471,false
14889,11269,2471,false
14890,11270,1288,true
14891,11271,1295,true
14892,11272,1304,false
14893,11273,1286,false
14894,11273,1288,false
14895,11273,1289,false
14896,11273,1291,false
14897,11273,1292,false
14898,11273,1295,false
14899,11273,1296,false
14900,11273,1302,false
14901,11273,1303,false
14902,11273,1304,false
14903,11274,1288,true
14904,11275,1295,true
14905,11276,1286,false
14906,11276,1288,false
14907,11276,1289,false
14908,11276,1291,false
14909,11276,1292,false
14910,11276,1295,false
14911,11276,1296,false
14912,11276,1302,false
14913,11276,1303,false
14914,11276,1304,false
14915,11277,1286,true
14916,11278,1287,true
14917,11279,1298,true
14918,11280,1288,true
14919,11281,1289,true
14920,11282,1290,true
14921,11283,1291,true
14922,11284,1292,true
14923,11285,1291,true
14924,11286,1291,false
14925,11286,1292,false
14926,11287,2471,false
14927,11288,1294,true
14928,11289,1295,true
14929,11290,2471,false
14930,11291,1296,true
14931,11292,1297,true
14932,11293,1299,true
14933,11294,2471,false
14934,11295,1300,true
14935,11296,1301,true
14936,11297,1302,true
14937,11298,1303,true
14938,11299,1304,true
14939,11300,1292,false
14940,11301,1305,true
14941,11302,1305,true
14942,11303,1305,true
14943,11304,1305,true
14944,11305,1305,true
14945,11306,1305,true
14946,11307,1306,true
14947,11308,1306,true
14948,11309,1306,true
14949,11310,1306,true
14950,11311,1306,true
14951,11312,1306,true
14952,11313,1306,true
14953,11314,1306,true
14954,11315,1306,true
14955,11316,1306,true
14956,11317,1306,true
14957,11318,1306,true
14958,11319,1306,true
14959,11320,1306,true
14960,11321,1306,true
14961,11322,1306,true
14962,11323,1306,true
14963,11324,1306,true
14964,11325,1306,true
14965,11326,1306,true
14966,11327,1306,true
14967,11328,1306,true
14968,11329,1306,true
14969,11330,1306,true
14970,11331,1306,true
14971,11332,1306,true
14972,11333,1306,true
14973,11334,1306,true
14974,11335,1306,true
14975,11336,2798,false
14976,11337,2798,false
14977,11338,1323,true
14978,11339,2798,false
14979,11340,2798,false
14980,11341,2798,false
14981,11342,2798,false
14982,11343,2798,false
14983,11344,2798,false
14984,11345,2798,false
14985,11346,2798,false
14986,11347,2798,false
14987,11348,2798,false
14988,11349,2798,false
14989,11350,2798,false
14990,11351,2798,false
14991,11352,2798,false
14992,11353,1307,true
14993,11354,1308,true
14994,11355,1310,true
14995,11356,1309,true
14996,11357,1311,true
14997,11358,2798,false
14998,11359,1312,true
14999,11360,1314,true
15000,11361,1320,true
15001,11362,1321,true
15002,11363,1315,true
15003,11364,1316,true
15004,11365,1317,true
15005,11366,1318,true
15006,11367,1319,true
15007,11368,2798,false
15008,11369,1323,true
15009,11370,1324,true
15010,11371,1325,true
15011,11372,1309,true
15012,11373,1309,true
15013,11374,2798,false
15014,11375,2798,false
15015,11376,2798,false
15016,11377,1309,true
15017,11378,1316,true
15018,11379,1309,true
15019,11380,1316,true
15020,11381,2798,false
15021,11382,2798,false
15022,11383,2798,false
15023,11384,1307,true
15024,11385,1308,true
15025,11386,2798,false
15026,11387,1310,true
15027,11388,1311,true
15028,11389,2798,false
15029,11390,1312,true
15030,11391,1313,true
15031,11392,1314,true
15032,11393,1320,true
15033,11394,1321,true
15034,11395,1315,true
15035,11396,1316,true
15036,11397,1317,true
15037,11398,2798,false
15038,11399,1313,false
15039,11400,2798,false
15040,11401,1318,true
15041,11402,2798,false
15042,11403,1319,true
15043,11404,2798,false
15044,11405,2798,false
15045,11406,2798,false
15046,11407,1322,true
15047,11408,1323,true
15048,11409,1324,true
15049,11410,2798,false
15050,11411,2798,false
15051,11412,2798,false
15052,11413,2798,false
15053,11414,1325,true
15054,11415,2798,false
15055,11416,2798,false
15056,11417,2798,false
15057,11418,1310,true
15058,11419,2798,false
15059,11420,2798,false
15060,11421,2798,false
15061,11422,2798,false
15062,11423,2798,false
15063,11424,2798,false
15064,11425,2798,false
15065,11426,2798,false
15066,11427,2798,false
15067,11428,1313,false
15068,11429,2798,false
15069,11430,2798,false
15070,11431,2798,false
15071,11432,2798,false
15072,11433,2798,false
15073,11434,2798,false
15074,11435,2798,false
15075,11436,1309,false
15076,11436,1310,false
15077,11436,1312,false
15078,11436,1313,false
15079,11436,1316,false
15080,11436,1318,false
15081,11436,1322,false
15082,11436,1323,false
15083,11437,2798,false
15084,11438,2798,false
15085,11439,2798,false
15086,11440,1309,false
15087,11440,1310,true
15088,11441,2798,false
15089,11442,1309,true
15090,11443,1312,true
15091,11444,1316,true
15092,11445,2798,false
15093,11446,1309,true
15094,11447,2798,false
15095,11448,1309,true
15096,11448,1313,false
15097,11449,1313,false
15098,11450,1318,true
15099,11451,2798,false
15100,11452,2798,false
15101,11453,1309,true
15102,11454,1318,true
15103,11455,2798,false
15104,11456,2798,false
15105,11457,2798,false
15106,11458,1318,true
15107,11459,2798,false
15108,11460,2798,false
15109,11461,2798,false
15110,11462,1309,false
15111,11462,1310,false
15112,11462,1312,false
15113,11462,1313,false
15114,11462,1316,false
15115,11462,1318,false
15116,11462,1322,false
15117,11462,1323,false
15118,11463,1309,false
15119,11463,1310,false
15120,11463,1312,false
15121,11463,1313,false
15122,11463,1316,false
15123,11463,1318,false
15124,11463,1322,false
15125,11463,1323,false
15126,11464,1308,true
15127,11465,1311,true
15128,11466,1314,true
15129,11467,1321,true
15130,11468,1315,true
15131,11469,1317,true
15132,11470,1319,true
15133,11471,2798,false
15134,11472,2798,false
15135,11473,1323,true
15136,11474,1324,true
15137,11475,1325,true
15138,11476,2697,false
15139,11477,2697,false
15140,11478,2697,false
15141,11479,2697,false
15142,11480,2697,false
15143,11481,2697,false
15144,11482,2697,false
15145,11483,2697,false
15146,11484,2697,false
15147,11485,2697,false
15148,11486,2697,false
15149,11487,2697,false
15150,11488,2697,false
15151,11489,2697,false
15152,11490,2697,false
15153,11491,2697,false
15154,11492,2697,false
15155,11493,2697,false
15156,11494,2697,false
15157,11495,2697,false
15158,11496,2697,false
15159,11497,2697,false
15160,11498,2697,false
15161,11499,2697,false
15162,11500,2697,false
15163,11501,2697,false
15164,11502,2697,false
15165,11503,2697,false
15166,11504,2697,false
15167,11505,2697,false
15168,11506,2697,false
15169,11507,2697,false
15170,11508,2697,false
15171,11509,1326,true
15172,11510,1327,true
15173,11511,1327,true
15174,11512,2620,false
15175,11513,2620,false
15176,11514,2620,false
15177,11515,1326,true
15178,11516,1327,true
15179,11517,1326,true
15180,11518,1326,true
15181,11519,2620,false
15182,11520,1327,true
15183,11521,2620,false
15184,11522,2620,false
15185,11523,2620,false
15186,11524,2620,false
15187,11525,2620,false
15188,11526,2620,false
15189,11527,2620,false
15190,11528,1327,true
15191,11529,2620,false
15192,11530,2620,false
15193,11531,2620,false
15194,11532,2620,false
15195,11533,1326,false
15196,11533,1327,false
15197,11534,2620,false
15198,11535,1326,true
15199,11536,2620,false
15200,11537,1326,false
15201,11537,1327,false
15202,11538,1326,false
15203,11538,1327,false
15204,11539,1327,true
15205,11540,1328,true
15206,11541,1328,true
15207,11542,1330,true
15208,11543,2474,false
15209,11544,2474,false
15210,11545,2474,false
15211,11546,2474,false
15212,11547,2474,false
15213,11548,1329,true
15214,11549,1330,true
15215,11550,1331,true
15216,11551,1332,true
15217,11552,1333,true
15218,11553,1330,true
15219,11554,1329,true
15220,11555,1329,true
15221,11556,1330,true
15222,11557,1331,true
15223,11558,1332,true
15224,11559,1333,true
15225,11560,2474,false
15226,11561,2474,false
15227,11562,2474,false
15228,11563,2474,false
15229,11564,2474,false
15230,11565,2474,false
15231,11566,2474,false
15232,11567,1332,true
15233,11568,1329,true
15234,11569,1331,true
15235,11570,1329,true
15236,11571,1331,true
15237,11572,1329,false
15238,11572,1330,false
15239,11572,1331,false
15240,11572,1332,false
15241,11572,1333,false
15242,11573,2474,false
15243,11574,1329,false
15244,11574,1330,false
15245,11574,1331,false
15246,11574,1332,false
15247,11574,1333,false
15248,11575,1329,true
15249,11576,1330,true
15250,11577,1331,true
15251,11578,1332,true
15252,11579,1332,true
15253,11580,1336,true
15254,11581,1336,true
15255,11582,1336,true
15256,11583,1335,true
15257,11584,1336,true
15258,11585,1336,true
15259,11586,1336,true
15260,11587,1336,true
15261,11588,2799,false
15262,11589,2799,false
15263,11590,1336,true
15264,11591,1336,true
15265,11592,1336,true
15266,11593,1336,true
15267,11594,1336,true
15268,11595,1336,true
15269,11596,1342,true
15270,11597,2621,false
15271,11598,2621,false
15272,11599,2621,false
15273,11600,1338,true
15274,11600,1339,true
15275,11600,1340,true
15276,11601,1342,true
15277,11602,2621,false
15278,11603,1342,true
15279,11604,1342,true
15280,11605,1343,true
15281,11606,1344,true
15282,11607,1345,true
15283,11608,2621,false
15284,11609,1342,true
15285,11610,1338,true
15286,11611,1339,true
15287,11612,1339,true
15288,11613,1339,true
15289,11614,1341,true
15290,11615,2621,false
15291,11616,2621,false
15292,11617,1337,true
15293,11618,1342,true
15294,11619,1343,true
15295,11620,1344,true
15296,11621,1342,true
15297,11622,2621,false
15298,11623,2621,false
15299,11624,1342,true
15300,11625,1345,true
15301,11626,1342,true
15302,11627,1342,true
15303,11628,1342,true
15304,11629,2621,false
15305,11630,2621,false
15306,11631,2621,false
15307,11632,2621,false
15308,11633,2621,false
15309,11634,2621,false
15310,11635,2621,false
15311,11636,2621,false
15312,11637,2621,false
15313,11638,2621,false
15314,11639,2621,false
15315,11640,2621,false
15316,11641,1342,true
15317,11642,2621,false
15318,11643,1342,true
15319,11644,2621,false
15320,11645,2621,false
15321,11646,2621,false
15322,11647,1342,true
15323,11648,1342,true
15324,11649,2621,false
15325,11650,1342,true
15326,11651,1342,true
15327,11652,1338,true
15328,11653,1339,true
15329,11654,1339,true
15330,11655,1340,true
15331,11656,2621,false
15332,11657,1337,true
15333,11658,1343,true
15334,11659,2621,false
15335,11660,1342,true
15336,11661,1342,true
15337,11662,1344,true
15338,11663,1342,true
15339,11664,1345,true
15340,11665,1345,true
15341,11666,2621,false
15342,11667,1342,true
15343,11668,2621,false
15344,11669,1337,false
15345,11670,2621,false
15346,11671,1337,false
15347,11672,2621,false
15348,11673,2621,false
15349,11674,2621,false
15350,11675,2621,false
15351,11676,2621,false
15352,11677,1337,false
15353,11677,1338,false
15354,11677,1339,false
15355,11677,1340,false
15356,11677,1341,false
15357,11677,1342,false
15358,11677,1344,false
15359,11678,1342,true
15360,11679,2621,false
15361,11680,1342,true
15362,11681,1342,true
15363,11682,1339,true
15364,11683,1339,true
15365,11684,1340,true
15366,11685,1341,true
15367,11686,1341,true
15368,11687,2621,false
15369,11688,2621,false
15370,11689,1343,true
15371,11690,1342,true
15372,11691,1342,true
15373,11692,2621,false
15374,11693,2621,false
15375,11694,1342,true
15376,11695,2621,false
15377,11696,1341,false
15378,11696,1342,true
15379,11697,1342,true
15380,11698,1342,true
15381,11699,1342,true
15382,11700,1342,true
15383,11701,2621,false
15384,11702,1342,true
15385,11703,1337,false
15386,11703,1338,false
15387,11703,1339,false
15388,11703,1340,false
15389,11703,1341,false
15390,11703,1342,false
15391,11703,1344,false
15392,11703,1345,false
15393,11704,2621,false
15394,11705,2621,false
15395,11706,1342,true
15396,11707,1337,false
15397,11707,1338,false
15398,11707,1339,false
15399,11707,1340,false
15400,11707,1341,false
15401,11707,1342,false
15402,11707,1344,false
15403,11707,1345,false
15404,11708,1337,true
15405,11709,1338,true
15406,11709,1339,true
15407,11709,1340,true
15408,11710,1337,true
15409,11711,1344,true
15410,11712,1345,true
15411,11713,1346,true
15412,11714,2800,false
15413,11715,1346,true
15414,11716,1347,true
15415,11717,1346,true
15416,11718,1347,true
15417,11719,2800,false
15418,11720,1346,false
15419,11720,1347,false
15420,11721,1346,false
15421,11721,1347,false
15422,11722,1346,false
15423,11722,1347,false
15424,11723,1346,true
15425,11724,1347,true
15426,11725,1349,true
15427,11726,2801,false
15428,11727,1348,true
15429,11728,1349,true
15430,11729,1348,true
15431,11730,1349,true
15432,11731,1349,true
15433,11732,1349,true
15434,11733,2801,false
15435,11734,2801,false
15436,11735,1348,false
15437,11735,1349,false
15438,11736,1349,true
15439,11737,1348,false
15440,11737,1349,false
15441,11738,1348,false
15442,11738,1349,false
15443,11739,1348,true
15444,11740,1351,true
15445,11741,1350,true
15446,11742,1353,true
15447,11743,1354,true
15448,11744,1355,true
15449,11745,1352,true
15450,11746,1351,true
15451,11747,1350,true
15452,11748,1353,true
15453,11749,1354,true
15454,11750,1355,true
15455,11751,1352,true
15456,11752,1351,true
15457,11753,1350,true
15458,11754,1353,true
15459,11755,2622,false
15460,11756,2622,false
15461,11757,2622,false
15462,11758,1354,true
15463,11759,1355,true
15464,11760,1352,true
15465,11761,2622,false
15466,11762,2622,false
15467,11763,2622,false
15468,11764,2622,false
15469,11765,2622,false
15470,11766,1350,false
15471,11766,1351,false
15472,11766,1352,false
15473,11766,1353,false
15474,11766,1354,false
15475,11766,1355,false
15476,11767,2622,false
15477,11768,2622,false
15478,11769,2622,false
15479,11770,2622,false
15480,11771,2622,false
15481,11772,2622,false
15482,11773,2622,false
15483,11774,2622,false
15484,11775,2622,false
15485,11776,1350,false
15486,11776,1351,false
15487,11776,1352,false
15488,11776,1353,false
15489,11776,1354,false
15490,11776,1355,false
15491,11777,2622,false
15492,11778,1350,false
15493,11778,1351,false
15494,11778,1352,false
15495,11778,1353,false
15496,11778,1354,false
15497,11778,1355,false
15498,11779,1351,true
15499,11780,1350,true
15500,11781,1354,true
15501,11782,1355,true
15502,11783,1352,true
15503,11784,2622,false
15504,11785,1357,true
15505,11786,2623,false
15506,11787,2623,false
15507,11788,1356,true
15508,11789,1357,true
15509,11790,2623,false
15510,11791,2623,false
15511,11792,2623,false
15512,11793,1357,true
15513,11794,1356,true
15514,11795,1356,true
15515,11796,1357,true
15516,11797,1356,true
15517,11798,1357,true
15518,11799,2623,false
15519,11800,1356,false
15520,11800,1357,false
15521,11801,1356,true
15522,11802,1356,true
15523,11803,1356,true
15524,11804,1356,false
15525,11804,1357,false
15526,11805,1356,false
15527,11805,1357,false
15528,11806,1356,true
15529,11807,1362,true
15530,11808,1362,true
15531,11809,1362,true
15532,11810,2624,false
15533,11811,1362,true
15534,11812,1362,true
15535,11813,2624,false
15536,11814,1362,true
15537,11815,1362,true
15538,11816,1362,true
15539,11817,1362,true
15540,11818,1362,true
15541,11819,1362,true
15542,11820,2624,false
15543,11821,1362,true
15544,11822,1362,true
15545,11823,1362,true
15546,11824,1362,true
15547,11825,1362,true
15548,11826,1362,true
15549,11827,1362,true
15550,11828,1362,true
15551,11829,1362,true
15552,11830,2625,false
15553,11831,1363,true
15554,11832,1363,true
15555,11833,1363,true
15556,11834,1363,true
15557,11835,1363,true
15558,11836,2625,false
15559,11837,1363,true
15560,11838,1363,true
15561,11839,2625,false
15562,11840,1363,true
15563,11841,1363,true
15564,11842,1363,true
15565,11843,1363,true
15566,11844,1365,true
15567,11845,1365,true
15568,11846,1365,true
15569,11847,2699,false
15570,11848,1365,true
15571,11849,2699,false
15572,11850,1365,true
15573,11851,2699,false
15574,11852,2699,false
15575,11853,1365,true
15576,11854,1365,true
15577,11855,1365,true
15578,11856,2699,false
15579,11857,2475,false
15580,11858,2475,false
15581,11859,1368,true
15582,11860,2475,false
15583,11861,1368,true
15584,11862,2475,false
15585,11863,2475,false
15586,11864,1368,true
15587,11865,1368,true
15588,11866,1368,true
15589,11867,1368,true
15590,11868,2475,false
15591,11869,1368,true
15592,11870,1368,true
15593,11871,1368,true
15594,11872,2475,false
15595,11873,1368,false
15596,11874,1368,true
15597,11875,1368,true
15598,11876,2475,false
15599,11877,2475,false
15600,11878,1368,true
15601,11879,1368,true
15602,11880,2475,false
15603,11881,1368,true
15604,11882,1368,true
15605,11883,1371,true
15606,11884,1369,true
15607,11885,1369,true
15608,11886,1371,true
15609,11887,1370,true
15610,11888,1371,true
15611,11889,1371,true
15612,11890,1371,true
15613,11891,1369,true
15614,11892,1371,true
15615,11893,1369,true
15616,11894,1370,true
15617,11895,1371,true
15618,11896,1371,true
15619,11897,1369,true
15620,11898,1369,true
15621,11899,1369,true
15622,11900,1372,true
15623,11901,1372,true
15624,11902,1372,true
15625,11903,1372,true
15626,11904,1372,true
15627,11905,1372,true
15628,11906,1372,true
15629,11907,1372,true
15630,11908,1372,true
15631,11909,1372,true
15632,11910,1372,true
15633,11911,1372,true
15634,11912,1372,true
15635,11913,1372,true
15636,11914,1372,true
15637,11915,1372,true
15638,11916,1372,true
15639,11917,1372,true
15640,11918,1372,true
15641,11919,1372,true
15642,11920,1372,true
15643,11921,1372,true
15644,11922,1372,true
15645,11923,1372,true
15646,11924,1372,true
15647,11925,1372,true
15648,11926,1372,true
15649,11927,1372,true
15650,11928,1372,true
15651,11929,1372,true
15652,11930,2804,false
15653,11931,2804,false
15654,11932,2804,false
15655,11933,2804,false
15656,11934,2804,false
15657,11935,1372,true
15658,11936,1372,true
15659,11937,1372,true
15660,11938,1372,true
15661,11939,1372,true
15662,11940,1372,true
15663,11941,2804,false
15664,11942,1372,true
15665,11943,1372,true
15666,11944,1372,true
15667,11945,1372,true
15668,11946,1372,true
15669,11947,1372,true
15670,11948,1372,true
15671,11949,1372,true
15672,11950,2804,false
15673,11951,2804,false
15674,11952,1372,true
15675,11953,1372,true
15676,11954,1372,true
15677,11955,1372,true
15678,11956,1372,true
15679,11957,1372,true
15680,11958,1372,true
15681,11959,1372,true
15682,11960,1372,true
15683,11961,1372,true
15684,11962,1372,true
15685,11963,1372,true
15686,11964,1372,true
15687,11965,1372,true
15688,11966,2804,false
15689,11967,2804,false
15690,11968,2804,false
15691,11969,1372,true
15692,11970,2804,false
15693,11971,1372,true
15694,11972,1372,true
15695,11973,1372,true
15696,11974,2804,false
15697,11975,1372,true
15698,11976,2804,false
15699,11977,1372,true
15700,11978,2804,false
15701,11979,2804,false
15702,11980,1372,true
15703,11981,2804,false
15704,11982,2804,false
15705,11983,2804,false
15706,11984,1372,true
15707,11985,1372,true
15708,11986,1372,true
15709,11987,1372,false
15710,11988,1372,true
15711,11989,1372,true
15712,11990,1372,true
15713,11991,1372,true
15714,11992,1372,true
15715,11993,2804,false
15716,11994,1372,true
15717,11995,1372,true
15718,11996,2804,false
15719,11997,2804,false
15720,11998,2804,false
15721,11999,1372,true
15722,12000,1372,true
15723,12001,1372,true
15724,12002,2804,false
15725,12003,1372,true
15726,12004,2804,false
15727,12005,2804,false
15728,12006,1372,true
15729,12007,1372,true
15730,12008,1372,false
15731,12009,1372,false
15732,12010,1372,true
15733,12011,2804,false
15734,12012,1372,true
15735,12013,1372,true
15736,12014,1372,true
15737,12015,2804,false
15738,12016,1372,true
15739,12017,1372,true
15740,12018,2804,false
15741,12019,1372,true
15742,12020,1372,true
15743,12021,1372,true
15744,12022,1372,true
15745,12023,2804,false
15746,12024,2804,false
15747,12025,2805,false
15748,12026,2805,false
15749,12027,2805,false
15750,12028,2805,false
15751,12029,2805,false
15752,12030,2805,false
15753,12031,1376,true
15754,12032,2805,false
15755,12033,1382,true
15756,12034,1375,true
15757,12035,1375,true
15758,12035,1376,true
15759,12035,1379,true
15760,12035,1380,true
15761,12035,1382,false
15762,12036,1379,true
15763,12037,1375,false
15764,12037,1379,false
15765,12037,1382,true
15766,12038,1375,true
15767,12039,1376,true
15768,12039,1380,true
15769,12040,1379,true
15770,12041,1382,true
15771,12042,1375,true
15772,12042,1379,true
15773,12043,1383,true
15774,12044,1374,true
15775,12045,1375,true
15776,12046,1377,true
15777,12047,1376,true
15778,12047,1380,true
15779,12048,1378,true
15780,12049,1379,true
15781,12050,1381,true
15782,12051,1382,true
15783,12052,1382,true
15784,12053,1384,true
15785,12054,1385,true
15786,12055,1375,true
15787,12055,1379,true
15788,12056,1386,true
15789,12057,1387,true
15790,12058,1388,true
15791,12059,2805,false
15792,12060,1380,false
15793,12061,2805,false
15794,12062,2805,false
15795,12063,2805,false
15796,12064,2805,false
15797,12065,2805,false
15798,12066,2805,false
15799,12067,1375,true
15800,12067,1379,true
15801,12068,1382,true
15802,12069,2805,false
15803,12070,2805,false
15804,12071,2805,false
15805,12072,2805,false
15806,12073,2805,false
15807,12074,2805,false
15808,12075,2805,false
15809,12076,2805,false
15810,12077,2805,false
15811,12078,1382,true
15812,12079,2805,false
15813,12080,2805,false
15814,12081,2805,false
15815,12082,2805,false
15816,12083,1374,false
15817,12083,1375,false
15818,12083,1376,false
15819,12083,1377,false
15820,12083,1378,false
15821,12083,1379,false
15822,12083,1380,false
15823,12083,1381,false
15824,12083,1382,false
15825,12083,1383,false
15826,12083,1384,false
15827,12083,1385,false
15828,12083,1386,false
15829,12083,1387,false
15830,12083,1388,false
15831,12084,2805,false
15832,12085,2805,false
15833,12086,1375,true
15834,12086,1379,true
15835,12087,1374,true
15836,12087,1375,false
15837,12087,1382,false
15838,12088,1377,true
15839,12089,1378,true
15840,12089,1379,false
15841,12089,1382,false
15842,12090,1381,true
15843,12091,1382,true
15844,12092,1384,true
15845,12093,1385,true
15846,12094,1386,true
15847,12095,1387,true
15848,12096,1388,true
15849,12097,1377,true
15850,12098,1378,true
15851,12099,1381,true
15852,12100,1384,true
15853,12101,1385,true
15854,12102,1386,true
15855,12103,1387,true
15856,12104,1375,true
15857,12105,1379,true
15858,12106,1374,false
15859,12106,1375,false
15860,12106,1376,false
15861,12106,1377,false
15862,12106,1378,false
15863,12106,1379,false
15864,12106,1380,false
15865,12106,1381,false
15866,12106,1382,false
15867,12106,1383,false
15868,12106,1384,false
15869,12106,1385,false
15870,12106,1386,false
15871,12106,1387,false
15872,12106,1388,false
15873,12107,1374,false
15874,12107,1375,false
15875,12107,1376,false
15876,12107,1377,false
15877,12107,1378,false
15878,12107,1379,false
15879,12107,1380,false
15880,12107,1381,false
15881,12107,1382,false
15882,12107,1383,false
15883,12107,1384,false
15884,12107,1385,false
15885,12107,1386,false
15886,12107,1387,false
15887,12107,1388,false
15888,12108,1376,true
15889,12108,1380,true
15890,12108,1382,false
15891,12109,1375,false
15892,12109,1379,false
15893,12109,1382,true
15894,12110,2476,false
15895,12111,2476,false
15896,12112,2476,false
15897,12113,2476,false
15898,12114,2476,false
15899,12115,2476,false
15900,12116,2476,false
15901,12117,2476,false
15902,12118,2476,false
15903,12119,2476,false
15904,12120,2476,false
15905,12121,2476,false
15906,12122,2476,false
15907,12123,2476,false
15908,12124,2476,false
15909,12125,2476,false
15910,12126,2476,false
15911,12127,2476,false
15912,12128,2476,false
15913,12129,2476,false
15914,12130,2476,false
15915,12131,2476,false
15916,12132,2476,false
15917,12133,2476,false
15918,12134,2476,false
15919,12135,1403,true
15920,12136,1407,true
15921,12137,1407,true
15922,12138,1407,true
15923,12139,1407,true
15924,12140,1395,true
15925,12140,1407,true
15926,12140,1425,true
15927,12141,1407,true
15928,12142,1402,true
15929,12143,1397,true
15930,12143,1430,true
15931,12144,1407,true
15932,12145,1407,true
15933,12146,1407,true
15934,12147,1397,true
15935,12147,1412,true
15936,12148,1417,true
15937,12149,1417,true
15938,12149,1418,true
15939,12150,1417,true
15940,12150,1419,true
15941,12151,1407,true
15942,12152,1390,false
15943,12152,1407,true
15944,12152,1421,true
15945,12153,1407,true
15946,12153,1423,true
15947,12153,1425,true
15948,12154,1407,true
15949,12154,1425,true
15950,12155,1419,false
15951,12155,1425,false
15952,12155,1433,true
15953,12156,1407,true
15954,12157,1401,true
15955,12158,1401,true
15956,12159,1401,true
15957,12160,1407,true
15958,12161,1392,true
15959,12162,1430,true
15960,12163,1407,true
15961,12163,1417,false
15962,12164,1401,true
15963,12165,1407,true
15964,12165,1423,true
15965,12165,1430,true
15966,12166,1392,true
15967,12167,1389,true
15968,12168,1392,true
15969,12169,1393,true
15970,12170,1395,false
15971,12170,1407,true
15972,12170,1425,false
15973,12171,1397,true
15974,12172,1398,true
15975,12173,1398,true
15976,12174,1398,true
15977,12175,1397,true
15978,12176,1401,true
15979,12177,1401,true
15980,12178,1407,true
15981,12179,1403,true
15982,12180,1404,true
15983,12181,1406,true
15984,12182,1406,true
15985,12182,1407,true
15986,12183,2477,false
15987,12184,1407,true
15988,12184,1408,true
15989,12185,1410,true
15990,12186,1407,true
15991,12186,1425,false
15992,12187,1395,true
15993,12187,1407,true
15994,12188,1395,true
15995,12188,1407,true
15996,12189,1407,true
15997,12190,1413,true
15998,12191,1407,true
15999,12192,1397,false
16000,12192,1406,true
16001,12192,1412,false
16002,12192,1417,true
16003,12192,1418,false
16004,12193,1397,false
16005,12193,1417,false
16006,12193,1418,true
16007,12193,1425,false
16008,12194,1417,true
16009,12194,1419,true
16010,12195,1420,true
16011,12196,1391,false
16012,12196,1398,false
16013,12196,1405,false
16014,12196,1421,true
16015,12197,1422,true
16016,12198,1407,true
16017,12198,1423,true
16018,12199,1407,true
16019,12199,1408,true
16020,12199,1424,true
16021,12200,1405,false
16022,12200,1419,true
16023,12200,1421,true
16024,12200,1425,true
16025,12201,1405,false
16026,12202,1399,true
16027,12203,1399,true
16028,12204,1426,true
16029,12205,1433,true
16030,12206,1394,false
16031,12206,1399,false
16032,12206,1433,true
16033,12207,1403,true
16034,12208,1392,true
16035,12209,1396,true
16036,12210,1397,true
16037,12211,1398,true
16038,12212,1398,true
16039,12213,1398,true
16040,12214,1397,true
16041,12215,1401,true
16042,12216,1401,true
16043,12217,1402,true
16044,12218,1403,true
16045,12219,1404,true
16046,12220,1406,true
16047,12221,1406,true
16048,12221,1407,true
16049,12222,1407,true
16050,12223,1407,true
16051,12223,1408,true
16052,12224,1410,true
16053,12225,1411,true
16054,12226,1407,true
16055,12227,1413,true
16056,12228,1407,true
16057,12229,1417,true
16058,12230,1418,true
16059,12231,1419,true
16060,12232,1420,true
16061,12233,1421,true
16062,12234,1422,true
16063,12235,1423,true
16064,12236,1407,true
16065,12236,1424,true
16066,12237,1425,true
16067,12238,1405,true
16068,12239,1399,true
16069,12240,1400,true
16070,12241,1426,true
16071,12242,1433,true
16072,12243,1433,true
16073,12244,1433,true
16074,12245,1389,true
16075,12246,1407,true
16076,12247,1393,true
16077,12248,1395,true
16078,12249,1396,true
16079,12250,1397,true
16080,12251,1398,true
16081,12252,1398,true
16082,12253,1401,true
16083,12254,1401,true
16084,12255,1402,true
16085,12256,1403,true
16086,12257,1404,true
16087,12258,1406,true
16088,12259,1406,true
16089,12259,1407,true
16090,12260,1407,true
16091,12261,1407,true
16092,12262,1407,true
16093,12263,1410,true
16094,12263,1416,true
16095,12264,1411,true
16096,12265,1412,true
16097,12266,1407,true
16098,12267,1413,true
16099,12268,1417,true
16100,12269,1418,true
16101,12270,1419,true
16102,12271,1420,true
16103,12272,1421,true
16104,12273,1423,true
16105,12274,1425,true
16106,12275,1405,true
16107,12276,1407,true
16108,12277,1394,true
16109,12277,1399,true
16110,12277,1414,true
16111,12277,1415,true
16112,12278,1426,true
16113,12279,1433,true
16114,12280,1407,true
16115,12281,1407,true
16116,12282,1407,true
16117,12283,1402,true
16118,12284,1430,true
16119,12285,1407,true
16120,12286,1407,true
16121,12287,1407,true
16122,12288,1412,true
16123,12289,1417,true
16124,12290,1417,true
16125,12290,1418,true
16126,12291,1419,true
16127,12292,1407,true
16128,12293,1390,false
16129,12293,1407,true
16130,12293,1421,true
16131,12294,1407,true
16132,12294,1423,true
16133,12294,1425,true
16134,12295,1407,true
16135,12295,1425,true
16136,12296,1433,true
16137,12297,1425,true
16138,12298,1401,true
16139,12299,1392,true
16140,12300,1395,true
16141,12301,1395,true
16142,12301,1407,true
16143,12302,1407,true
16144,12303,1417,true
16145,12303,1419,true
16146,12304,1405,true
16147,12304,1417,true
16148,12304,1419,true
16149,12304,1425,true
16150,12305,1406,true
16151,12305,1407,true
16152,12306,1403,true
16153,12307,1407,true
16154,12308,1430,true
16155,12309,1417,true
16156,12310,1405,true
16157,12310,1417,true
16158,12310,1419,true
16159,12310,1425,true
16160,12311,1413,true
16161,12312,1422,true
16162,12313,1423,true
16163,12314,1407,true
16164,12314,1430,true
16165,12315,1433,true
16166,12316,1427,true
16167,12317,1407,true
16168,12318,1407,true
16169,12319,1407,true
16170,12320,1395,true
16171,12321,1407,true
16172,12322,1407,true
16173,12323,1407,true
16174,12324,1407,true
16175,12325,1398,true
16176,12326,1398,true
16177,12327,1407,true
16178,12328,1397,true
16179,12329,1428,true
16180,12330,1395,true
16181,12331,1401,true
16182,12332,1401,true
16183,12333,1401,true
16184,12334,1407,true
16185,12335,1407,true
16186,12336,1390,false
16187,12336,1407,true
16188,12337,1407,true
16189,12338,1403,true
16190,12339,1407,true
16191,12340,1407,true
16192,12341,1407,true
16193,12342,1406,true
16194,12342,1407,true
16195,12343,1407,true
16196,12344,1407,true
16197,12345,1407,true
16198,12346,2477,false
16199,12347,1407,true
16200,12348,1407,true
16201,12349,1407,true
16202,12350,1407,true
16203,12351,1407,true
16204,12352,1429,true
16205,12353,1430,true
16206,12354,1407,true
16207,12355,1407,true
16208,12356,1417,true
16209,12357,1417,true
16210,12358,1431,true
16211,12359,1432,true
16212,12360,1395,true
16213,12361,1395,true
16214,12362,1419,true
16215,12363,1419,true
16216,12364,1407,true
16217,12365,1407,true
16218,12366,1407,true
16219,12367,1421,true
16220,12368,1421,true
16221,12369,1407,true
16222,12369,1421,true
16223,12370,1421,true
16224,12371,1407,true
16225,12372,1389,false
16226,12372,1396,false
16227,12372,1397,false
16228,12372,1398,false
16229,12372,1403,false
16230,12372,1404,false
16231,12372,1405,false
16232,12372,1406,false
16233,12372,1408,false
16234,12372,1410,false
16235,12372,1412,false
16236,12372,1413,false
16237,12372,1417,false
16238,12372,1418,false
16239,12372,1419,false
16240,12372,1420,false
16241,12372,1421,false
16242,12372,1423,false
16243,12372,1424,false
16244,12372,1425,false
16245,12372,1430,false
16246,12373,1407,true
16247,12374,1423,true
16248,12375,1423,true
16249,12376,1407,true
16250,12377,1407,true
16251,12378,1425,true
16252,12379,1407,true
16253,12379,1425,true
16254,12380,1407,true
16255,12381,1394,true
16256,12381,1399,true
16257,12382,1407,true
16258,12383,1433,true
16259,12384,1433,true
16260,12385,1407,true
16261,12386,1395,true
16262,12386,1407,true
16263,12386,1425,true
16264,12387,1395,true
16265,12387,1397,false
16266,12387,1407,true
16267,12388,1389,true
16268,12388,1407,true
16269,12388,1425,true
16270,12389,1412,true
16271,12390,1407,true
16272,12391,1395,true
16273,12391,1397,false
16274,12391,1407,true
16275,12392,1395,true
16276,12393,1407,true
16277,12394,1430,true
16278,12395,1407,true
16279,12396,1407,true
16280,12397,1407,true
16281,12398,1407,true
16282,12399,1407,true
16283,12400,1407,true
16284,12401,1407,true
16285,12402,1406,true
16286,12402,1407,true
16287,12403,1407,true
16288,12404,1407,true
16289,12405,1407,true
16290,12406,1407,true
16291,12407,1407,true
16292,12408,1407,true
16293,12409,1407,true
16294,12410,1407,true
16295,12411,1407,true
16296,12412,1407,true
16297,12413,1407,true
16298,12414,1407,true
16299,12415,1407,true
16300,12416,1407,true
16301,12417,1426,true
16302,12418,1433,true
16303,12419,1407,true
16304,12420,2477,false
16305,12421,1407,true
16306,12422,1392,true
16307,12423,1395,false
16308,12423,1397,true
16309,12424,1395,true
16310,12425,1395,true
16311,12425,1396,true
16312,12425,1403,true
16313,12426,1395,true
16314,12426,1407,true
16315,12427,1395,true
16316,12428,1407,true
16317,12429,1397,false
16318,12430,1403,true
16319,12431,1395,false
16320,12431,1395,false
16321,12431,1397,true
16322,12431,1407,true
16323,12431,1412,false
16324,12432,1397,false
16325,12433,2477,false
16326,12434,1395,true
16327,12434,1407,true
16328,12435,1395,false
16329,12435,1397,true
16330,12435,1418,false
16331,12435,1422,false
16332,12436,1397,true
16333,12437,1395,true
16334,12438,1395,true
16335,12438,1407,true
16336,12439,1395,true
16337,12440,1407,true
16338,12441,1396,true
16339,12442,1395,true
16340,12443,1395,true
16341,12444,1389,false
16342,12444,1396,false
16343,12444,1397,false
16344,12444,1398,false
16345,12444,1399,false
16346,12444,1402,false
16347,12444,1403,false
16348,12444,1404,false
16349,12444,1405,false
16350,12444,1406,false
16351,12444,1407,false
16352,12444,1408,false
16353,12444,1410,false
16354,12444,1412,false
16355,12444,1413,false
16356,12444,1417,false
16357,12444,1418,false
16358,12444,1419,false
16359,12444,1420,false
16360,12444,1421,false
16361,12444,1422,false
16362,12444,1423,false
16363,12444,1424,false
16364,12444,1425,false
16365,12444,1426,false
16366,12444,1430,false
16367,12445,1395,true
16368,12445,1397,true
16369,12445,1407,true
16370,12446,1395,true
16371,12447,1389,false
16372,12447,1396,false
16373,12447,1397,false
16374,12447,1398,false
16375,12447,1399,false
16376,12447,1402,false
16377,12447,1403,false
16378,12447,1404,false
16379,12447,1405,false
16380,12447,1406,false
16381,12447,1407,false
16382,12447,1408,false
16383,12447,1410,false
16384,12447,1412,false
16385,12447,1413,false
16386,12447,1417,false
16387,12447,1418,false
16388,12447,1419,false
16389,12447,1420,false
16390,12447,1421,false
16391,12447,1422,false
16392,12447,1423,false
16393,12447,1424,false
16394,12447,1425,false
16395,12447,1426,false
16396,12447,1430,false
16397,12448,1389,true
16398,12449,1407,true
16399,12450,1393,true
16400,12451,1395,true
16401,12452,1395,true
16402,12453,1396,true
16403,12454,1397,true
16404,12455,1397,true
16405,12456,1398,true
16406,12457,1398,true
16407,12458,1398,true
16408,12459,1397,true
16409,12460,1395,true
16410,12461,1395,true
16411,12462,1407,true
16412,12463,1401,true
16413,12464,1401,true
16414,12465,1401,true
16415,12466,1402,true
16416,12467,1403,true
16417,12468,1404,true
16418,12469,1406,true
16419,12470,1406,true
16420,12470,1407,true
16421,12471,1407,true
16422,12472,1407,true
16423,12473,1410,true
16424,12473,1416,true
16425,12474,1410,true
16426,12474,1416,true
16427,12475,1411,true
16428,12476,1407,true
16429,12477,1395,true
16430,12477,1407,true
16431,12478,1407,true
16432,12478,1412,true
16433,12478,1423,true
16434,12479,1412,true
16435,12480,1407,true
16436,12481,1413,true
16437,12482,1406,true
16438,12482,1417,true
16439,12483,1417,true
16440,12484,1417,true
16441,12485,1397,false
16442,12485,1412,false
16443,12485,1417,true
16444,12486,1417,true
16445,12487,1417,true
16446,12488,1397,false
16447,12488,1417,false
16448,12488,1418,true
16449,12488,1425,false
16450,12489,1418,true
16451,12490,1419,true
16452,12491,1419,true
16453,12492,1417,true
16454,12492,1419,true
16455,12493,1419,true
16456,12494,1419,true
16457,12495,1420,true
16458,12496,1391,false
16459,12496,1398,false
16460,12496,1405,false
16461,12496,1421,true
16462,12497,1422,true
16463,12498,1423,true
16464,12499,1405,false
16465,12499,1425,true
16466,12500,1405,true
16467,12501,1407,true
16468,12502,1425,true
16469,12503,1425,true
16470,12504,1425,true
16471,12505,1407,true
16472,12505,1425,true
16473,12506,1419,true
16474,12506,1425,true
16475,12507,1421,true
16476,12507,1425,true
16477,12508,1399,true
16478,12509,1399,true
16479,12510,1433,true
16480,12511,1394,false
16481,12511,1399,false
16482,12511,1433,true
16483,12512,1433,true
16484,12513,1433,true
16485,12514,1435,true
16486,12514,1436,true
16487,12515,1436,true
16488,12515,1437,true
16489,12516,1436,true
16490,12516,1437,true
16491,12517,1434,true
16492,12517,1436,true
16493,12517,1437,true
16494,12517,1440,true
16495,12518,1435,true
16496,12518,1436,true
16497,12519,2700,false
16498,12520,1436,true
16499,12520,1437,true
16500,12521,1436,true
16501,12521,1438,true
16502,12522,1434,true
16503,12522,1436,true
16504,12522,1439,true
16505,12523,1436,true
16506,12523,1438,true
16507,12523,1440,true
16508,12524,1434,true
16509,12524,1436,true
16510,12525,1435,true
16511,12525,1436,true
16512,12526,1436,true
16513,12527,1436,true
16514,12527,1437,true
16515,12528,1436,true
16516,12528,1438,true
16517,12529,1434,true
16518,12529,1436,true
16519,12529,1439,true
16520,12530,1436,true
16521,12530,1440,true
16522,12531,1434,true
16523,12531,1436,true
16524,12531,1437,true
16525,12532,1434,true
16526,12532,1436,true
16527,12533,1436,true
16528,12534,1436,true
16529,12535,1436,true
16530,12535,1438,true
16531,12536,1436,true
16532,12536,1440,true
16533,12537,1436,true
16534,12538,1436,true
16535,12539,2700,false
16536,12540,1436,true
16537,12540,1437,true
16538,12541,1436,true
16539,12542,1436,true
16540,12543,2700,false
16541,12544,1436,true
16542,12545,1436,true
16543,12546,1436,true
16544,12547,1436,true
16545,12548,1434,true
16546,12548,1436,true
16547,12549,1434,false
16548,12549,1435,false
16549,12549,1436,false
16550,12549,1437,false
16551,12549,1438,false
16552,12549,1439,false
16553,12549,1440,false
16554,12550,1434,false
16555,12550,1435,false
16556,12550,1436,false
16557,12550,1437,false
16558,12550,1438,false
16559,12550,1439,false
16560,12550,1440,false
16561,12551,1434,true
16562,12551,1436,true
16563,12551,1437,true
16564,12552,1435,true
16565,12552,1436,true
16566,12553,1436,true
16567,12553,1437,true
16568,12554,1436,true
16569,12554,1438,true
16570,12555,1434,true
16571,12555,1436,true
16572,12555,1439,true
16573,12556,1436,true
16574,12556,1440,true
16575,12557,1443,true
16576,12558,1443,true
16577,12559,1441,true
16578,12559,1443,true
16579,12560,1443,true
16580,12561,1441,true
16581,12561,1443,true
16582,12562,1443,true
16583,12563,1443,true
16584,12563,1447,true
16585,12564,1443,true
16586,12564,1444,true
16587,12565,1443,true
16588,12565,1445,true
16589,12566,1443,true
16590,12566,1446,true
16591,12567,1443,true
16592,12568,1443,true
16593,12568,1451,true
16594,12569,1443,true
16595,12569,1449,true
16596,12570,1443,true
16597,12570,1450,true
16598,12571,1443,true
16599,12571,1452,true
16600,12572,1443,true
16601,12573,1443,true
16602,12573,1452,true
16603,12574,1443,true
16604,12575,1441,true
16605,12575,1443,true
16606,12576,1443,true
16607,12577,1443,true
16608,12577,1447,true
16609,12578,1442,true
16610,12578,1443,true
16611,12579,1443,true
16612,12579,1444,true
16613,12580,1443,true
16614,12580,1445,true
16615,12581,1443,true
16616,12581,1446,true
16617,12582,1443,true
16618,12583,1443,true
16619,12584,1443,true
16620,12584,1448,true
16621,12585,1443,true
16622,12585,1448,true
16623,12586,1443,true
16624,12586,1451,true
16625,12587,1443,true
16626,12587,1449,true
16627,12588,1443,true
16628,12588,1450,true
16629,12589,1443,true
16630,12589,1452,true
16631,12590,1443,true
16632,12590,1452,true
16633,12591,1443,true
16634,12592,1443,true
16635,12593,1443,true
16636,12594,1443,true
16637,12595,1441,true
16638,12595,1443,true
16639,12596,1441,true
16640,12596,1443,true
16641,12597,1443,true
16642,12598,1443,true
16643,12598,1447,true
16644,12599,1442,true
16645,12599,1443,true
16646,12600,1443,true
16647,12600,1444,true
16648,12601,1443,true
16649,12601,1445,true
16650,12602,1443,true
16651,12603,1443,true
16652,12603,1446,true
16653,12604,1443,true
16654,12605,1443,true
16655,12605,1448,true
16656,12606,1443,true
16657,12607,1443,true
16658,12608,1443,true
16659,12608,1448,true
16660,12609,2806,false
16661,12610,1443,true
16662,12610,1451,true
16663,12611,1443,true
16664,12611,1451,true
16665,12612,1443,true
16666,12612,1449,true
16667,12613,1443,true
16668,12613,1450,true
16669,12614,1443,true
16670,12614,1452,true
16671,12615,1443,true
16672,12616,1443,true
16673,12616,1452,true
16674,12617,1443,true
16675,12617,1452,true
16676,12618,1443,true
16677,12618,1452,true
16678,12619,1443,true
16679,12620,1443,true
16680,12621,1443,true
16681,12622,1443,true
16682,12623,1443,true
16683,12624,1443,true
16684,12625,2806,false
16685,12626,1443,true
16686,12627,1443,true
16687,12628,1443,true
16688,12629,1443,true
16689,12630,1442,true
16690,12630,1443,true
16691,12631,2806,false
16692,12632,1443,true
16693,12633,1443,true
16694,12634,1443,true
16695,12635,1443,true
16696,12636,1443,true
16697,12636,1448,true
16698,12637,1443,true
16699,12637,1448,true
16700,12638,1443,true
16701,12639,1443,true
16702,12640,2806,false
16703,12641,1443,true
16704,12642,1443,true
16705,12642,1448,true
16706,12643,1443,true
16707,12644,2806,false
16708,12645,1443,true
16709,12646,1443,true
16710,12647,1443,true
16711,12648,1443,true
16712,12649,1443,true
16713,12649,1452,true
16714,12650,1441,false
16715,12650,1442,false
16716,12650,1443,false
16717,12650,1444,false
16718,12650,1445,false
16719,12650,1446,false
16720,12650,1447,false
16721,12650,1448,false
16722,12650,1449,false
16723,12650,1450,false
16724,12650,1451,false
16725,12650,1452,false
16726,12651,1443,true
16727,12652,1443,true
16728,12653,1443,true
16729,12654,1442,true
16730,12654,1443,true
16731,12655,1443,true
16732,12655,1446,true
16733,12656,1443,true
16734,12656,1448,true
16735,12657,1443,true
16736,12657,1448,true
16737,12658,1443,true
16738,12658,1452,true
16739,12659,1443,true
16740,12660,1443,true
16741,12660,1451,true
16742,12661,1443,true
16743,12662,1443,true
16744,12662,1451,true
16745,12663,1443,true
16746,12664,1441,false
16747,12664,1442,false
16748,12664,1443,false
16749,12664,1444,false
16750,12664,1445,false
16751,12664,1446,false
16752,12664,1447,false
16753,12664,1448,false
16754,12664,1449,false
16755,12664,1450,false
16756,12664,1451,false
16757,12664,1452,false
16758,12665,1441,false
16759,12665,1442,false
16760,12665,1443,false
16761,12665,1444,false
16762,12665,1445,false
16763,12665,1446,false
16764,12665,1447,false
16765,12665,1448,false
16766,12665,1449,false
16767,12665,1450,false
16768,12665,1451,false
16769,12665,1452,false
16770,12666,1441,true
16771,12666,1443,true
16772,12667,1443,true
16773,12668,1443,true
16774,12668,1447,true
16775,12669,1443,true
16776,12669,1445,true
16777,12670,1443,true
16778,12671,1443,true
16779,12671,1451,true
16780,12672,1454,true
16781,12672,1458,true
16782,12673,2478,false
16783,12674,1454,true
16784,12674,1458,true
16785,12675,1454,true
16786,12675,1458,true
16787,12676,1454,true
16788,12677,1454,true
16789,12678,1454,true
16790,12679,1454,true
16791,12679,1458,true
16792,12680,1454,true
16793,12680,1456,true
16794,12681,1454,true
16795,12681,1458,true
16796,12682,2478,false
16797,12683,1454,true
16798,12684,1454,true
16799,12685,1454,false
16800,12686,1454,true
16801,12686,1458,true
16802,12687,1454,true
16803,12687,1456,true
16804,12688,1454,false
16805,12689,1454,false
16806,12690,1459,true
16807,12691,1459,true
16808,12692,1459,true
16809,12693,1459,true
16810,12694,1459,true
16811,12695,1459,true
16812,12696,2627,false
16813,12697,2627,false
16814,12698,2627,false
16815,12699,1459,true
16816,12700,1459,true
16817,12701,1459,true
16818,12702,2627,false
16819,12703,2627,false
16820,12704,2627,false
16821,12705,2627,false
16822,12706,2627,false
16823,12707,1459,false
16824,12708,1459,true
16825,12709,2627,false
16826,12710,1459,true
16827,12711,2627,false
16828,12712,1459,true
16829,12713,1459,true
16830,12714,1459,true
16831,12715,1459,true
16832,12716,2627,false
16833,12717,1459,true
16834,12718,1459,true
16835,12719,1459,true
16836,12720,1459,true
16837,12721,1459,true
16838,12722,1459,true
16839,12723,1459,true
16840,12724,1459,true
16841,12725,1459,true
16842,12726,1459,true
16843,12727,1459,true
16844,12728,1459,true
16845,12729,1459,true
16846,12730,1460,true
16847,12731,2479,false
16848,12732,1460,true
16849,12733,1460,true
16850,12734,1460,true
16851,12735,1460,true
16852,12736,1460,true
16853,12737,1460,true
16854,12738,1460,true
16855,12739,1460,true
16856,12740,1460,true
16857,12741,1460,true
16858,12742,1460,true
16859,12743,1460,true
16860,12744,1460,true
16861,12745,2479,false
16862,12746,1460,true
16863,12747,1460,true
16864,12748,1460,true
16865,12749,1460,true
16866,12750,1460,false
16867,12751,1460,true
16868,12752,1460,true
16869,12753,1460,true
16870,12754,1460,true
16871,12755,1460,false
16872,12756,1460,false
16873,12757,1460,true
16874,12758,1460,true
16875,12759,2628,false
16876,12760,1461,true
16877,12761,2628,false
16878,12762,1461,true
16879,12763,1461,true
16880,12764,1461,true
16881,12765,1461,true
16882,12766,1461,true
16883,12767,2629,false
16884,12768,2629,false
16885,12769,2629,false
16886,12770,2629,false
16887,12771,2629,false
16888,12772,2629,false
16889,12773,2629,false
16890,12774,2629,false
16891,12775,2629,false
16892,12776,2629,false
16893,12777,2629,false
16894,12778,2629,false
16895,12779,2629,false
16896,12780,2629,false
16897,12781,2629,false
16898,12782,2629,false
16899,12783,2629,false
16900,12784,2629,false
16901,12785,2629,false
16902,12786,2629,false
16903,12787,2629,false
16904,12788,2629,false
16905,12789,2629,false
16906,12790,2629,false
16907,12791,2629,false
16908,12792,2629,false
16909,12793,2629,false
16910,12794,2629,false
16911,12795,2629,false
16912,12796,2629,false
16913,12797,2629,false
16914,12798,2629,false
16915,12799,2629,false
16916,12800,2629,false
16917,12801,2629,false
16918,12802,2629,false
16919,12803,2629,false
16920,12804,2629,false
16921,12805,2629,false
16922,12806,2629,false
16923,12807,2629,false
16924,12808,2629,false
16925,12809,2629,false
16926,12810,2629,false
16927,12811,2629,false
16928,12812,2629,false
16929,12813,2629,false
16930,12814,2629,false
16931,12815,2629,false
16932,12816,2629,false
16933,12817,2629,false
16934,12818,2629,false
16935,12819,2629,false
16936,12820,2629,false
16937,12821,2629,false
16938,12822,2629,false
16939,12823,2629,false
16940,12824,2629,false
16941,12825,2629,false
16942,12826,1462,true
16943,12827,2629,false
16944,12828,2629,false
16945,12829,2629,false
16946,12830,2629,false
16947,12831,2629,false
16948,12832,2629,false
16949,12833,2629,false
16950,12834,2629,false
16951,12835,2629,false
16952,12836,2629,false
16953,12837,2629,false
16954,12838,2629,false
16955,12839,2629,false
16956,12840,2629,false
16957,12841,2629,false
16958,12842,2629,false
16959,12843,2629,false
16960,12844,2629,false
16961,12845,2629,false
16962,12846,2629,false
16963,12847,2629,false
16964,12848,2629,false
16965,12849,2629,false
16966,12850,2629,false
16967,12851,2629,false
16968,12852,2629,false
16969,12853,2629,false
16970,12854,2629,false
16971,12855,2629,false
16972,12856,2629,false
16973,12857,2629,false
16974,12858,2629,false
16975,12859,2629,false
16976,12860,2629,false
16977,12861,2629,false
16978,12862,2629,false
16979,12863,2629,false
16980,12864,2629,false
16981,12865,2629,false
16982,12866,2629,false
16983,12867,2629,false
16984,12868,1462,true
16985,12869,2629,false
16986,12870,2629,false
16987,12871,2629,false
16988,12872,2629,false
16989,12873,2629,false
16990,12874,2629,false
16991,12875,2629,false
16992,12876,2629,false
16993,12877,2629,false
16994,12878,2629,false
16995,12879,2629,false
16996,12880,2629,false
16997,12881,2629,false
16998,12882,2629,false
16999,12883,2629,false
17000,12884,2629,false
17001,12885,2629,false
17002,12886,2629,false
17003,12887,2629,false
17004,12888,2629,false
17005,12889,2629,false
17006,12890,2629,false
17007,12891,2629,false
17008,12892,2629,false
17009,12893,2629,false
17010,12894,2629,false
17011,12895,2629,false
17012,12896,2629,false
17013,12897,2629,false
17014,12898,2629,false
17015,12899,2629,false
17016,12900,2629,false
17017,12901,2629,false
17018,12902,2629,false
17019,12903,2629,false
17020,12904,2629,false
17021,12905,2629,false
17022,12906,2629,false
17023,12907,2629,false
17024,12908,2629,false
17025,12909,2629,false
17026,12910,2629,false
17027,12911,2629,false
17028,12912,2629,false
17029,12913,2629,false
17030,12914,2629,false
17031,12915,2629,false
17032,12916,2629,false
17033,12917,2629,false
17034,12918,2629,false
17035,12919,2629,false
17036,12920,2629,false
17037,12921,2629,false
17038,12922,2629,false
17039,12923,2629,false
17040,12924,2629,false
17041,12925,2629,false
17042,12926,2629,false
17043,12927,2629,false
17044,12928,2629,false
17045,12929,2629,false
17046,12930,2629,false
17047,12931,2629,false
17048,12932,2629,false
17049,12933,2629,false
17050,12934,2629,false
17051,12935,2629,false
17052,12936,2629,false
17053,12937,2629,false
17054,12938,2629,false
17055,12939,2629,false
17056,12940,2629,false
17057,12941,2629,false
17058,12942,2629,false
17059,12943,1462,false
17060,12944,2629,false
17061,12945,2629,false
17062,12946,2629,false
17063,12947,2629,false
17064,12948,2629,false
17065,12949,2629,false
17066,12950,2629,false
17067,12951,2629,false
17068,12952,2629,false
17069,12953,2629,false
17070,12954,2629,false
17071,12955,2629,false
17072,12956,2629,false
17073,12957,2629,false
17074,12958,2629,false
17075,12959,2629,false
17076,12960,2629,false
17077,12961,2629,false
17078,12962,2629,false
17079,12963,2629,false
17080,12964,2629,false
17081,12965,2629,false
17082,12966,2629,false
17083,12967,2629,false
17084,12968,2629,false
17085,12969,2629,false
17086,12970,2629,false
17087,12971,2629,false
17088,12972,2629,false
17089,12973,2629,false
17090,12974,2629,false
17091,12975,2629,false
17092,12976,2629,false
17093,12977,1462,true
17094,12978,1462,true
17095,12979,2629,false
17096,12980,2629,false
17097,12981,2629,false
17098,12982,2629,false
17099,12983,2629,false
17100,12984,2629,false
17101,12985,2629,false
17102,12986,2629,false
17103,12987,2629,false
17104,12988,1462,true
17105,12989,2629,false
17106,12990,2629,false
17107,12991,2629,false
17108,12992,2629,false
17109,12993,2629,false
17110,12994,2629,false
17111,12995,2629,false
17112,12996,2629,false
17113,12997,2629,false
17114,12998,2629,false
17115,12999,2629,false
17116,13000,2629,false
17117,13001,2629,false
17118,13002,2629,false
17119,13003,2629,false
17120,13004,2629,false
17121,13005,2629,false
17122,13006,1463,true
17123,13007,1463,true
17124,13008,2480,false
17125,13009,2480,false
17126,13010,1463,true
17127,13011,1463,true
17128,13012,1463,true
17129,13013,1463,true
17130,13014,2480,false
17131,13015,1463,true
17132,13016,2480,false
17133,13017,1463,true
17134,13018,1463,true
17135,13019,1463,true
17136,13020,2480,false
17137,13021,1463,true
17138,13022,1463,true
17139,13023,2480,false
17140,13024,1463,true
17141,13025,2480,false
17142,13026,1463,true
17143,13027,1463,true
17144,13028,1463,true
17145,13029,1463,true
17146,13030,1463,true
17147,13031,1463,true
17148,13032,1463,true
17149,13033,1463,true
17150,13034,1463,true
17151,13035,1464,true
17152,13036,2630,false
17153,13037,2630,false
17154,13038,2630,false
17155,13039,2630,false
17156,13040,2630,false
17157,13041,2630,false
17158,13042,2630,false
17159,13043,2630,false
17160,13044,2630,false
17161,13045,2630,false
17162,13046,2630,false
17163,13047,2630,false
17164,13048,2630,false
17165,13049,2630,false
17166,13050,2630,false
17167,13051,2630,false
17168,13052,2630,false
17169,13053,2630,false
17170,13054,2630,false
17171,13055,2630,false
17172,13056,2630,false
17173,13057,2630,false
17174,13058,2630,false
17175,13059,1464,true
17176,13060,2630,false
17177,13061,2630,false
17178,13062,2630,false
17179,13063,2630,false
17180,13064,2630,false
17181,13065,2630,false
17182,13066,1465,true
17183,13067,1466,true
17184,13068,2701,false
17185,13069,1465,true
17186,13069,1466,true
17187,13070,1465,true
17188,13071,1466,true
17189,13072,1465,true
17190,13073,1466,true
17191,13074,1465,true
17192,13075,2701,false
17193,13076,2701,false
17194,13077,2701,false
17195,13078,1465,false
17196,13078,1466,false
17197,13079,1465,true
17198,13079,1466,true
17199,13080,1465,true
17200,13081,1465,true
17201,13082,1465,false
17202,13082,1466,false
17203,13083,1465,false
17204,13083,1466,false
17205,13084,1465,true
17206,13085,1473,true
17207,13086,1473,true
17208,13087,1473,true
17209,13088,1473,true
17210,13089,1469,true
17211,13089,1473,true
17212,13090,1473,true
17213,13091,1467,true
17214,13092,1473,true
17215,13093,1472,true
17216,13093,1473,true
17217,13094,1473,true
17218,13095,1467,true
17219,13096,1473,true
17220,13097,1471,false
17221,13097,1473,true
17222,13098,2631,false
17223,13099,1468,true
17224,13100,1469,true
17225,13101,1469,true
17226,13102,1470,true
17227,13103,1473,true
17228,13104,2631,false
17229,13105,1472,true
17230,13106,1473,true
17231,13107,1473,true
17232,13108,1473,true
17233,13109,1473,true
17234,13110,1473,true
17235,13111,1473,true
17236,13112,1473,true
17237,13113,1472,true
17238,13114,1472,true
17239,13114,1473,true
17240,13115,1472,true
17241,13116,1473,true
17242,13117,2631,false
17243,13118,2631,false
17244,13119,1473,false
17245,13120,2631,false
17246,13121,1473,false
17247,13122,2631,false
17248,13123,2631,false
17249,13124,1472,true
17250,13124,1473,true
17251,13125,1473,true
17252,13126,1473,true
17253,13127,1471,false
17254,13127,1473,true
17255,13128,1473,true
17256,13129,1473,true
17257,13130,1472,true
17258,13130,1473,true
17259,13131,1471,false
17260,13131,1473,true
17261,13132,1467,true
17262,13132,1473,true
17263,13133,1473,true
17264,13134,1471,false
17265,13134,1473,true
17266,13135,1471,true
17267,13135,1473,true
17268,13136,1472,true
17269,13136,1473,true
17270,13137,1472,true
17271,13137,1473,true
17272,13138,1473,true
17273,13139,1471,false
17274,13139,1473,true
17275,13140,1469,true
17276,13140,1473,true
17277,13141,1469,true
17278,13141,1473,true
17279,13142,1473,true
17280,13143,1473,true
17281,13144,1473,true
17282,13145,1473,true
17283,13146,1473,true
17284,13147,1474,true
17285,13148,1474,true
17286,13149,1474,true
17287,13150,1474,true
17288,13151,2481,false
17289,13152,2481,false
17290,13153,1474,true
17291,13154,1474,true
17292,13155,1474,true
17293,13156,2481,false
17294,13157,2481,false
17295,13158,1474,false
17296,13159,2481,false
17297,13160,2481,false
17298,13161,2481,false
17299,13162,2481,false
17300,13163,2481,false
17301,13164,1474,true
17302,13165,1474,true
17303,13166,1474,true
17304,13167,1474,true
17305,13168,1474,true
17306,13169,1474,true
17307,13170,1474,true
17308,13171,1474,true
17309,13172,1474,true
17310,13173,1474,true
17311,13174,1474,true
17312,13175,2481,false
17313,13176,2481,false
17314,13177,1492,true
17315,13178,1478,true
17316,13179,1541,true
17317,13180,1562,true
17318,13181,1562,false
17319,13181,1565,false
17320,13182,1562,true
17321,13183,1562,true
17322,13184,1581,true
17323,13185,1576,true
17324,13185,1584,true
17325,13186,2482,false
17326,13187,1492,true
17327,13187,1511,false
17328,13187,1518,false
17329,13188,1487,true
17330,13189,1511,true
17331,13189,1512,false
17332,13190,1483,true
17333,13190,1550,true
17334,13190,1576,true
17335,13191,1536,true
17336,13192,1536,true
17337,13193,1530,true
17338,13194,1492,false
17339,13194,1503,false
17340,13194,1536,false
17341,13195,1475,true
17342,13195,1503,false
17343,13196,1478,true
17344,13197,1483,true
17345,13197,1555,false
17346,13198,1488,true
17347,13198,1576,true
17348,13199,1482,true
17349,13199,1542,true
17350,13200,1503,true
17351,13201,1505,true
17352,13202,2482,false
17353,13203,1507,true
17354,13203,1515,true
17355,13203,1516,true
17356,13204,1492,true
17357,13204,1530,true
17358,13205,1543,true
17359,13205,1576,true
17360,13206,1506,false
17361,13206,1518,false
17362,13206,1546,true
17363,13206,1555,false
17364,13206,1588,false
17365,13207,1550,true
17366,13207,1576,true
17367,13208,1511,false
17368,13208,1555,true
17369,13209,1555,true
17370,13209,1562,true
17371,13209,1565,true
17372,13210,1562,true
17373,13210,1566,true
17374,13211,1562,true
17375,13211,1567,true
17376,13212,2482,false
17377,13213,1511,false
17378,13213,1519,false
17379,13213,1576,true
17380,13214,1503,true
17381,13214,1550,true
17382,13214,1576,true
17383,13215,1499,true
17384,13216,1506,true
17385,13216,1576,true
17386,13217,1503,true
17387,13217,1536,true
17388,13218,1572,true
17389,13218,1574,true
17390,13219,1503,true
17391,13219,1575,true
17392,13220,1576,true
17393,13220,1588,true
17394,13221,1483,true
17395,13222,1550,true
17396,13222,1551,false
17397,13223,1550,true
17398,13223,1551,false
17399,13224,1509,true
17400,13225,2482,false
17401,13226,2482,false
17402,13227,1478,true
17403,13227,1479,false
17404,13228,1480,true
17405,13229,2482,false
17406,13230,1486,true
17407,13231,1493,false
17408,13231,1494,false
17409,13232,1499,true
17410,13233,1501,false
17411,13233,1502,false
17412,13234,2482,false
17413,13235,1553,true
17414,13236,1554,true
17415,13237,2482,false
17416,13238,1496,true
17417,13239,1499,true
17418,13239,1552,true
17419,13240,1552,true
17420,13241,1575,true
17421,13242,1475,true
17422,13242,1550,false
17423,13242,1555,false
17424,13243,1477,true
17425,13244,1478,true
17426,13245,1478,true
17427,13246,1478,true
17428,13246,1479,true
17429,13247,1480,true
17430,13248,1481,true
17431,13248,1576,true
17432,13249,1483,true
17433,13249,1550,false
17434,13249,1561,false
17435,13249,1576,false
17436,13250,1483,true
17437,13250,1555,false
17438,13251,1484,true
17439,13252,1484,true
17440,13252,1524,true
17441,13253,1485,true
17442,13254,2482,false
17443,13255,2482,false
17444,13256,1503,true
17445,13256,1529,true
17446,13257,1488,true
17447,13258,1489,true
17448,13258,1576,true
17449,13259,1478,false
17450,13259,1495,true
17451,13259,1499,false
17452,13259,1503,true
17453,13259,1521,false
17454,13259,1538,false
17455,13259,1555,false
17456,13259,1575,false
17457,13260,1530,false
17458,13260,1536,false
17459,13260,1555,false
17460,13260,1561,false
17461,13260,1562,false
17462,13260,1576,false
17463,13260,1583,true
17464,13261,1496,true
17465,13262,1499,true
17466,13262,1503,true
17467,13262,1552,true
17468,13263,1499,true
17469,13263,1500,true
17470,13264,1504,true
17471,13264,1550,false
17472,13264,1555,true
17473,13265,1505,true
17474,13266,1494,true
17475,13266,1503,true
17476,13267,1506,true
17477,13268,1478,true
17478,13269,1507,true
17479,13270,1507,true
17480,13270,1508,true
17481,13271,1507,true
17482,13271,1509,true
17483,13272,1507,true
17484,13272,1510,true
17485,13273,1511,true
17486,13273,1517,true
17487,13274,1507,true
17488,13274,1513,true
17489,13274,1517,false
17490,13275,1513,true
17491,13275,1514,true
17492,13276,1515,true
17493,13277,1509,true
17494,13278,1507,true
17495,13278,1517,true
17496,13279,1520,true
17497,13280,1521,true
17498,13281,1521,true
17499,13282,1524,true
17500,13282,1528,false
17501,13282,1536,false
17502,13282,1539,false
17503,13283,1523,true
17504,13283,1524,true
17505,13284,1524,true
17506,13284,1525,true
17507,13284,1528,true
17508,13285,1524,true
17509,13285,1526,true
17510,13285,1576,true
17511,13286,1527,true
17512,13286,1528,true
17513,13286,1537,true
17514,13287,1523,true
17515,13287,1528,true
17516,13288,1503,true
17517,13288,1529,true
17518,13289,1539,true
17519,13290,1492,false
17520,13290,1530,true
17521,13290,1555,false
17522,13290,1576,false
17523,13291,1531,true
17524,13291,1576,true
17525,13292,1531,true
17526,13293,1532,true
17527,13294,1503,false
17528,13294,1506,false
17529,13294,1535,true
17530,13294,1536,false
17531,13294,1561,false
17532,13294,1579,false
17533,13294,1581,false
17534,13294,1584,false
17535,13294,1588,false
17536,13295,1536,true
17537,13295,1550,false
17538,13295,1555,true
17539,13296,1536,true
17540,13297,1538,true
17541,13298,1518,true
17542,13299,1499,false
17543,13299,1503,true
17544,13299,1540,true
17545,13299,1552,false
17546,13299,1575,true
17547,13300,2482,false
17548,13301,1499,true
17549,13302,1546,true
17550,13303,1543,true
17551,13304,1543,true
17552,13304,1544,true
17553,13304,1555,true
17554,13305,1544,true
17555,13305,1545,true
17556,13306,1546,true
17557,13306,1576,true
17558,13307,1548,true
17559,13308,1548,true
17560,13308,1549,true
17561,13309,1550,true
17562,13309,1576,false
17563,13310,1552,true
17564,13310,1575,true
17565,13311,1503,true
17566,13311,1552,true
17567,13311,1575,true
17568,13312,2482,false
17569,13313,1499,true
17570,13314,1511,false
17571,13314,1555,true
17572,13314,1576,true
17573,13315,1555,true
17574,13316,1475,false
17575,13316,1476,false
17576,13316,1477,false
17577,13316,1478,false
17578,13316,1479,false
17579,13316,1480,false
17580,13316,1481,false
17581,13316,1483,false
17582,13316,1484,false
17583,13316,1485,false
17584,13316,1486,false
17585,13316,1487,false
17586,13316,1488,false
17587,13316,1489,false
17588,13316,1490,false
17589,13316,1492,false
17590,13316,1493,false
17591,13316,1494,false
17592,13316,1495,false
17593,13316,1496,false
17594,13316,1498,false
17595,13316,1499,false
17596,13316,1500,false
17597,13316,1501,false
17598,13316,1502,false
17599,13316,1503,false
17600,13316,1504,false
17601,13316,1505,false
17602,13316,1506,false
17603,13316,1507,false
17604,13316,1508,false
17605,13316,1509,false
17606,13316,1510,false
17607,13316,1511,false
17608,13316,1512,false
17609,13316,1513,false
17610,13316,1514,false
17611,13316,1515,false
17612,13316,1516,false
17613,13316,1517,false
17614,13316,1518,false
17615,13316,1519,false
17616,13316,1520,false
17617,13316,1521,false
17618,13316,1523,false
17619,13316,1524,false
17620,13316,1525,false
17621,13316,1526,false
17622,13316,1527,false
17623,13316,1528,false
17624,13316,1530,false
17625,13316,1531,false
17626,13316,1532,false
17627,13316,1533,false
17628,13316,1534,false
17629,13316,1535,false
17630,13316,1536,false
17631,13316,1538,false
17632,13316,1539,false
17633,13316,1540,false
17634,13316,1541,false
17635,13316,1543,false
17636,13316,1544,false
17637,13316,1545,false
17638,13316,1546,false
17639,13316,1547,false
17640,13316,1548,false
17641,13316,1549,false
17642,13316,1550,false
17643,13316,1551,false
17644,13316,1552,false
17645,13316,1553,false
17646,13316,1554,false
17647,13316,1555,false
17648,13316,1556,false
17649,13316,1557,false
17650,13316,1558,false
17651,13316,1559,false
17652,13316,1560,false
17653,13316,1561,false
17654,13316,1562,false
17655,13316,1563,false
17656,13316,1564,false
17657,13316,1565,false
17658,13316,1566,false
17659,13316,1567,false
17660,13316,1568,false
17661,13316,1569,false
17662,13316,1570,false
17663,13316,1571,false
17664,13316,1572,false
17665,13316,1573,false
17666,13316,1574,false
17667,13316,1575,false
17668,13316,1576,false
17669,13316,1577,false
17670,13316,1578,false
17671,13316,1579,false
17672,13316,1580,false
17673,13316,1581,false
17674,13316,1582,false
17675,13316,1583,false
17676,13316,1584,false
17677,13316,1585,false
17678,13316,1586,false
17679,13316,1588,false
17680,13317,1557,true
17681,13318,1557,true
17682,13318,1558,true
17683,13319,1536,true
17684,13319,1557,true
17685,13319,1559,true
17686,13319,1560,true
17687,13320,1536,false
17688,13320,1560,true
17689,13320,1579,false
17690,13321,1561,true
17691,13322,1562,true
17692,13323,1562,true
17693,13323,1563,true
17694,13324,1561,true
17695,13324,1562,false
17696,13324,1564,true
17697,13325,1562,false
17698,13325,1564,true
17699,13326,1561,true
17700,13326,1565,true
17701,13327,1561,true
17702,13327,1562,true
17703,13328,1561,true
17704,13328,1566,true
17705,13329,1566,true
17706,13329,1567,true
17707,13330,1539,true
17708,13330,1562,false
17709,13330,1567,true
17710,13331,1562,false
17711,13331,1567,true
17712,13332,1561,true
17713,13332,1567,true
17714,13333,1562,true
17715,13333,1567,true
17716,13333,1568,true
17717,13334,1555,true
17718,13334,1561,true
17719,13334,1562,true
17720,13334,1576,true
17721,13335,1536,false
17722,13335,1550,false
17723,13335,1555,false
17724,13335,1569,true
17725,13335,1571,true
17726,13336,1571,true
17727,13336,1572,true
17728,13337,1572,true
17729,13338,1574,true
17730,13339,1552,false
17731,13339,1575,true
17732,13340,1511,false
17733,13340,1519,false
17734,13340,1576,true
17735,13341,1555,false
17736,13341,1576,false
17737,13341,1577,true
17738,13342,1576,true
17739,13342,1578,true
17740,13343,1546,false
17741,13343,1550,false
17742,13343,1555,false
17743,13343,1576,true
17744,13343,1579,true
17745,13344,1579,false
17746,13344,1581,false
17747,13345,1581,true
17748,13346,1576,true
17749,13346,1584,true
17750,13347,1561,false
17751,13347,1585,true
17752,13348,1485,true
17753,13348,1561,false
17754,13348,1562,false
17755,13348,1585,false
17756,13348,1586,true
17757,13348,1588,false
17758,13349,1586,true
17759,13350,1588,true
17760,13351,1475,true
17761,13352,1477,true
17762,13353,1481,true
17763,13354,1483,true
17764,13355,1483,true
17765,13355,1555,false
17766,13356,1484,true
17767,13357,1484,true
17768,13358,1485,true
17769,13359,1488,true
17770,13360,1489,true
17771,13361,1495,true
17772,13362,1583,true
17773,13363,1496,true
17774,13364,1500,true
17775,13365,1504,true
17776,13366,1505,true
17777,13367,1506,true
17778,13368,1507,true
17779,13369,1508,true
17780,13370,1509,true
17781,13371,1510,true
17782,13372,1511,true
17783,13373,1513,true
17784,13374,1514,true
17785,13375,1515,true
17786,13376,1509,true
17787,13377,1517,true
17788,13378,1520,false
17789,13379,1521,true
17790,13380,1521,true
17791,13381,1524,true
17792,13381,1539,false
17793,13382,1524,true
17794,13383,1525,true
17795,13384,1526,true
17796,13385,1527,true
17797,13386,1528,true
17798,13387,1539,true
17799,13388,1530,true
17800,13389,1531,true
17801,13390,1531,true
17802,13391,1532,true
17803,13392,1533,true
17804,13393,1534,true
17805,13394,1535,true
17806,13395,1536,true
17807,13396,1536,false
17808,13397,1538,true
17809,13398,1518,true
17810,13399,1541,true
17811,13400,1546,true
17812,13401,1543,true
17813,13402,1544,true
17814,13403,1545,true
17815,13404,1546,true
17816,13405,1548,true
17817,13406,1549,true
17818,13407,1550,true
17819,13408,1552,true
17820,13409,2482,false
17821,13410,1555,true
17822,13411,2482,false
17823,13412,1475,false
17824,13412,1476,false
17825,13412,1477,false
17826,13412,1478,false
17827,13412,1479,false
17828,13412,1480,false
17829,13412,1481,false
17830,13412,1483,false
17831,13412,1484,false
17832,13412,1485,false
17833,13412,1486,false
17834,13412,1487,false
17835,13412,1488,false
17836,13412,1489,false
17837,13412,1490,false
17838,13412,1492,false
17839,13412,1493,false
17840,13412,1494,false
17841,13412,1495,false
17842,13412,1496,false
17843,13412,1498,false
17844,13412,1499,false
17845,13412,1500,false
17846,13412,1501,false
17847,13412,1502,false
17848,13412,1503,false
17849,13412,1504,false
17850,13412,1505,false
17851,13412,1506,false
17852,13412,1507,false
17853,13412,1508,false
17854,13412,1509,false
17855,13412,1510,false
17856,13412,1511,false
17857,13412,1512,false
17858,13412,1513,false
17859,13412,1514,false
17860,13412,1515,false
17861,13412,1516,false
17862,13412,1517,false
17863,13412,1518,false
17864,13412,1519,false
17865,13412,1520,false
17866,13412,1521,false
17867,13412,1523,false
17868,13412,1524,false
17869,13412,1525,false
17870,13412,1526,false
17871,13412,1527,false
17872,13412,1528,false
17873,13412,1530,false
17874,13412,1531,false
17875,13412,1532,false
17876,13412,1533,false
17877,13412,1534,false
17878,13412,1535,false
17879,13412,1536,false
17880,13412,1538,false
17881,13412,1539,false
17882,13412,1540,false
17883,13412,1541,false
17884,13412,1543,false
17885,13412,1544,false
17886,13412,1545,false
17887,13412,1546,false
17888,13412,1547,false
17889,13412,1548,false
17890,13412,1549,false
17891,13412,1550,false
17892,13412,1551,false
17893,13412,1552,false
17894,13412,1553,false
17895,13412,1554,false
17896,13412,1555,false
17897,13412,1556,false
17898,13412,1557,false
17899,13412,1558,false
17900,13412,1559,false
17901,13412,1560,false
17902,13412,1561,false
17903,13412,1562,false
17904,13412,1563,false
17905,13412,1564,false
17906,13412,1565,false
17907,13412,1566,false
17908,13412,1567,false
17909,13412,1568,false
17910,13412,1569,false
17911,13412,1570,false
17912,13412,1571,false
17913,13412,1572,false
17914,13412,1573,false
17915,13412,1574,false
17916,13412,1575,false
17917,13412,1576,false
17918,13412,1577,false
17919,13412,1578,false
17920,13412,1579,false
17921,13412,1580,false
17922,13412,1581,false
17923,13412,1582,false
17924,13412,1583,false
17925,13412,1584,false
17926,13412,1585,false
17927,13412,1586,false
17928,13412,1588,false
17929,13413,1557,true
17930,13414,1557,true
17931,13414,1558,true
17932,13415,1559,true
17933,13416,1560,true
17934,13417,1561,true
17935,13418,1562,true
17936,13419,1562,true
17937,13420,1563,true
17938,13421,1564,true
17939,13422,1564,true
17940,13423,1565,true
17941,13424,1562,true
17942,13425,1566,true
17943,13426,1566,true
17944,13427,1539,true
17945,13427,1567,true
17946,13428,1567,true
17947,13429,1567,true
17948,13430,1568,true
17949,13431,1562,true
17950,13432,1569,true
17951,13433,1571,true
17952,13434,1572,true
17953,13435,1574,true
17954,13436,1575,true
17955,13437,1576,true
17956,13438,1577,true
17957,13439,1578,true
17958,13440,1579,false
17959,13440,1581,false
17960,13441,1581,true
17961,13442,1579,true
17962,13443,1584,true
17963,13444,1585,true
17964,13445,1586,true
17965,13446,1586,true
17966,13447,1588,true
17967,13448,2482,false
17968,13449,1507,true
17969,13450,1511,true
17970,13451,1518,true
17971,13452,1499,true
17972,13453,2482,false
17973,13454,1536,false
17974,13454,1565,false
17975,13455,1536,false
17976,13455,1565,false
17977,13456,2482,false
17978,13457,2482,false
17979,13458,2482,false
17980,13459,2482,false
17981,13460,2482,false
17982,13461,2482,false
17983,13462,2482,false
17984,13463,2482,false
17985,13464,2482,false
17986,13465,2482,false
17987,13466,2482,false
17988,13467,2482,false
17989,13468,2482,false
17990,13469,2482,false
17991,13470,1478,true
17992,13471,2482,false
17993,13472,2482,false
17994,13473,2482,false
17995,13474,2482,false
17996,13475,2482,false
17997,13476,2482,false
17998,13477,2482,false
17999,13478,2482,false
18000,13479,2482,false
18001,13480,2482,false
18002,13481,2482,false
18003,13482,1483,true
18004,13483,1483,true
18005,13484,2482,false
18006,13485,1483,true
18007,13486,1483,true
18008,13487,2482,false
18009,13488,2482,false
18010,13489,2482,false
18011,13490,2482,false
18012,13491,2482,false
18013,13492,2482,false
18014,13493,2482,false
18015,13494,2482,false
18016,13495,2482,false
18017,13496,2482,false
18018,13497,2482,false
18019,13498,1495,true
18020,13499,1495,true
18021,13500,2482,false
18022,13501,2482,false
18023,13502,1496,true
18024,13503,2482,false
18025,13504,2482,false
18026,13505,2482,false
18027,13506,2482,false
18028,13507,2482,false
18029,13508,2482,false
18030,13509,2482,false
18031,13510,1499,true
18032,13511,2482,false
18033,13512,2482,false
18034,13513,2482,false
18035,13514,2482,false
18036,13515,2482,false
18037,13516,2482,false
18038,13517,1503,true
18039,13518,2482,false
18040,13519,2482,false
18041,13520,2482,false
18042,13521,2482,false
18043,13522,2482,false
18044,13523,2482,false
18045,13524,2482,false
18046,13525,2482,false
18047,13526,2482,false
18048,13527,2482,false
18049,13528,2482,false
18050,13529,2482,false
18051,13530,2482,false
18052,13531,2482,false
18053,13532,2482,false
18054,13533,2482,false
18055,13534,2482,false
18056,13535,2482,false
18057,13536,2482,false
18058,13537,2482,false
18059,13538,2482,false
18060,13539,2482,false
18061,13540,2482,false
18062,13541,2482,false
18063,13542,2482,false
18064,13543,2482,false
18065,13544,2482,false
18066,13545,2482,false
18067,13546,2482,false
18068,13547,2482,false
18069,13548,2482,false
18070,13549,2482,false
18071,13550,2482,false
18072,13551,2482,false
18073,13552,2482,false
18074,13553,2482,false
18075,13554,2482,false
18076,13555,2482,false
18077,13556,2482,false
18078,13557,2482,false
18079,13558,2482,false
18080,13559,2482,false
18081,13560,2482,false
18082,13561,2482,false
18083,13562,2482,false
18084,13563,2482,false
18085,13564,2482,false
18086,13565,2482,false
18087,13566,2482,false
18088,13567,2482,false
18089,13568,2482,false
18090,13569,2482,false
18091,13570,2482,false
18092,13571,2482,false
18093,13572,2482,false
18094,13573,2482,false
18095,13574,2482,false
18096,13575,2482,false
18097,13576,2482,false
18098,13577,2482,false
18099,13578,2482,false
18100,13579,2482,false
18101,13580,2482,false
18102,13581,2482,false
18103,13582,2482,false
18104,13583,2482,false
18105,13584,2482,false
18106,13585,2482,false
18107,13586,2482,false
18108,13587,1550,true
18109,13588,2482,false
18110,13589,2482,false
18111,13590,2482,false
18112,13591,2482,false
18113,13592,1552,true
18114,13593,2482,false
18115,13594,2482,false
18116,13595,2482,false
18117,13596,1553,true
18118,13597,1553,true
18119,13598,2482,false
18120,13599,2482,false
18121,13600,2482,false
18122,13601,2482,false
18123,13602,2482,false
18124,13603,2482,false
18125,13604,2482,false
18126,13605,2482,false
18127,13606,2482,false
18128,13607,2482,false
18129,13608,2482,false
18130,13609,2482,false
18131,13610,2482,false
18132,13611,2482,false
18133,13612,2482,false
18134,13613,2482,false
18135,13614,2482,false
18136,13615,2482,false
18137,13616,2482,false
18138,13617,2482,false
18139,13618,2482,false
18140,13619,2482,false
18141,13620,2482,false
18142,13621,2482,false
18143,13622,2482,false
18144,13623,2482,false
18145,13624,2482,false
18146,13625,2482,false
18147,13626,1575,true
18148,13627,2482,false
18149,13628,2482,false
18150,13629,2482,false
18151,13630,1576,true
18152,13631,2482,false
18153,13632,2482,false
18154,13633,2482,false
18155,13634,2482,false
18156,13635,2482,false
18157,13636,2482,false
18158,13637,2482,false
18159,13638,2482,false
18160,13639,2482,false
18161,13640,1581,true
18162,13641,2482,false
18163,13642,2482,false
18164,13643,2482,false
18165,13644,2482,false
18166,13645,2482,false
18167,13646,2482,false
18168,13647,2482,false
18169,13648,1503,true
18170,13648,1576,true
18171,13649,1499,true
18172,13650,1506,true
18173,13650,1576,true
18174,13651,1503,true
18175,13651,1536,true
18176,13652,1572,true
18177,13652,1574,true
18178,13653,1503,false
18179,13653,1575,true
18180,13654,1576,true
18181,13654,1588,true
18182,13655,1492,true
18183,13656,2482,false
18184,13657,1503,false
18185,13658,2482,false
18186,13659,2482,false
18187,13660,2482,false
18188,13661,1499,true
18189,13662,1552,true
18190,13663,1499,true
18191,13664,2482,false
18192,13665,1499,true
18193,13666,1499,true
18194,13667,1503,true
18195,13668,2482,false
18196,13669,1510,true
18197,13670,1543,true
18198,13670,1546,true
18199,13671,2482,false
18200,13672,2482,false
18201,13673,1562,false
18202,13673,1567,true
18203,13673,1568,false
18204,13674,1546,true
18205,13674,1588,true
18206,13675,1576,true
18207,13676,1576,false
18208,13677,1492,false
18209,13677,1536,false
18210,13678,1475,true
18211,13678,1503,false
18212,13679,1478,true
18213,13680,1483,true
18214,13681,1482,true
18215,13681,1542,true
18216,13682,1503,true
18217,13683,1505,true
18218,13684,2482,false
18219,13685,1516,true
18220,13686,1492,true
18221,13686,1530,true
18222,13686,1536,false
18223,13687,1543,true
18224,13687,1576,true
18225,13688,1506,false
18226,13688,1518,false
18227,13688,1519,false
18228,13688,1546,false
18229,13688,1555,false
18230,13688,1588,false
18231,13689,1550,true
18232,13689,1576,false
18233,13690,1555,true
18234,13691,1555,true
18235,13691,1562,true
18236,13691,1565,true
18237,13692,1562,true
18238,13692,1566,true
18239,13693,1562,true
18240,13693,1567,true
18241,13694,2482,false
18242,13695,1576,false
18243,13696,1492,true
18244,13697,2482,false
18245,13698,1503,false
18246,13699,2482,false
18247,13700,2482,false
18248,13701,2482,false
18249,13702,1499,true
18250,13702,1521,false
18251,13703,1552,true
18252,13704,1499,true
18253,13705,2482,false
18254,13706,1499,true
18255,13707,1499,true
18256,13708,1503,true
18257,13709,1509,true
18258,13710,2482,false
18259,13711,1510,true
18260,13712,2482,false
18261,13713,1543,true
18262,13713,1546,true
18263,13714,2482,false
18264,13715,2482,false
18265,13716,1562,false
18266,13716,1567,true
18267,13716,1568,false
18268,13717,1546,true
18269,13717,1588,true
18270,13718,1575,true
18271,13719,1576,true
18272,13720,1576,false
18273,13721,1483,true
18274,13722,1483,true
18275,13723,1493,true
18276,13723,1499,true
18277,13724,2482,false
18278,13725,1572,true
18279,13726,1586,true
18280,13727,2482,false
18281,13728,1482,true
18282,13729,1519,true
18283,13730,2482,false
18284,13731,2482,false
18285,13732,2482,false
18286,13733,2482,false
18287,13734,2482,false
18288,13735,1478,true
18289,13736,1484,true
18290,13737,1503,true
18291,13738,1503,true
18292,13739,1486,true
18293,13740,2482,false
18294,13741,2482,false
18295,13742,2482,false
18296,13743,2482,false
18297,13744,1583,true
18298,13745,1478,true
18299,13746,2482,false
18300,13747,1499,true
18301,13748,2482,false
18302,13749,2482,false
18303,13750,1503,true
18304,13751,2482,false
18305,13752,1503,true
18306,13753,1517,true
18307,13754,1515,true
18308,13755,1515,true
18309,13756,1515,true
18310,13757,1515,true
18311,13758,1509,true
18312,13759,1509,true
18313,13760,1510,true
18314,13761,1510,true
18315,13762,1511,true
18316,13763,1511,true
18317,13764,1513,true
18318,13765,1513,true
18319,13766,1513,true
18320,13767,1511,false
18321,13767,1517,true
18322,13768,1509,true
18323,13769,1507,true
18324,13770,1509,true
18325,13771,1509,true
18326,13772,1503,true
18327,13773,1539,true
18328,13774,1539,true
18329,13775,2482,false
18330,13776,1533,true
18331,13777,1532,true
18332,13778,1503,true
18333,13779,1541,true
18334,13780,1543,true
18335,13781,1543,true
18336,13781,1546,false
18337,13782,1543,true
18338,13783,1576,true
18339,13784,2482,false
18340,13785,2482,false
18341,13786,2482,false
18342,13787,2482,false
18343,13788,2482,false
18344,13789,1564,true
18345,13790,1565,true
18346,13791,1566,true
18347,13792,1566,true
18348,13793,2482,false
18349,13794,2482,false
18350,13795,2482,false
18351,13796,1569,true
18352,13797,1569,true
18353,13798,1571,true
18354,13799,1576,true
18355,13800,1586,true
18356,13800,1587,true
18357,13801,2482,false
18358,13802,1586,true
18359,13803,1483,true
18360,13804,1499,true
18361,13804,1501,true
18362,13804,1552,false
18363,13805,1503,true
18364,13805,1550,false
18365,13805,1555,false
18366,13805,1575,true
18367,13806,1520,true
18368,13807,1502,true
18369,13807,1552,true
18370,13808,1575,true
18371,13809,2482,false
18372,13810,2482,false
18373,13811,2482,false
18374,13812,1552,true
18375,13813,2482,false
18376,13814,1492,true
18377,13815,1475,true
18378,13815,1550,false
18379,13815,1555,false
18380,13816,2482,false
18381,13817,1478,true
18382,13818,1480,true
18383,13819,1483,true
18384,13819,1550,false
18385,13819,1561,false
18386,13819,1576,false
18387,13820,2482,false
18388,13821,2482,false
18389,13822,1495,true
18390,13822,1499,false
18391,13822,1521,false
18392,13822,1555,false
18393,13823,1496,true
18394,13824,1487,true
18395,13825,2482,false
18396,13826,2482,false
18397,13827,1499,true
18398,13828,1503,true
18399,13828,1550,false
18400,13828,1575,false
18401,13829,1478,false
18402,13829,1503,true
18403,13830,1504,true
18404,13830,1550,false
18405,13831,1503,true
18406,13832,1503,true
18407,13833,1503,true
18408,13834,1505,true
18409,13835,1503,true
18410,13836,2482,false
18411,13837,1503,true
18412,13838,1503,true
18413,13839,1487,false
18414,13839,1503,true
18415,13839,1538,false
18416,13840,1507,true
18417,13841,1510,true
18418,13841,1511,false
18419,13842,1511,true
18420,13843,1512,true
18421,13844,1513,true
18422,13844,1517,false
18423,13845,1514,true
18424,13846,1517,true
18425,13847,1515,true
18426,13848,1509,true
18427,13849,1517,true
18428,13850,1521,true
18429,13851,1524,true
18430,13851,1528,false
18431,13851,1536,false
18432,13851,1539,false
18433,13852,1539,true
18434,13853,2482,false
18435,13854,1503,false
18436,13854,1536,true
18437,13854,1550,false
18438,13854,1555,false
18439,13855,1503,true
18440,13856,1536,true
18441,13857,1541,true
18442,13858,1543,true
18443,13859,1539,false
18444,13859,1550,true
18445,13859,1551,true
18446,13860,1552,true
18447,13861,1552,true
18448,13862,1521,false
18449,13862,1553,true
18450,13862,1555,false
18451,13863,1555,true
18452,13864,1557,true
18453,13865,1557,true
18454,13865,1558,true
18455,13866,1557,false
18456,13866,1559,true
18457,13866,1560,false
18458,13867,1561,true
18459,13867,1567,false
18460,13868,1562,false
18461,13868,1564,true
18462,13869,1566,true
18463,13869,1567,false
18464,13870,1539,true
18465,13870,1562,false
18466,13870,1567,true
18467,13871,1555,false
18468,13871,1562,true
18469,13872,1555,false
18470,13872,1569,true
18471,13872,1571,false
18472,13873,1569,true
18473,13874,1571,true
18474,13874,1572,false
18475,13875,1571,true
18476,13876,1572,true
18477,13877,1572,true
18478,13878,1574,true
18479,13879,1575,true
18480,13880,1575,true
18481,13881,1576,true
18482,13882,1577,true
18483,13883,2482,false
18484,13884,1578,true
18485,13885,1546,false
18486,13885,1550,false
18487,13885,1555,false
18488,13885,1579,true
18489,13886,1579,false
18490,13886,1581,false
18491,13887,1581,false
18492,13888,1581,true
18493,13889,1581,true
18494,13890,1581,true
18495,13891,1584,true
18496,13892,1576,true
18497,13893,1586,true
18498,13894,1586,true
18499,13895,1586,true
18500,13896,1586,true
18501,13897,1503,true
18502,13898,2482,false
18503,13899,1511,true
18504,13900,1478,true
18505,13901,2482,false
18506,13902,1507,true
18507,13903,1508,false
18508,13903,1511,true
18509,13904,1511,true
18510,13904,1518,true
18511,13905,1478,true
18512,13906,1478,true
18513,13907,1487,true
18514,13908,2482,false
18515,13909,2482,false
18516,13910,1503,true
18517,13911,1499,true
18518,13911,1552,false
18519,13912,2482,false
18520,13913,1536,true
18521,13913,1565,true
18522,13914,1536,true
18523,13914,1565,true
18524,13915,1478,true
18525,13916,1562,true
18526,13917,1562,false
18527,13917,1565,false
18528,13918,1562,true
18529,13919,1562,true
18530,13920,1581,true
18531,13921,1584,true
18532,13922,1492,false
18533,13923,1487,true
18534,13924,1511,true
18535,13925,1503,true
18536,13926,2482,false
18537,13927,1499,true
18538,13928,1531,true
18539,13928,1555,true
18540,13929,1531,true
18541,13930,1546,true
18542,13931,1506,false
18543,13931,1518,false
18544,13931,1519,false
18545,13931,1546,true
18546,13931,1555,false
18547,13931,1588,false
18548,13932,1562,false
18549,13932,1567,true
18550,13933,1586,true
18551,13934,1503,true
18552,13935,1499,false
18553,13935,1520,false
18554,13935,1521,false
18555,13935,1538,false
18556,13935,1550,false
18557,13935,1552,false
18558,13935,1553,true
18559,13935,1555,false
18560,13936,1499,false
18561,13936,1520,false
18562,13936,1536,false
18563,13936,1538,false
18564,13936,1550,false
18565,13936,1552,false
18566,13936,1554,true
18567,13936,1555,false
18568,13937,1492,true
18569,13938,2482,false
18570,13939,1496,true
18571,13940,1499,true
18572,13941,1503,true
18573,13942,1536,true
18574,13943,1552,true
18575,13944,2482,false
18576,13945,1499,true
18577,13946,1539,true
18578,13947,1552,true
18579,13948,1552,true
18580,13949,1575,true
18581,13950,1483,true
18582,13951,1550,true
18583,13952,1550,true
18584,13953,1478,false
18585,13953,1490,false
18586,13953,1491,false
18587,13953,1497,false
18588,13953,1499,true
18589,13953,1503,true
18590,13953,1520,false
18591,13953,1521,false
18592,13953,1522,false
18593,13953,1536,true
18594,13953,1538,false
18595,13953,1547,false
18596,13953,1549,false
18597,13953,1550,true
18598,13953,1552,false
18599,13953,1554,false
18600,13953,1555,true
18601,13953,1575,false
18602,13954,2482,false
18603,13955,1524,true
18604,13956,1565,true
18605,13957,1567,true
18606,13958,1503,true
18607,13959,2482,false
18608,13960,1497,false
18609,13960,1503,true
18610,13960,1522,false
18611,13961,1532,true
18612,13961,1533,true
18613,13962,1534,true
18614,13962,1535,true
18615,13963,1581,true
18616,13964,1503,true
18617,13965,1483,true
18618,13966,1503,true
18619,13967,1536,true
18620,13968,1536,true
18621,13969,1530,true
18622,13970,1552,true
18623,13971,1503,true
18624,13972,2482,false
18625,13973,2482,false
18626,13974,1478,true
18627,13975,1550,true
18628,13976,1550,true
18629,13977,1550,true
18630,13978,2482,false
18631,13979,1589,true
18632,13980,1589,true
18633,13981,1589,true
18634,13982,1589,true
18635,13983,1589,true
18636,13984,1589,true
18637,13985,1589,true
18638,13986,1589,true
18639,13987,1589,true
18640,13988,1590,true
18641,13989,1589,true
18642,13990,1589,true
18643,13991,1590,true
18644,13992,1589,true
18645,13993,1589,true
18646,13994,1589,true
18647,13995,1589,true
18648,13996,1589,true
18649,13997,1589,true
18650,13998,2632,false
18651,13999,2632,false
18652,14000,2632,false
18653,14001,2632,false
18654,14002,2632,false
18655,14003,2632,false
18656,14004,2632,false
18657,14005,2632,false
18658,14006,2632,false
18659,14007,2632,false
18660,14008,2632,false
18661,14009,2632,false
18662,14010,2632,false
18663,14011,2632,false
18664,14012,2632,false
18665,14013,2632,false
18666,14014,2632,false
18667,14015,2632,false
18668,14016,2632,false
18669,14017,2632,false
18670,14018,2632,false
18671,14019,2632,false
18672,14020,1589,true
18673,14021,1589,true
18674,14022,1589,true
18675,14023,1589,true
18676,14024,1589,true
18677,14025,1589,true
18678,14026,1589,true
18679,14027,1589,true
18680,14028,1589,true
18681,14029,2632,false
18682,14030,1589,true
18683,14031,2632,false
18684,14032,1589,true
18685,14033,1589,true
18686,14034,1589,true
18687,14035,1589,true
18688,14036,1589,true
18689,14037,1589,true
18690,14038,1589,true
18691,14039,1589,true
18692,14040,1589,true
18693,14041,1589,true
18694,14042,1589,true
18695,14043,1589,true
18696,14044,1589,true
18697,14045,1589,true
18698,14046,1589,true
18699,14047,1597,true
18700,14048,1602,true
18701,14049,1594,true
18702,14050,1595,true
18703,14051,1596,true
18704,14052,1597,true
18705,14053,1598,true
18706,14054,1599,true
18707,14055,1601,true
18708,14056,1603,true
18709,14057,1604,true
18710,14058,1594,true
18711,14059,1595,true
18712,14060,1596,true
18713,14061,1597,true
18714,14062,1598,true
18715,14063,1599,true
18716,14064,1601,true
18717,14065,1603,true
18718,14066,1604,true
18719,14067,1597,true
18720,14068,1594,true
18721,14069,1594,true
18722,14070,1595,true
18723,14071,1595,true
18724,14072,1596,true
18725,14073,1597,true
18726,14074,1598,true
18727,14075,1597,true
18728,14076,1599,true
18729,14077,1599,true
18730,14078,1601,true
18731,14079,1602,true
18732,14080,1603,true
18733,14081,1594,true
18734,14082,1604,true
18735,14083,1605,true
18736,14084,1606,true
18737,14085,1594,true
18738,14086,1600,true
18739,14087,1600,true
18740,14088,1591,true
18741,14089,2702,false
18742,14090,2702,false
18743,14091,2702,false
18744,14092,1592,true
18745,14093,1597,true
18746,14094,1598,true
18747,14095,2702,false
18748,14096,2702,false
18749,14097,1597,false
18750,14097,1598,false
18751,14098,1597,false
18752,14098,1598,false
18753,14099,2702,false
18754,14100,2702,false
18755,14101,1602,true
18756,14102,1597,false
18757,14102,1603,false
18758,14103,2702,false
18759,14104,1594,false
18760,14104,1595,false
18761,14104,1596,false
18762,14104,1597,false
18763,14104,1598,false
18764,14104,1599,false
18765,14104,1601,false
18766,14104,1603,false
18767,14104,1604,false
18768,14105,2702,false
18769,14106,1593,true
18770,14107,1597,true
18771,14108,1605,true
18772,14109,2702,false
18773,14110,1594,true
18774,14111,1595,true
18775,14112,1597,true
18776,14113,1599,true
18777,14114,1597,true
18778,14115,1597,true
18779,14115,1606,true
18780,14116,1598,true
18781,14117,1597,true
18782,14118,1594,false
18783,14118,1595,false
18784,14118,1596,false
18785,14118,1597,false
18786,14118,1598,false
18787,14118,1599,false
18788,14118,1601,false
18789,14118,1603,false
18790,14118,1604,false
18791,14119,1594,false
18792,14119,1595,false
18793,14119,1596,false
18794,14119,1597,false
18795,14119,1598,false
18796,14119,1599,false
18797,14119,1601,false
18798,14119,1603,false
18799,14119,1604,false
18800,14120,1596,true
18801,14121,1598,true
18802,14122,1601,true
18803,14123,1603,true
18804,14124,1608,true
18805,14124,1608,true
18806,14125,1607,true
18807,14126,1607,true
18808,14127,2703,false
18809,14128,2703,false
18810,14129,1609,true
18811,14130,2633,false
18812,14131,2633,false
18813,14132,2633,false
18814,14133,1611,true
18815,14134,2704,false
18816,14135,1610,true
18817,14136,1610,true
18818,14137,1611,true
18819,14138,1611,true
18820,14139,1612,true
18821,14140,1612,true
18822,14141,1612,true
18823,14142,2704,false
18824,14143,1611,true
18825,14144,1610,true
18826,14145,1610,true
18827,14146,1610,false
18828,14146,1611,false
18829,14146,1612,false
18830,14147,1610,true
18831,14148,1610,true
18832,14149,1610,true
18833,14150,1610,true
18834,14151,1610,false
18835,14151,1611,false
18836,14151,1612,false
18837,14152,1612,true
18838,14153,1610,false
18839,14153,1611,false
18840,14153,1612,false
18841,14154,1610,true
18842,14155,1613,true
18843,14156,2705,false
18844,14157,2705,false
18845,14158,1617,true
18846,14159,2705,false
18847,14160,2705,false
18848,14161,1614,true
18849,14162,1615,true
18850,14163,1616,true
18851,14164,1617,true
18852,14165,1613,true
18853,14166,1614,true
18854,14167,1615,true
18855,14168,1616,true
18856,14169,1617,true
18857,14170,1615,true
18858,14171,1617,true
18859,14172,2705,false
18860,14173,1617,true
18861,14174,2705,false
18862,14175,1613,false
18863,14175,1614,false
18864,14175,1615,false
18865,14175,1616,false
18866,14175,1617,false
18867,14176,2705,false
18868,14177,1617,true
18869,14178,1613,false
18870,14178,1614,false
18871,14178,1615,false
18872,14178,1616,false
18873,14178,1617,false
18874,14179,1613,false
18875,14179,1614,false
18876,14179,1615,false
18877,14179,1616,false
18878,14179,1617,false
18879,14180,1618,false
18880,14180,1619,false
18881,14180,1620,false
18882,14180,1621,false
18883,14180,1622,false
18884,14180,1623,false
18885,14180,1624,false
18886,14180,1625,false
18887,14180,1626,false
18888,14180,1627,false
18889,14180,1628,false
18890,14180,1629,false
18891,14181,1623,true
18892,14182,1618,false
18893,14182,1621,false
18894,14183,1618,false
18895,14183,1621,false
18896,14184,1618,false
18897,14184,1621,false
18898,14185,1621,false
18899,14185,1624,false
18900,14185,1628,true
18901,14186,1625,true
18902,14187,1626,true
18903,14188,1618,false
18904,14188,1620,true
18905,14188,1621,false
18906,14188,1623,false
18907,14188,1626,false
18908,14188,1627,false
18909,14189,1620,true
18910,14190,1623,true
18911,14191,1627,true
18912,14192,1619,true
18913,14192,1621,true
18914,14193,1618,false
18915,14193,1619,false
18916,14193,1620,true
18917,14193,1621,false
18918,14193,1623,false
18919,14193,1626,false
18920,14193,1627,false
18921,14193,1629,false
18922,14194,1624,true
18923,14194,1625,false
18924,14194,1626,false
18925,14194,1629,false
18926,14195,1624,true
18927,14195,1625,true
18928,14196,1618,false
18929,14196,1621,false
18930,14196,1626,true
18931,14197,1628,true
18932,14198,1628,true
18933,14198,1629,true
18934,14199,1619,true
18935,14200,1621,true
18936,14201,1618,true
18937,14201,1626,false
18938,14202,1620,true
18939,14203,1623,true
18940,14204,1627,true
18941,14205,1619,true
18942,14206,1621,true
18943,14206,1626,false
18944,14207,1624,true
18945,14207,1625,false
18946,14208,1625,true
18947,14209,1626,true
18948,14210,1628,true
18949,14211,1629,true
18950,14212,1618,true
18951,14213,2807,false
18952,14214,1620,true
18953,14215,1620,true
18954,14216,1623,true
18955,14217,1627,true
18956,14218,2807,false
18957,14219,2807,false
18958,14220,1619,true
18959,14221,1621,true
18960,14222,1622,true
18961,14223,2807,false
18962,14224,1624,false
18963,14224,1625,true
18964,14225,1624,true
18965,14226,2807,false
18966,14227,1626,true
18967,14228,1618,false
18968,14228,1621,false
18969,14229,1629,true
18970,14230,1628,true
18971,14231,1619,true
18972,14232,1625,true
18973,14233,1619,true
18974,14234,1619,true
18975,14235,1621,true
18976,14236,1618,false
18977,14236,1621,false
18978,14237,1618,false
18979,14237,1620,false
18980,14237,1621,false
18981,14237,1622,false
18982,14237,1623,false
18983,14237,1624,false
18984,14237,1625,false
18985,14237,1626,false
18986,14237,1627,false
18987,14237,1628,false
18988,14237,1629,false
18989,14238,1618,true
18990,14238,1620,false
18991,14238,1623,false
18992,14239,1620,true
18993,14240,1627,true
18994,14241,1619,true
18995,14242,1620,false
18996,14242,1621,true
18997,14242,1623,false
18998,14242,1629,false
18999,14243,1621,true
19000,14244,1624,true
19001,14244,1629,false
19002,14245,1628,true
19003,14246,1628,true
19004,14246,1629,true
19005,14247,1622,true
19006,14248,1619,true
19007,14249,1618,true
19008,14250,1618,false
19009,14250,1619,false
19010,14250,1620,false
19011,14250,1621,false
19012,14250,1622,false
19013,14250,1623,false
19014,14250,1624,false
19015,14250,1625,false
19016,14250,1626,false
19017,14250,1627,false
19018,14250,1628,false
19019,14250,1629,false
19020,14251,1620,true
19021,14252,1623,true
19022,14253,1621,true
19023,14254,1621,true
19024,14255,1621,true
19025,14256,1630,true
19026,14257,1630,true
19027,14258,1630,true
19028,14259,1630,true
19029,14260,1630,true
19030,14261,1630,false
19031,14262,1631,true
19032,14263,1631,true
19033,14264,1631,true
19034,14265,1631,true
19035,14266,1631,true
19036,14267,2808,false
19037,14268,1631,true
19038,14269,2808,false
19039,14270,1631,true
19040,14271,2808,false
19041,14272,2808,false
19042,14273,1631,true
19043,14274,2808,false
19044,14275,1631,true
19045,14276,2808,false
19046,14277,2808,false
19047,14278,1631,true
19048,14279,1631,true
19049,14280,1631,true
19050,14281,1631,true
19051,14282,2808,false
19052,14283,2808,false
19053,14284,1631,true
19054,14285,2808,false
19055,14286,2808,false
19056,14287,2808,false
19057,14288,1631,true
19058,14289,1631,true
19059,14290,1631,true
19060,14291,2808,false
19061,14292,2808,false
19062,14293,1631,true
19063,14294,2808,false
19064,14295,1631,true
19065,14296,1631,true
19066,14297,2808,false
19067,14298,1631,true
19068,14299,2808,false
19069,14300,1631,true
19070,14301,1631,true
19071,14302,1631,true
19072,14303,1631,true
19073,14304,2808,false
19074,14305,2808,false
19075,14306,2808,false
19076,14307,2808,false
19077,14308,2808,false
19078,14309,1631,true
19079,14310,1631,true
19080,14311,1631,true
19081,14312,1631,true
19082,14313,1631,true
19083,14314,1631,true
19084,14315,2808,false
19085,14316,2808,false
19086,14317,1631,true
19087,14318,2808,false
19088,14319,1633,true
19089,14320,1633,true
19090,14321,1633,true
19091,14322,1633,true
19092,14323,1633,true
19093,14324,1633,true
19094,14325,1633,true
19095,14326,1633,true
19096,14327,1632,true
19097,14328,1633,false
19098,14329,2706,false
19099,14330,1632,true
19100,14331,1633,true
19101,14332,1633,true
19102,14333,1633,true
19103,14334,1633,true
19104,14335,1633,true
19105,14336,1632,true
19106,14337,1633,true
19107,14338,1633,true
19108,14339,1633,true
19109,14340,1633,true
19110,14341,1633,true
19111,14342,1641,true
19112,14342,1642,true
19113,14343,1634,true
19114,14344,1635,true
19115,14345,1637,true
19116,14346,1641,true
19117,14347,1641,true
19118,14348,1646,true
19119,14349,2809,false
19120,14350,1636,true
19121,14351,1634,true
19122,14352,1635,true
19123,14353,1637,true
19124,14354,1640,true
19125,14355,1641,true
19126,14356,1641,true
19127,14357,1645,true
19128,14358,1646,true
19129,14359,1635,true
19130,14360,2809,false
19131,14361,1634,true
19132,14362,1635,true
19133,14363,1636,true
19134,14364,1637,true
19135,14365,1637,true
19136,14365,1638,true
19137,14366,1637,true
19138,14366,1639,true
19139,14367,1640,true
19140,14368,1641,true
19141,14369,1641,true
19142,14369,1642,true
19143,14370,1641,true
19144,14370,1643,true
19145,14371,1641,true
19146,14372,2809,false
19147,14373,1646,true
19148,14374,1644,true
19149,14375,2809,false
19150,14376,1635,true
19151,14376,1644,true
19152,14377,1644,true
19153,14378,2809,false
19154,14379,1635,true
19155,14380,2809,false
19156,14381,1635,true
19157,14382,1637,true
19158,14383,2809,false
19159,14384,2809,false
19160,14385,1641,true
19161,14386,2809,false
19162,14387,2809,false
19163,14388,1634,false
19164,14388,1635,false
19165,14388,1636,false
19166,14388,1641,false
19167,14388,1644,false
19168,14388,1645,false
19169,14388,1646,false
19170,14389,2809,false
19171,14390,2809,false
19172,14391,1636,true
19173,14392,2809,false
19174,14393,2809,false
19175,14394,1636,true
19176,14395,1635,true
19177,14396,1635,true
19178,14397,1640,true
19179,14398,1645,true
19180,14399,1645,true
19181,14400,1645,true
19182,14401,1641,true
19183,14401,1642,true
19184,14402,1644,true
19185,14403,1635,true
19186,14404,1635,true
19187,14405,1635,true
19188,14406,1634,false
19189,14406,1635,false
19190,14406,1636,false
19191,14406,1637,false
19192,14406,1640,false
19193,14406,1641,false
19194,14406,1644,false
19195,14406,1645,false
19196,14406,1646,false
19197,14407,1634,false
19198,14407,1635,false
19199,14407,1636,false
19200,14407,1637,false
19201,14407,1640,false
19202,14407,1641,false
19203,14407,1644,false
19204,14407,1645,false
19205,14407,1646,false
19206,14408,1634,true
19207,14409,1635,true
19208,14410,1635,true
19209,14411,1636,true
19210,14412,1636,true
19211,14413,1637,true
19212,14414,1641,true
19213,14415,1641,true
19214,14416,1641,true
19215,14417,1644,true
19216,14418,1646,true
19217,14419,1648,true
19218,14420,2485,false
19219,14421,1648,true
19220,14422,1648,true
19221,14423,1648,true
19222,14424,1647,true
19223,14425,1648,true
19224,14426,1648,true
19225,14427,1648,true
19226,14428,1648,true
19227,14429,1648,true
19228,14430,1647,false
19229,14430,1648,false
19230,14431,2485,false
19231,14432,1648,true
19232,14433,1648,false
19233,14434,1648,false
19234,14435,1648,true
19235,14436,1648,true
19236,14437,1647,false
19237,14437,1648,true
19238,14438,1648,false
19239,14439,1648,true
19240,14440,1647,false
19241,14440,1648,false
19242,14441,1648,true
19243,14442,2485,false
19244,14443,1648,true
19245,14444,1648,true
19246,14445,1648,true
19247,14446,1647,false
19248,14446,1648,false
19249,14447,1647,false
19250,14447,1648,false
19251,14448,1648,true
19252,14449,1648,true
19253,14450,1653,true
19254,14451,1649,true
19255,14452,1653,true
19256,14453,1653,true
19257,14454,1653,true
19258,14455,1653,true
19259,14456,1653,true
19260,14456,1659,false
19261,14457,1653,true
19262,14458,1653,true
19263,14459,2635,false
19264,14460,2635,false
19265,14461,1653,true
19266,14462,1653,true
19267,14463,1653,true
19268,14464,1649,true
19269,14465,1651,true
19270,14465,1659,false
19271,14466,1652,true
19272,14467,1653,true
19273,14468,1653,true
19274,14469,1655,true
19275,14470,1656,true
19276,14471,1658,true
19277,14472,1659,true
19278,14473,1653,true
19279,14474,1649,true
19280,14475,1651,true
19281,14476,2635,false
19282,14477,2635,false
19283,14478,1652,true
19284,14479,1653,true
19285,14480,1653,true
19286,14481,2635,false
19287,14482,1655,true
19288,14483,1656,true
19289,14484,1657,true
19290,14485,1653,true
19291,14486,1653,true
19292,14487,1658,true
19293,14488,1659,true
19294,14489,1651,false
19295,14489,1652,false
19296,14489,1653,true
19297,14489,1658,false
19298,14490,1649,true
19299,14491,1657,true
19300,14492,1653,true
19301,14493,2635,false
19302,14494,1653,true
19303,14495,1649,true
19304,14496,1653,true
19305,14497,1653,true
19306,14498,2635,false
19307,14499,1654,true
19308,14500,1654,true
19309,14501,2635,false
19310,14502,1653,true
19311,14503,1653,true
19312,14504,1653,true
19313,14505,1653,true
19314,14506,1653,true
19315,14507,1651,false
19316,14507,1652,false
19317,14507,1653,false
19318,14507,1654,false
19319,14507,1655,false
19320,14507,1656,false
19321,14507,1657,false
19322,14507,1658,false
19323,14508,1651,false
19324,14508,1652,false
19325,14508,1653,true
19326,14508,1658,false
19327,14509,2635,false
19328,14510,1653,true
19329,14511,1649,false
19330,14511,1651,false
19331,14511,1652,false
19332,14511,1653,false
19333,14511,1654,false
19334,14511,1655,false
19335,14511,1656,false
19336,14511,1657,false
19337,14511,1658,false
19338,14511,1659,false
19339,14512,1649,false
19340,14512,1651,false
19341,14512,1652,false
19342,14512,1653,false
19343,14512,1654,false
19344,14512,1655,false
19345,14512,1656,false
19346,14512,1657,false
19347,14512,1658,false
19348,14512,1659,false
19349,14513,1649,true
19350,14514,1651,true
19351,14514,1659,false
19352,14515,1652,true
19353,14516,1653,true
19354,14517,1653,true
19355,14518,1655,true
19356,14519,1658,true
19357,14520,1658,true
19358,14521,1659,true
19359,14522,1660,true
19360,14523,1660,true
19361,14524,1660,true
19362,14525,1660,true
19363,14526,1660,false
19364,14526,1661,false
19365,14526,1662,false
19366,14526,1663,false
19367,14526,1664,false
19368,14527,1660,true
19369,14528,1660,true
19370,14529,2636,false
19371,14530,2636,false
19372,14531,1664,true
19373,14532,1664,true
19374,14533,2636,false
19375,14534,1664,true
19376,14535,1664,true
19377,14536,1660,true
19378,14537,1660,true
19379,14538,1662,true
19380,14539,1660,true
19381,14540,2636,false
19382,14541,2636,false
19383,14542,1660,true
19384,14543,1664,true
19385,14544,1660,true
19386,14545,2636,false
19387,14546,1660,true
19388,14547,1660,true
19389,14548,1660,true
19390,14549,1660,true
19391,14550,1663,true
19392,14551,1663,true
19393,14552,1664,true
19394,14553,1660,true
19395,14554,2636,false
19396,14555,1660,true
19397,14556,1660,true
19398,14557,1660,true
19399,14558,2636,false
19400,14559,2636,false
19401,14560,2636,false
19402,14561,1660,true
19403,14562,1660,true
19404,14563,2636,false
19405,14564,2636,false
19406,14565,2636,false
19407,14566,1660,true
19408,14567,1660,true
19409,14568,1660,false
19410,14569,1660,true
19411,14570,1660,true
19412,14571,2636,false
19413,14572,1660,true
19414,14573,1660,true
19415,14574,1660,true
19416,14575,1660,true
19417,14576,1660,false
19418,14576,1661,false
19419,14576,1662,false
19420,14576,1663,false
19421,14576,1664,false
19422,14577,2636,false
19423,14578,1660,true
19424,14579,1660,true
19425,14580,1660,true
19426,14581,1660,true
19427,14582,1660,true
19428,14582,1661,true
19429,14583,1660,true
19430,14584,1662,true
19431,14585,1660,true
19432,14586,1663,true
19433,14587,1664,true
19434,14588,1664,true
19435,14589,1665,true
19436,14590,1666,true
19437,14590,1667,true
19438,14591,2707,false
19439,14592,2707,false
19440,14593,1666,true
19441,14594,1667,true
19442,14595,1666,true
19443,14596,2707,false
19444,14597,2707,false
19445,14598,2707,false
19446,14599,1665,true
19447,14600,1666,true
19448,14601,1667,true
19449,14602,2707,false
19450,14603,1666,true
19451,14604,1666,true
19452,14605,1666,true
19453,14606,1668,true
19454,14607,1668,true
19455,14608,2708,false
19456,14609,1668,true
19457,14610,1668,true
19458,14611,1668,true
19459,14612,1668,true
19460,14613,1668,true
19461,14614,1668,true
19462,14615,1668,true
19463,14616,2708,false
19464,14617,1668,true
19465,14618,1668,true
19466,14619,2708,false
19467,14620,1668,true
19468,14621,1668,true
19469,14622,1668,true
19470,14623,2708,false
19471,14624,1668,false
19472,14625,1668,true
19473,14626,2708,false
19474,14627,1668,true
19475,14628,1668,true
19476,14629,1668,true
19477,14630,1677,true
19478,14631,1681,true
19479,14632,1670,true
19480,14632,1672,true
19481,14633,1669,false
19482,14633,1671,true
19483,14633,1675,true
19484,14633,1679,false
19485,14634,1672,true
19486,14635,1674,true
19487,14636,1675,false
19488,14636,1676,false
19489,14637,1676,true
19490,14637,1678,true
19491,14638,1677,true
19492,14639,1676,true
19493,14639,1685,true
19494,14640,1677,true
19495,14641,1672,true
19496,14642,1670,true
19497,14643,1671,true
19498,14644,1672,true
19499,14645,1674,true
19500,14646,1675,false
19501,14646,1676,false
19502,14647,1678,true
19503,14648,1677,true
19504,14649,1676,true
19505,14650,1682,false
19506,14650,1683,false
19507,14651,1685,true
19508,14652,1670,true
19509,14652,1672,true
19510,14653,1671,true
19511,14654,1672,true
19512,14655,1674,true
19513,14656,1675,false
19514,14656,1676,false
19515,14657,1677,false
19516,14657,1678,false
19517,14658,1677,true
19518,14659,1681,true
19519,14660,1682,false
19520,14660,1683,false
19521,14661,1685,true
19522,14662,1682,false
19523,14662,1683,false
19524,14663,1682,false
19525,14663,1683,false
19526,14664,1676,true
19527,14665,2637,false
19528,14666,2637,false
19529,14667,2637,false
19530,14668,2637,false
19531,14669,2637,false
19532,14670,2637,false
19533,14671,1677,true
19534,14672,2637,false
19535,14673,2637,false
19536,14674,1676,true
19537,14675,2637,false
19538,14676,2637,false
19539,14677,2637,false
19540,14678,1675,false
19541,14678,1676,false
19542,14678,1678,false
19543,14678,1682,false
19544,14678,1683,false
19545,14678,1685,false
19546,14679,1682,false
19547,14679,1683,false
19548,14680,1675,false
19549,14680,1676,false
19550,14681,2637,false
19551,14682,2637,false
19552,14683,1676,true
19553,14684,1676,true
19554,14685,1682,false
19555,14685,1683,false
19556,14686,1682,false
19557,14686,1683,false
19558,14687,2637,false
19559,14688,1682,false
19560,14688,1683,false
19561,14689,1676,true
19562,14690,1671,true
19563,14690,1675,true
19564,14690,1681,true
19565,14691,1675,false
19566,14691,1676,false
19567,14691,1678,false
19568,14691,1682,false
19569,14691,1683,false
19570,14691,1685,false
19571,14692,2637,false
19572,14693,1675,false
19573,14693,1676,false
19574,14693,1678,false
19575,14693,1682,false
19576,14693,1683,false
19577,14693,1685,false
19578,14694,1670,true
19579,14695,1669,false
19580,14695,1671,true
19581,14695,1679,false
19582,14696,1672,true
19583,14697,1674,true
19584,14698,1675,false
19585,14698,1676,false
19586,14699,1676,false
19587,14699,1678,true
19588,14700,1676,false
19589,14700,1685,true
19590,14701,1687,true
19591,14702,1687,true
19592,14703,1687,true
19593,14704,2709,false
19594,14705,1687,true
19595,14706,1687,true
19596,14707,1687,true
19597,14708,1687,true
19598,14709,1687,true
19599,14710,1687,true
19600,14711,1688,true
19601,14712,1689,true
19602,14713,1688,true
19603,14714,1689,true
19604,14715,1688,true
19605,14716,1689,true
19606,14717,2638,false
19607,14718,2638,false
19608,14719,2638,false
19609,14720,1689,false
19610,14721,1689,true
19611,14722,1689,true
19612,14723,1688,true
19613,14724,2486,false
19614,14725,1691,true
19615,14726,1692,true
19616,14727,1690,true
19617,14728,1691,true
19618,14729,1691,true
19619,14730,1692,true
19620,14731,1692,true
19621,14732,1692,true
19622,14733,1690,true
19623,14734,1691,true
19624,14735,1692,true
19625,14736,1691,true
19626,14736,1692,true
19627,14737,1692,true
19628,14738,2486,false
19629,14739,1691,true
19630,14740,1690,true
19631,14741,1691,true
19632,14742,1692,true
19633,14743,1692,true
19634,14744,1690,false
19635,14744,1691,false
19636,14744,1692,false
19637,14745,1692,true
19638,14746,1691,true
19639,14747,1692,true
19640,14748,1690,true
19641,14749,1690,true
19642,14750,1690,false
19643,14750,1691,false
19644,14750,1692,false
19645,14751,1690,false
19646,14751,1691,false
19647,14751,1692,false
19648,14752,1690,true
19649,14753,1691,true
19650,14754,1692,true
19651,14755,1696,true
19652,14756,1699,true
19653,14757,1694,true
19654,14758,1697,true
19655,14758,1700,true
19656,14759,1700,false
19657,14760,1694,true
19658,14760,1696,false
19659,14760,1700,false
19660,14761,1693,true
19661,14761,1696,true
19662,14762,1696,true
19663,14762,1699,true
19664,14763,1693,false
19665,14763,1695,true
19666,14764,1696,true
19667,14765,1694,true
19668,14765,1696,true
19669,14766,1697,true
19670,14766,1700,true
19671,14767,1696,true
19672,14767,1698,true
19673,14768,1697,false
19674,14768,1698,false
19675,14768,1700,true
19676,14769,1694,true
19677,14769,1698,true
19678,14769,1700,true
19679,14770,1694,true
19680,14771,1693,true
19681,14772,1693,false
19682,14772,1695,true
19683,14773,1694,false
19684,14773,1696,true
19685,14774,1697,true
19686,14775,1698,true
19687,14776,1694,false
19688,14776,1700,true
19689,14777,2487,false
19690,14778,2487,false
19691,14779,2487,false
19692,14780,2487,false
19693,14781,1696,true
19694,14782,2487,false
19695,14783,2487,false
19696,14784,2487,false
19697,14785,2487,false
19698,14786,2487,false
19699,14787,2487,false
19700,14788,1700,false
19701,14789,1696,true
19702,14790,1693,false
19703,14790,1694,false
19704,14790,1695,false
19705,14790,1696,false
19706,14790,1697,false
19707,14790,1698,false
19708,14790,1699,false
19709,14790,1700,false
19710,14791,1696,true
19711,14792,1697,true
19712,14792,1700,true
19713,14793,1696,true
19714,14794,1693,false
19715,14794,1694,false
19716,14794,1695,false
19717,14794,1696,false
19718,14794,1697,false
19719,14794,1698,false
19720,14794,1699,false
19721,14794,1700,false
19722,14795,1693,false
19723,14795,1694,false
19724,14795,1695,false
19725,14795,1696,false
19726,14795,1697,false
19727,14795,1698,false
19728,14795,1699,false
19729,14795,1700,false
19730,14796,1693,true
19731,14797,1695,true
19732,14798,1696,true
19733,14799,2487,false
19734,14800,1697,true
19735,14801,1698,true
19736,14802,1700,true
19737,14803,1701,true
19738,14804,1703,true
19739,14805,1702,true
19740,14806,1703,true
19741,14807,1704,true
19742,14808,2639,false
19743,14809,1706,true
19744,14810,1705,true
19745,14811,1708,true
19746,14812,1701,true
19747,14812,1709,true
19748,14813,1701,true
19749,14814,1702,true
19750,14815,1702,true
19751,14816,1703,true
19752,14817,1704,true
19753,14818,1705,true
19754,14819,1706,true
19755,14820,1707,true
19756,14821,1708,true
19757,14822,1701,true
19758,14823,1703,true
19759,14824,1702,true
19760,14825,1702,true
19761,14826,1703,true
19762,14827,1704,true
19763,14828,1705,true
19764,14829,1706,true
19765,14830,1707,true
19766,14831,1708,true
19767,14832,1701,true
19768,14833,1701,true
19769,14833,1709,true
19770,14834,1701,true
19771,14835,1703,true
19772,14836,1702,true
19773,14837,1705,true
19774,14838,1705,true
19775,14839,1703,true
19776,14840,2639,false
19777,14841,1705,true
19778,14842,1705,true
19779,14843,1705,true
19780,14844,1701,true
19781,14844,1702,true
19782,14844,1703,true
19783,14844,1704,true
19784,14844,1705,true
19785,14844,1706,true
19786,14844,1707,true
19787,14844,1708,true
19788,14845,1701,true
19789,14845,1709,true
19790,14846,1701,true
19791,14847,1701,true
19792,14847,1709,true
19793,14848,1701,false
19794,14848,1702,false
19795,14848,1703,false
19796,14848,1704,false
19797,14848,1705,false
19798,14848,1706,false
19799,14848,1707,false
19800,14848,1708,false
19801,14849,1701,false
19802,14849,1702,false
19803,14849,1703,false
19804,14849,1704,false
19805,14849,1705,false
19806,14849,1706,false
19807,14849,1707,false
19808,14849,1708,false
19809,14850,1701,true
19810,14851,1702,true
19811,14852,1702,true
19812,14853,1703,true
19813,14854,1704,true
19814,14855,1705,true
19815,14856,1705,true
19816,14857,1707,true
19817,14858,1708,true
19818,14859,1701,true
19819,14859,1709,true
19820,14860,1710,true
19821,14861,2488,false
19822,14862,1712,true
19823,14863,1713,true
19824,14864,1714,true
19825,14865,1718,true
19826,14866,1716,true
19827,14867,1721,true
19828,14868,1718,true
19829,14869,1721,true
19830,14870,1713,true
19831,14871,1721,true
19832,14872,1718,true
19833,14873,1723,true
19834,14874,1724,true
19835,14875,1712,true
19836,14876,1713,true
19837,14877,1714,true
19838,14878,1716,true
19839,14879,1717,true
19840,14880,1718,true
19841,14881,1719,true
19842,14882,1720,true
19843,14883,1721,true
19844,14884,1722,true
19845,14885,1712,true
19846,14885,1713,true
19847,14885,1714,true
19848,14885,1715,true
19849,14885,1716,true
19850,14885,1717,true
19851,14885,1718,true
19852,14885,1719,true
19853,14885,1720,true
19854,14885,1721,true
19855,14885,1722,true
19856,14885,1723,true
19857,14885,1724,true
19858,14885,1725,true
19859,14886,1723,true
19860,14887,1724,true
19861,14888,1725,true
19862,14889,1721,true
19863,14890,1712,true
19864,14891,1713,true
19865,14892,1714,true
19866,14893,1716,true
19867,14894,1717,true
19868,14895,1718,true
19869,14896,1719,true
19870,14897,1720,true
19871,14898,1721,true
19872,14899,1722,true
19873,14900,1723,true
19874,14901,1724,true
19875,14902,1725,true
19876,14903,1721,true
19877,14904,2488,false
19878,14905,2488,false
19879,14906,2488,false
19880,14907,2488,false
19881,14908,2488,false
19882,14909,2488,false
19883,14910,2488,false
19884,14911,1720,true
19885,14912,2488,false
19886,14913,2488,false
19887,14914,2488,false
19888,14915,1712,false
19889,14915,1713,false
19890,14915,1714,false
19891,14915,1715,false
19892,14915,1716,false
19893,14915,1717,false
19894,14915,1718,false
19895,14915,1719,false
19896,14915,1720,false
19897,14915,1721,false
19898,14915,1722,false
19899,14915,1723,false
19900,14915,1724,false
19901,14915,1725,false
19902,14916,2488,false
19903,14917,2488,false
19904,14918,2488,false
19905,14919,1718,true
19906,14920,1724,true
19907,14921,1720,true
19908,14922,1714,true
19909,14922,1715,true
19910,14922,1716,true
19911,14922,1717,true
19912,14922,1718,true
19913,14922,1719,true
19914,14922,1720,true
19915,14922,1721,true
19916,14922,1722,true
19917,14922,1723,true
19918,14922,1724,true
19919,14922,1725,true
19920,14923,1712,false
19921,14923,1713,false
19922,14923,1714,false
19923,14923,1715,false
19924,14923,1716,false
19925,14923,1717,false
19926,14923,1718,false
19927,14923,1719,false
19928,14923,1720,false
19929,14923,1721,false
19930,14923,1722,false
19931,14923,1723,false
19932,14923,1724,false
19933,14923,1725,false
19934,14924,1712,false
19935,14924,1713,false
19936,14924,1714,false
19937,14924,1715,false
19938,14924,1716,false
19939,14924,1717,false
19940,14924,1718,false
19941,14924,1719,false
19942,14924,1720,false
19943,14924,1721,false
19944,14924,1722,false
19945,14924,1723,false
19946,14924,1724,false
19947,14924,1725,false
19948,14925,1712,true
19949,14925,1713,true
19950,14926,2810,false
19951,14927,1739,true
19952,14928,1726,true
19953,14929,1727,true
19954,14930,1726,true
19955,14930,1731,true
19956,14931,1727,true
19957,14931,1728,true
19958,14931,1729,true
19959,14931,1731,true
19960,14932,1728,true
19961,14932,1732,false
19962,14932,1736,false
19963,14933,2810,false
19964,14934,1731,true
19965,14934,1735,true
19966,14935,1735,true
19967,14936,1728,true
19968,14937,2810,false
19969,14938,1726,true
19970,14939,1727,true
19971,14940,1728,true
19972,14941,1729,true
19973,14942,1730,true
19974,14943,1731,true
19975,14944,1731,true
19976,14945,1731,true
19977,14946,1732,true
19978,14947,1733,true
19979,14948,1734,true
19980,14949,1735,true
19981,14950,1736,true
19982,14951,1737,true
19983,14952,1738,true
19984,14953,1739,true
19985,14954,1728,true
19986,14955,1736,false
19987,14956,1726,false
19988,14957,1727,false
19989,14958,1731,true
19990,14959,1729,true
19991,14960,1728,false
19992,14961,1730,false
19993,14962,1731,true
19994,14963,1728,true
19995,14963,1729,true
19996,14963,1731,true
19997,14964,1728,true
19998,14964,1729,true
19999,14964,1731,true
20000,14965,1731,false
20001,14966,1732,false
20002,14967,2810,false
20003,14968,1733,false
20004,14969,1734,true
20005,14970,1734,false
20006,14971,1736,true
20007,14972,1735,false
20008,14973,1737,false
20009,14974,1738,false
20010,14975,1739,false
20011,14976,1728,false
20012,14976,1729,false
20013,14976,1731,false
20014,14977,1726,false
20015,14977,1727,false
20016,14977,1728,false
20017,14977,1729,false
20018,14977,1730,false
20019,14977,1731,false
20020,14977,1732,false
20021,14977,1733,false
20022,14977,1734,false
20023,14977,1735,false
20024,14977,1736,false
20025,14977,1737,false
20026,14977,1738,false
20027,14977,1739,false
20028,14978,1728,true
20029,14978,1731,true
20030,14979,1730,true
20031,14980,1731,true
20032,14981,1731,true
20033,14981,1732,true
20034,14982,2810,false
20035,14983,1733,true
20036,14984,1737,true
20037,14985,1731,true
20038,14986,1726,false
20039,14986,1727,false
20040,14986,1728,false
20041,14986,1729,false
20042,14986,1730,false
20043,14986,1731,false
20044,14986,1732,false
20045,14986,1733,false
20046,14986,1734,false
20047,14986,1735,false
20048,14986,1736,false
20049,14986,1737,false
20050,14986,1738,false
20051,14986,1739,false
20052,14986,1739,false
20053,14987,1726,false
20054,14987,1727,false
20055,14987,1728,false
20056,14987,1729,false
20057,14987,1730,false
20058,14987,1731,false
20059,14987,1732,false
20060,14987,1733,false
20061,14987,1734,false
20062,14987,1735,false
20063,14987,1736,false
20064,14987,1737,false
20065,14987,1738,false
20066,14987,1739,false
20067,14987,1739,false
20068,14988,1728,true
20069,14988,1732,false
20070,14988,1736,false
20071,14989,1729,true
20072,14990,1729,true
20073,14991,1731,true
20074,14992,1734,true
20075,14993,1735,true
20076,14994,1735,true
20077,14995,1736,true
20078,14996,1738,true
20079,14997,1738,true
20080,14998,1739,true
20081,14999,1740,true
20082,15000,2489,false
20083,15001,1740,true
20084,15002,2489,false
20085,15003,1740,true
20086,15004,1741,true
20087,15005,2489,false
20088,15006,2489,false
20089,15007,2489,false
20090,15008,2489,false
20091,15009,2489,false
20092,15010,2489,false
20093,15011,2489,false
20094,15012,2489,false
20095,15013,2489,false
20096,15014,2489,false
20097,15015,2489,false
20098,15016,2489,false
20099,15017,1740,true
20100,15018,2489,false
20101,15019,2711,false
20102,15020,1747,true
20103,15021,2711,false
20104,15022,2711,false
20105,15023,2711,false
20106,15024,2711,false
20107,15025,2711,false
20108,15026,1744,false
20109,15026,1746,false
20110,15027,2711,false
20111,15028,2711,false
20112,15029,2711,false
20113,15030,2711,false
20114,15031,2711,false
20115,15032,2711,false
20116,15033,2711,false
20117,15034,2711,false
20118,15035,2711,false
20119,15036,2711,false
20120,15037,2711,false
20121,15038,1742,true
20122,15039,1743,true
20123,15040,1744,true
20124,15041,1745,true
20125,15042,1746,true
20126,15043,1744,false
20127,15043,1746,false
20128,15044,1747,true
20129,15045,1748,true
20130,15046,1749,true
20131,15047,1750,true
20132,15048,1751,true
20133,15049,1744,false
20134,15049,1746,false
20135,15050,1752,true
20136,15051,2711,false
20137,15052,2711,false
20138,15053,1746,true
20139,15054,1747,true
20140,15055,1742,true
20141,15056,1743,true
20142,15057,1744,false
20143,15057,1746,false
20144,15058,1744,true
20145,15059,1745,true
20146,15060,1744,true
20147,15061,2711,false
20148,15062,2711,false
20149,15063,2711,false
20150,15064,1744,true
20151,15065,1744,false
20152,15065,1746,false
20153,15066,1744,false
20154,15066,1746,false
20155,15067,1744,false
20156,15067,1746,false
20157,15068,1746,true
20158,15069,1746,true
20159,15070,2711,false
20160,15071,1747,true
20161,15072,1747,true
20162,15073,1747,true
20163,15074,2711,false
20164,15075,2711,false
20165,15076,2711,false
20166,15077,2711,false
20167,15078,1744,false
20168,15078,1746,false
20169,15079,2711,false
20170,15080,2711,false
20171,15081,2711,false
20172,15082,2711,false
20173,15083,1746,true
20174,15084,1744,false
20175,15084,1746,false
20176,15085,1752,true
20177,15086,2711,false
20178,15087,2711,false
20179,15088,1744,false
20180,15088,1746,false
20181,15089,1744,false
20182,15089,1746,false
20183,15090,2711,false
20184,15091,1746,true
20185,15092,2711,false
20186,15093,2711,false
20187,15094,2711,false
20188,15095,1744,false
20189,15095,1746,false
20190,15096,2711,false
20191,15097,1745,true
20192,15098,2711,false
20193,15099,2711,false
20194,15100,2711,false
20195,15101,2711,false
20196,15102,1747,true
20197,15103,2711,false
20198,15104,2711,false
20199,15105,1742,false
20200,15105,1743,false
20201,15105,1744,false
20202,15105,1745,false
20203,15105,1746,false
20204,15105,1747,false
20205,15105,1748,false
20206,15105,1749,false
20207,15105,1750,false
20208,15105,1751,false
20209,15105,1752,false
20210,15106,1744,false
20211,15106,1746,false
20212,15107,1746,true
20213,15108,1747,true
20214,15109,1743,true
20215,15110,1742,true
20216,15111,1747,true
20217,15112,2711,false
20218,15113,1744,false
20219,15113,1746,false
20220,15114,1748,true
20221,15115,2711,false
20222,15116,2711,false
20223,15117,1744,false
20224,15117,1746,false
20225,15118,2711,false
20226,15119,2711,false
20227,15120,1747,true
20228,15121,1742,false
20229,15121,1743,false
20230,15121,1744,false
20231,15121,1745,false
20232,15121,1746,false
20233,15121,1747,false
20234,15121,1748,false
20235,15121,1749,false
20236,15121,1750,false
20237,15121,1751,false
20238,15121,1752,false
20239,15122,2711,false
20240,15123,1742,false
20241,15123,1743,false
20242,15123,1744,false
20243,15123,1745,false
20244,15123,1746,false
20245,15123,1747,false
20246,15123,1748,false
20247,15123,1749,false
20248,15123,1750,false
20249,15123,1751,false
20250,15123,1752,false
20251,15124,1742,true
20252,15125,1743,true
20253,15126,1744,true
20254,15127,1745,true
20255,15128,1746,true
20256,15129,1744,false
20257,15129,1746,false
20258,15130,1746,true
20259,15131,1747,true
20260,15132,1747,true
20261,15133,2711,false
20262,15134,1748,true
20263,15135,1750,true
20264,15136,1746,true
20265,15137,1752,true
20266,15138,2711,false
20267,15139,1754,true
20268,15140,1753,true
20269,15140,1754,true
20270,15141,2640,false
20271,15142,2640,false
20272,15143,1754,true
20273,15144,1754,true
20274,15145,1753,true
20275,15145,1754,true
20276,15146,1753,true
20277,15147,1754,true
20278,15148,1753,true
20279,15148,1754,true
20280,15149,1754,true
20281,15150,1753,true
20282,15151,1754,true
20283,15152,1754,true
20284,15153,1754,true
20285,15154,1753,true
20286,15155,2640,false
20287,15156,2640,false
20288,15157,1754,true
20289,15158,2640,false
20290,15159,2640,false
20291,15160,1753,false
20292,15160,1754,false
20293,15161,1754,true
20294,15162,1754,true
20295,15163,1754,true
20296,15164,1753,false
20297,15164,1754,false
20298,15165,1754,true
20299,15166,1753,false
20300,15166,1754,false
20301,15167,1753,true
20302,15168,1754,true
20303,15169,2811,false
20304,15170,2811,false
20305,15171,2811,false
20306,15172,2811,false
20307,15173,2811,false
20308,15174,2811,false
20309,15175,1758,true
20310,15176,2811,false
20311,15177,2811,false
20312,15178,2811,false
20313,15179,2811,false
20314,15180,2811,false
20315,15181,2811,false
20316,15182,2811,false
20317,15183,2811,false
20318,15184,2811,false
20319,15185,2811,false
20320,15186,1756,true
20321,15187,2811,false
20322,15188,1757,true
20323,15189,1758,true
20324,15190,1759,true
20325,15191,2811,false
20326,15192,1760,true
20327,15193,2811,false
20328,15194,1761,true
20329,15195,1762,true
20330,15196,1763,true
20331,15197,1764,true
20332,15198,2811,false
20333,15199,2811,false
20334,15200,1761,true
20335,15201,2811,false
20336,15202,2811,false
20337,15203,2811,false
20338,15204,2811,false
20339,15205,2811,false
20340,15206,2811,false
20341,15207,1757,true
20342,15208,2811,false
20343,15209,1756,true
20344,15210,2811,false
20345,15211,1757,true
20346,15212,1758,true
20347,15213,2811,false
20348,15214,2811,false
20349,15215,1759,true
20350,15216,2811,false
20351,15217,2811,false
20352,15218,1760,true
20353,15219,2811,false
20354,15220,2811,false
20355,15221,2811,false
20356,15222,2811,false
20357,15223,2811,false
20358,15224,2811,false
20359,15225,2811,false
20360,15226,1762,true
20361,15227,1763,true
20362,15228,1764,true
20363,15229,2811,false
20364,15230,2811,false
20365,15231,1757,true
20366,15232,2811,false
20367,15233,2811,false
20368,15234,2811,false
20369,15235,2811,false
20370,15236,2811,false
20371,15237,2811,false
20372,15238,2811,false
20373,15239,2811,false
20374,15240,2811,false
20375,15241,2811,false
20376,15242,2811,false
20377,15243,2811,false
20378,15244,2811,false
20379,15245,2811,false
20380,15246,1756,false
20381,15246,1757,false
20382,15246,1758,false
20383,15246,1759,false
20384,15246,1760,false
20385,15246,1761,false
20386,15246,1762,false
20387,15246,1763,false
20388,15246,1764,false
20389,15247,2811,false
20390,15248,2811,false
20391,15249,2811,false
20392,15250,2811,false
20393,15251,2811,false
20394,15252,2811,false
20395,15253,2811,false
20396,15254,2811,false
20397,15255,1756,false
20398,15255,1757,false
20399,15255,1758,false
20400,15255,1759,false
20401,15255,1760,false
20402,15255,1761,false
20403,15255,1762,false
20404,15255,1763,false
20405,15255,1764,false
20406,15256,2811,false
20407,15257,1756,false
20408,15257,1757,false
20409,15257,1758,false
20410,15257,1759,false
20411,15257,1760,false
20412,15257,1761,false
20413,15257,1762,false
20414,15257,1763,false
20415,15257,1764,false
20416,15258,1756,true
20417,15259,2811,false
20418,15260,1757,true
20419,15261,1758,true
20420,15262,2811,false
20421,15263,1759,true
20422,15264,1760,true
20423,15265,2811,false
20424,15266,2811,false
20425,15267,2811,false
20426,15268,1761,true
20427,15269,1762,true
20428,15270,1763,true
20429,15271,1764,true
20430,15272,1767,true
20431,15273,1767,true
20432,15274,1767,true
20433,15275,1767,true
20434,15276,1767,true
20435,15277,1765,true
20436,15278,1766,true
20437,15279,1767,true
20438,15280,1767,true
20439,15281,1768,true
20440,15282,2490,false
20441,15283,1767,true
20442,15284,1767,true
20443,15285,2490,false
20444,15286,2490,false
20445,15287,2812,false
20446,15288,2812,false
20447,15289,2812,false
20448,15290,2812,false
20449,15291,2812,false
20450,15292,2812,false
20451,15293,2812,false
20452,15294,2812,false
20453,15295,2812,false
20454,15296,2812,false
20455,15297,2812,false
20456,15298,2812,false
20457,15299,2812,false
20458,15300,2812,false
20459,15301,2812,false
20460,15302,2812,false
20461,15303,2812,false
20462,15304,2812,false
20463,15305,2812,false
20464,15306,2812,false
20465,15307,2812,false
20466,15308,2812,false
20467,15309,2812,false
20468,15310,2812,false
20469,15311,2812,false
20470,15312,2812,false
20471,15313,2812,false
20472,15314,2812,false
20473,15315,2812,false
20474,15316,2812,false
20475,15317,2812,false
20476,15318,2812,false
20477,15319,2812,false
20478,15320,2812,false
20479,15321,2812,false
20480,15322,2812,false
20481,15323,2812,false
20482,15324,2491,false
20483,15325,2491,false
20484,15326,2491,false
20485,15327,2491,false
20486,15328,2491,false
20487,15329,2491,false
20488,15330,2491,false
20489,15331,2491,false
20490,15332,2491,false
20491,15333,2491,false
20492,15334,2491,false
20493,15335,1769,true
20494,15336,1770,true
20495,15337,1771,true
20496,15338,1772,true
20497,15339,1773,true
20498,15340,2491,false
20499,15341,2491,false
20500,15342,1769,true
20501,15343,1770,true
20502,15344,1771,true
20503,15345,1772,true
20504,15346,1773,true
20505,15347,2491,false
20506,15348,2491,false
20507,15349,2491,false
20508,15350,2491,false
20509,15351,2491,false
20510,15352,2491,false
20511,15353,2491,false
20512,15354,2491,false
20513,15355,2491,false
20514,15356,2491,false
20515,15357,2491,false
20516,15358,2491,false
20517,15359,2491,false
20518,15360,2491,false
20519,15361,2491,false
20520,15362,2491,false
20521,15363,2491,false
20522,15364,2491,false
20523,15365,2491,false
20524,15366,2491,false
20525,15367,2491,false
20526,15368,2491,false
20527,15369,2491,false
20528,15370,2491,false
20529,15371,2491,false
20530,15372,2491,false
20531,15373,2491,false
20532,15374,2491,false
20533,15375,2491,false
20534,15376,2491,false
20535,15377,2491,false
20536,15378,2491,false
20537,15379,2491,false
20538,15380,2491,false
20539,15381,2491,false
20540,15382,2491,false
20541,15383,2491,false
20542,15384,2491,false
20543,15385,2491,false
20544,15386,2491,false
20545,15387,2491,false
20546,15388,2491,false
20547,15389,2491,false
20548,15390,2491,false
20549,15391,2491,false
20550,15392,1769,false
20551,15392,1770,false
20552,15392,1771,false
20553,15392,1772,false
20554,15392,1773,false
20555,15393,1769,false
20556,15393,1770,false
20557,15393,1771,false
20558,15393,1772,false
20559,15393,1773,false
20560,15394,1769,true
20561,15395,1770,true
20562,15396,1771,true
20563,15397,2491,false
20564,15398,1772,true
20565,15399,2491,false
20566,15400,2491,false
20567,15401,2491,false
20568,15402,1773,true
20569,15403,2491,false
20570,15404,2491,false
20571,15405,2492,false
20572,15406,2492,false
20573,15407,2492,false
20574,15408,2492,false
20575,15409,2492,false
20576,15410,2642,false
20577,15411,1776,true
20578,15412,1786,true
20579,15413,1776,true
20580,15414,1775,true
20581,15415,1776,true
20582,15415,1786,true
20583,15416,1778,true
20584,15417,1779,true
20585,15418,1784,true
20586,15419,1781,true
20587,15420,1783,true
20588,15421,1784,true
20589,15422,1785,true
20590,15423,1786,true
20591,15424,1775,true
20592,15425,1776,true
20593,15425,1786,true
20594,15426,1778,true
20595,15427,1779,true
20596,15428,1780,true
20597,15429,1781,true
20598,15430,1782,true
20599,15431,1783,true
20600,15432,1784,true
20601,15433,1785,true
20602,15434,1786,true
20603,15435,1784,true
20604,15436,1775,true
20605,15437,1776,true
20606,15438,1777,true
20607,15439,1778,true
20608,15440,1779,true
20609,15441,1784,true
20610,15442,1780,true
20611,15443,1781,true
20612,15444,1782,true
20613,15445,1783,true
20614,15446,1784,true
20615,15447,1784,true
20616,15448,1785,true
20617,15449,1776,true
20618,15450,1786,true
20619,15451,1776,true
20620,15452,1780,true
20621,15453,1782,true
20622,15454,1776,true
20623,15455,2643,false
20624,15456,1776,true
20625,15457,1778,false
20626,15457,1784,false
20627,15458,2643,false
20628,15459,2643,false
20629,15460,1784,true
20630,15461,1784,true
20631,15462,1784,true
20632,15463,1780,true
20633,15464,2643,false
20634,15465,2643,false
20635,15466,1783,true
20636,15467,1784,true
20637,15468,1784,true
20638,15469,2643,false
20639,15470,1776,true
20640,15470,1786,true
20641,15471,1776,true
20642,15472,1776,true
20643,15473,1775,false
20644,15473,1776,false
20645,15473,1777,false
20646,15473,1778,false
20647,15473,1779,false
20648,15473,1780,false
20649,15473,1781,false
20650,15473,1782,false
20651,15473,1783,false
20652,15473,1784,false
20653,15473,1785,false
20654,15473,1786,false
20655,15474,1776,true
20656,15475,1776,false
20657,15475,1778,true
20658,15475,1784,true
20659,15475,1785,false
20660,15476,1784,true
20661,15477,1776,true
20662,15478,1777,true
20663,15479,1784,true
20664,15480,1776,true
20665,15481,1775,false
20666,15481,1776,false
20667,15481,1777,false
20668,15481,1778,false
20669,15481,1779,false
20670,15481,1780,false
20671,15481,1781,false
20672,15481,1782,false
20673,15481,1783,false
20674,15481,1784,false
20675,15481,1785,false
20676,15481,1786,false
20677,15482,1775,false
20678,15482,1776,false
20679,15482,1777,false
20680,15482,1778,false
20681,15482,1779,false
20682,15482,1780,false
20683,15482,1781,false
20684,15482,1782,false
20685,15482,1783,false
20686,15482,1784,false
20687,15482,1785,false
20688,15482,1786,false
20689,15483,2643,false
20690,15484,1776,true
20691,15485,1779,true
20692,15486,1781,true
20693,15487,1784,true
20694,15488,1788,true
20695,15489,1787,true
20696,15490,1788,true
20697,15491,1787,true
20698,15492,1788,true
20699,15493,1788,true
20700,15494,1788,true
20701,15495,1787,true
20702,15496,1788,true
20703,15497,1787,true
20704,15498,1788,true
20705,15499,1788,false
20706,15500,1788,true
20707,15501,1787,false
20708,15501,1788,false
20709,15502,1787,false
20710,15502,1788,false
20711,15503,1787,true
20712,15504,1788,true
20713,15505,1791,true
20714,15505,1794,true
20715,15506,1791,true
20716,15506,1794,true
20717,15507,1794,true
20718,15508,1793,true
20719,15508,1794,true
20720,15509,1794,true
20721,15510,1794,true
20722,15511,1794,true
20723,15512,1794,true
20724,15513,1794,true
20725,15514,1794,true
20726,15515,1794,true
20727,15516,1794,true
20728,15517,2712,false
20729,15518,1794,true
20730,15519,1794,true
20731,15520,1789,true
20732,15520,1794,true
20733,15521,1790,true
20734,15521,1794,true
20735,15522,1791,true
20736,15522,1794,true
20737,15523,1792,true
20738,15523,1794,true
20739,15524,1794,true
20740,15525,1790,false
20741,15525,1794,true
20742,15526,1794,true
20743,15526,1795,true
20744,15527,1794,true
20745,15527,1796,true
20746,15528,1789,true
20747,15528,1794,true
20748,15529,1790,true
20749,15529,1794,true
20750,15530,1791,true
20751,15530,1794,true
20752,15531,1792,true
20753,15531,1794,true
20754,15532,1793,true
20755,15532,1794,true
20756,15533,1794,true
20757,15534,1790,false
20758,15534,1794,true
20759,15535,1794,true
20760,15535,1795,true
20761,15536,1794,true
20762,15537,1794,true
20763,15537,1796,true
20764,15538,1791,true
20765,15538,1794,true
20766,15539,1791,true
20767,15539,1794,true
20768,15540,1794,true
20769,15541,1794,true
20770,15542,1794,true
20771,15543,1790,true
20772,15543,1794,true
20773,15544,1794,true
20774,15545,1791,true
20775,15545,1794,true
20776,15546,1791,true
20777,15546,1794,true
20778,15547,1794,true
20779,15548,1794,true
20780,15549,1794,true
20781,15550,1790,false
20782,15550,1794,true
20783,15551,2712,false
20784,15552,1794,true
20785,15553,1790,false
20786,15553,1792,false
20787,15553,1793,false
20788,15553,1794,false
20789,15553,1795,false
20790,15553,1796,false
20791,15554,1794,true
20792,15555,1790,false
20793,15555,1794,true
20794,15556,1794,true
20795,15557,1794,true
20796,15558,1790,true
20797,15558,1794,true
20798,15559,1790,true
20799,15559,1794,true
20800,15560,1794,true
20801,15561,1790,false
20802,15561,1792,false
20803,15561,1793,false
20804,15561,1794,false
20805,15561,1795,false
20806,15561,1796,false
20807,15562,1790,false
20808,15562,1792,false
20809,15562,1793,false
20810,15562,1794,false
20811,15562,1795,false
20812,15562,1796,false
20813,15563,1789,true
20814,15563,1794,true
20815,15564,1790,true
20816,15564,1794,true
20817,15565,1794,true
20818,15566,1793,true
20819,15566,1794,true
20820,15567,1794,true
20821,15568,1794,true
20822,15568,1795,true
20823,15569,1794,true
20824,15570,1794,true
20825,15570,1796,true
20826,15571,2644,false
20827,15572,1797,true
20828,15573,1797,true
20829,15574,2644,false
20830,15575,1797,false
20831,15576,1797,true
20832,15577,1797,false
20833,15578,1797,false
20834,15579,1797,true
20835,15580,1798,false
20836,15580,1800,false
20837,15581,1798,false
20838,15581,1800,false
20839,15582,1798,false
20840,15582,1800,false
20841,15583,1798,false
20842,15583,1800,false
20843,15584,1798,false
20844,15584,1800,false
20845,15585,1798,false
20846,15585,1800,false
20847,15586,1799,true
20848,15587,1799,true
20849,15588,1799,true
20850,15589,2713,false
20851,15590,1800,true
20852,15591,1800,true
20853,15592,1800,true
20854,15593,1800,true
20855,15594,1800,true
20856,15595,1800,true
20857,15596,1798,false
20858,15596,1800,false
20859,15597,1798,false
20860,15597,1799,false
20861,15597,1800,false
20862,15598,1798,false
20863,15598,1800,false
20864,15599,1798,false
20865,15599,1799,false
20866,15599,1800,false
20867,15600,1800,true
20868,15601,1801,true
20869,15602,1801,true
20870,15603,1801,true
20871,15604,2493,false
20872,15605,1801,true
20873,15606,1801,true
20874,15607,1801,true
20875,15608,1801,true
20876,15609,2493,false
20877,15610,2493,false
20878,15611,1801,true
20879,15612,1801,true
20880,15613,1801,true
20881,15614,1801,true
20882,15615,1801,true
20883,15616,1801,true
20884,15617,1802,true
20885,15618,1802,true
20886,15619,1802,true
20887,15620,1802,true
20888,15621,1802,true
20889,15622,1802,true
20890,15623,2494,false
20891,15624,1802,true
20892,15625,1802,true
20893,15626,1802,true
20894,15627,1802,true
20895,15628,1802,true
20896,15629,1802,true
20897,15630,1802,true
20898,15631,1802,true
20899,15632,1802,true
20900,15633,1802,true
20901,15634,1802,true
20902,15635,1802,true
20903,15636,1802,true
20904,15637,2494,false
20905,15638,1802,true
20906,15639,1802,true
20907,15640,1802,true
20908,15641,2494,false
20909,15642,1802,true
20910,15643,1802,true
20911,15644,1802,true
20912,15645,1802,true
20913,15646,1802,true
20914,15647,1802,true
20915,15648,1802,true
20916,15649,1802,true
20917,15650,1806,true
20918,15651,1803,true
20919,15651,1806,true
20920,15652,1803,true
20921,15653,1806,true
20922,15654,1806,true
20923,15655,1803,true
20924,15656,1804,true
20925,15656,1806,true
20926,15657,1806,true
20927,15658,1804,true
20928,15659,2814,false
20929,15660,1803,true
20930,15661,2814,false
20931,15662,1806,true
20932,15663,1804,true
20933,15664,1806,true
20934,15665,2814,false
20935,15666,2814,false
20936,15667,1806,true
20937,15668,1804,true
20938,15668,1806,true
20939,15669,1806,true
20940,15670,1806,true
20941,15671,2814,false
20942,15672,1806,true
20943,15673,1806,true
20944,15674,2814,false
20945,15675,1803,true
20946,15675,1804,true
20947,15675,1806,true
20948,15676,1806,true
20949,15677,1806,true
20950,15678,1806,true
20951,15679,1806,true
20952,15680,1804,true
20953,15680,1806,true
20954,15681,1806,true
20955,15682,1806,true
20956,15683,1806,true
20957,15684,1805,true
20958,15684,1806,true
20959,15685,1805,true
20960,15685,1806,true
20961,15686,1804,true
20962,15687,1803,true
20963,15687,1804,true
20964,15687,1806,true
20965,15688,1803,true
20966,15688,1804,true
20967,15688,1806,true
20968,15689,2814,false
20969,15690,1803,true
20970,15691,1806,true
20971,15692,2814,false
20972,15693,2814,false
20973,15694,1806,true
20974,15695,1806,true
20975,15696,1807,true
20976,15697,1807,true
20977,15698,1807,true
20978,15699,2495,false
20979,15700,1807,true
20980,15701,1807,true
20981,15702,1807,true
20982,15703,1807,true
20983,15704,1807,true
20984,15705,1807,true
20985,15706,1807,true
20986,15707,1807,true
20987,15708,1808,true
20988,15709,1808,true
20989,15710,1808,true
20990,15711,1809,true
20991,15712,1809,true
20992,15713,1808,true
20993,15714,1809,true
20994,15715,1809,true
20995,15716,1809,true
20996,15717,1809,true
20997,15718,1808,true
20998,15719,1809,true
20999,15720,1808,true
21000,15721,1809,true
21001,15722,1809,true
21002,15723,1809,true
21003,15724,1809,true
21004,15725,1809,true
21005,15726,1809,true
21006,15727,1808,true
21007,15728,1809,true
21008,15729,1809,true
21009,15730,1809,true
21010,15731,1808,true
21011,15732,1808,true
21012,15733,1808,true
21013,15734,2645,false
21014,15735,1809,true
21015,15736,2645,false
21016,15737,2645,false
21017,15738,1808,false
21018,15738,1809,false
21019,15739,1809,true
21020,15740,1809,true
21021,15741,1808,true
21022,15742,1809,true
21023,15743,1808,false
21024,15743,1809,false
21025,15744,1809,true
21026,15745,1808,false
21027,15745,1809,false
21028,15746,1809,true
21029,15747,1809,true
21030,15748,1809,true
21031,15749,1808,true
21032,15750,1809,true
21033,15751,1808,true
21034,15752,1809,true
21035,15753,1809,true
21036,15754,1810,false
21037,15754,1812,true
21038,15755,1814,true
21039,15756,1815,true
21040,15757,1810,false
21041,15757,1811,false
21042,15757,1812,true
21043,15758,1811,true
21044,15759,1813,true
21045,15760,1810,false
21046,15760,1812,true
21047,15761,1810,false
21048,15761,1814,true
21049,15762,1814,true
21050,15763,1811,false
21051,15763,1812,false
21052,15764,1810,false
21053,15764,1815,true
21054,15765,1815,true
21055,15766,1810,false
21056,15766,1812,true
21057,15767,1811,false
21058,15767,1812,false
21059,15768,1811,true
21060,15769,2714,false
21061,15770,1813,true
21062,15771,1813,true
21063,15772,1812,true
21064,15773,2714,false
21065,15774,2714,false
21066,15775,2714,false
21067,15776,2714,false
21068,15777,1812,true
21069,15778,2714,false
21070,15779,1814,true
21071,15780,1814,true
21072,15781,2714,false
21073,15782,2714,false
21074,15783,2714,false
21075,15784,1811,false
21076,15784,1812,false
21077,15785,1815,true
21078,15786,1815,true
21079,15787,2714,false
21080,15788,1812,true
21081,15789,1810,false
21082,15789,1811,false
21083,15789,1813,false
21084,15790,1811,false
21085,15790,1812,false
21086,15791,1811,false
21087,15791,1812,false
21088,15792,1812,true
21089,15793,1811,true
21090,15794,1814,true
21091,15795,1811,false
21092,15795,1812,false
21093,15796,1815,true
21094,15797,1810,false
21095,15797,1811,false
21096,15798,1812,true
21097,15799,1810,false
21098,15799,1811,false
21099,15799,1813,false
21100,15800,1810,false
21101,15800,1811,false
21102,15800,1813,false
21103,15801,1816,true
21104,15802,1816,true
21105,15803,1816,true
21106,15804,1816,true
21107,15805,1816,true
21108,15805,1817,true
21109,15806,1817,true
21110,15807,1816,true
21111,15808,1816,true
21112,15809,1816,true
21113,15810,1816,false
21114,15810,1818,false
21115,15811,1816,true
21116,15812,1816,false
21117,15812,1817,false
21118,15813,1816,false
21119,15813,1817,false
21120,15814,1816,true
21121,15815,1816,true
21122,15816,1818,true
21123,15817,2646,false
21124,15818,1816,true
21125,15818,1817,true
21126,15819,1817,true
21127,15820,1816,true
21128,15821,1816,true
21129,15822,1816,true
21130,15823,1816,true
21131,15824,1816,true
21132,15825,1816,false
21133,15825,1818,false
21134,15826,1816,false
21135,15826,1818,false
21136,15827,1816,true
21137,15828,1816,false
21138,15828,1817,false
21139,15829,1816,false
21140,15829,1817,false
21141,15830,1817,true
21142,15831,1816,true
21143,15832,1816,true
21144,15833,1818,true
21145,15834,1816,true
21146,15835,1816,true
21147,15836,1817,true
21148,15837,1816,true
21149,15838,1816,true
21150,15839,1816,true
21151,15840,1816,true
21152,15841,1816,true
21153,15842,1816,true
21154,15843,1816,true
21155,15844,1816,false
21156,15844,1818,false
21157,15845,1816,false
21158,15845,1818,false
21159,15846,1816,true
21160,15847,1816,false
21161,15847,1817,false
21162,15848,1816,true
21163,15849,1816,true
21164,15850,1818,true
21165,15851,1818,true
21166,15852,1818,true
21167,15853,1818,false
21168,15854,1816,true
21169,15855,1817,true
21170,15856,1818,true
21171,15857,1816,true
21172,15858,1816,true
21173,15859,1816,true
21174,15860,1816,true
21175,15861,1816,true
21176,15862,1816,true
21177,15863,1816,true
21178,15864,1816,true
21179,15865,1816,true
21180,15866,1816,true
21181,15867,2646,false
21182,15868,2646,false
21183,15869,2646,false
21184,15870,1816,true
21185,15871,2646,false
21186,15872,2646,false
21187,15873,1816,true
21188,15874,1816,true
21189,15875,1816,true
21190,15876,1816,true
21191,15877,1816,true
21192,15878,1816,true
21193,15879,1816,true
21194,15880,1816,true
21195,15881,1816,true
21196,15882,1816,false
21197,15882,1817,false
21198,15882,1818,false
21199,15883,1818,true
21200,15884,2646,false
21201,15885,1818,true
21202,15886,2646,false
21203,15887,1817,true
21204,15888,1817,true
21205,15889,1817,true
21206,15890,1816,true
21207,15891,1816,true
21208,15892,1816,true
21209,15893,1816,true
21210,15894,1817,true
21211,15895,1816,false
21212,15895,1817,false
21213,15895,1818,false
21214,15896,1818,true
21215,15897,1818,false
21216,15898,1816,true
21217,15899,1816,true
21218,15900,1816,false
21219,15900,1817,false
21220,15900,1818,false
21221,15901,1816,false
21222,15901,1817,false
21223,15901,1818,false
21224,15902,1816,true
21225,15903,1817,true
21226,15904,1816,true
21227,15905,1816,true
21228,15906,1816,true
21229,15907,1816,true
21230,15908,1816,false
21231,15908,1817,false
21232,15909,1816,true
21233,15910,1816,true
21234,15911,1818,true
21235,15912,2647,false
21236,15913,1821,true
21237,15913,1827,true
21238,15914,1825,true
21239,15915,1833,true
21240,15916,1833,true
21241,15917,1830,true
21242,15917,1837,true
21243,15918,1830,true
21244,15919,2647,false
21245,15920,2647,false
21246,15921,1820,true
21247,15922,2647,false
21248,15923,2647,false
21249,15924,2647,false
21250,15925,2647,false
21251,15926,1824,true
21252,15927,2647,false
21253,15928,2647,false
21254,15929,1826,true
21255,15930,1825,false
21256,15930,1830,false
21257,15931,2647,false
21258,15932,2647,false
21259,15933,1828,true
21260,15934,1830,true
21261,15935,1830,true
21262,15936,2647,false
21263,15937,1831,true
21264,15938,2647,false
21265,15939,2647,false
21266,15940,1833,true
21267,15941,2647,false
21268,15942,1836,true
21269,15943,2647,false
21270,15944,1819,true
21271,15945,2647,false
21272,15946,1820,true
21273,15947,1820,true
21274,15948,1821,true
21275,15949,2647,false
21276,15950,1824,true
21277,15951,1824,true
21278,15952,1825,true
21279,15953,1826,true
21280,15954,1827,true
21281,15955,1828,true
21282,15956,1828,true
21283,15957,1830,true
21284,15958,1831,true
21285,15959,1832,true
21286,15960,1830,true
21287,15961,1833,true
21288,15962,1833,true
21289,15963,1835,true
21290,15964,1836,true
21291,15965,1827,true
21292,15966,1825,true
21293,15967,1833,true
21294,15968,1837,true
21295,15969,2647,false
21296,15970,2647,false
21297,15971,2647,false
21298,15972,1826,false
21299,15972,1831,false
21300,15973,2647,false
21301,15974,2647,false
21302,15975,2647,false
21303,15976,2647,false
21304,15977,2647,false
21305,15978,2647,false
21306,15979,2647,false
21307,15980,2647,false
21308,15981,2647,false
21309,15982,2647,false
21310,15983,2647,false
21311,15984,2647,false
21312,15985,2647,false
21313,15986,2647,false
21314,15987,2647,false
21315,15988,2647,false
21316,15989,2647,false
21317,15990,2647,false
21318,15991,2647,false
21319,15992,1825,false
21320,15992,1830,false
21321,15993,2647,false
21322,15994,2647,false
21323,15995,2647,false
21324,15996,2647,false
21325,15997,2647,false
21326,15998,2647,false
21327,15999,2647,false
21328,16000,2647,false
21329,16001,2647,false
21330,16002,2647,false
21331,16003,2647,false
21332,16004,2647,false
21333,16005,1830,true
21334,16006,2647,false
21335,16007,2647,false
21336,16008,2647,false
21337,16009,2647,false
21338,16010,2647,false
21339,16011,2647,false
21340,16012,2647,false
21341,16013,2647,false
21342,16014,2647,false
21343,16015,2647,false
21344,16016,2647,false
21345,16017,2647,false
21346,16018,2647,false
21347,16019,2647,false
21348,16020,2647,false
21349,16021,2647,false
21350,16022,2647,false
21351,16023,2647,false
21352,16024,2647,false
21353,16025,2647,false
21354,16026,2647,false
21355,16027,2647,false
21356,16028,2647,false
21357,16029,1835,true
21358,16030,2647,false
21359,16031,2647,false
21360,16032,2647,false
21361,16033,2647,false
21362,16034,2647,false
21363,16035,1830,false
21364,16036,2647,false
21365,16037,2647,false
21366,16038,2647,false
21367,16039,2647,false
21368,16040,1830,true
21369,16041,2647,false
21370,16042,1819,true
21371,16043,1830,true
21372,16044,1830,true
21373,16045,1835,true
21374,16046,1824,true
21375,16047,1837,true
21376,16048,1827,true
21377,16049,2647,false
21378,16050,1827,false
21379,16050,1830,false
21380,16050,1833,false
21381,16051,1820,true
21382,16051,1830,true
21383,16052,1830,true
21384,16053,1830,true
21385,16054,1830,true
21386,16055,1835,true
21387,16056,1830,true
21388,16057,1830,true
21389,16058,1835,true
21390,16059,1819,false
21391,16059,1820,false
21392,16059,1821,false
21393,16059,1823,false
21394,16059,1824,false
21395,16059,1825,false
21396,16059,1826,false
21397,16059,1827,false
21398,16059,1828,false
21399,16059,1830,false
21400,16059,1831,false
21401,16059,1832,false
21402,16059,1833,false
21403,16059,1835,false
21404,16059,1836,false
21405,16059,1837,false
21406,16060,1819,true
21407,16061,2647,false
21408,16062,1819,false
21409,16062,1820,false
21410,16062,1821,false
21411,16062,1823,false
21412,16062,1824,false
21413,16062,1825,false
21414,16062,1826,false
21415,16062,1827,false
21416,16062,1828,false
21417,16062,1830,false
21418,16062,1831,false
21419,16062,1832,false
21420,16062,1833,false
21421,16062,1835,false
21422,16062,1836,false
21423,16062,1837,false
21424,16063,1820,true
21425,16064,1820,true
21426,16065,1824,true
21427,16066,1827,true
21428,16067,1827,true
21429,16068,1828,true
21430,16069,1830,true
21431,16070,1833,true
21432,16071,1835,true
21433,16072,1835,true
21434,16073,1844,true
21435,16074,1844,true
21436,16075,1839,true
21437,16076,1839,true
21438,16077,1844,true
21439,16078,1839,true
21440,16079,1844,true
21441,16080,1843,true
21442,16081,1843,true
21443,16082,1840,true
21444,16083,1839,true
21445,16084,1838,true
21446,16085,1841,true
21447,16086,1842,true
21448,16087,1843,true
21449,16088,1844,true
21450,16089,1839,true
21451,16090,1838,true
21452,16091,1841,true
21453,16092,1842,true
21454,16093,1843,true
21455,16094,1844,true
21456,16095,1839,true
21457,16096,1838,true
21458,16097,1841,true
21459,16098,1842,true
21460,16099,1843,true
21461,16100,1844,true
21462,16101,1844,true
21463,16102,1839,true
21464,16103,1844,true
21465,16104,1844,true
21466,16105,1839,true
21467,16106,1840,true
21468,16107,1841,true
21469,16108,1841,true
21470,16109,1841,true
21471,16110,1841,true
21472,16111,1842,true
21473,16112,1844,true
21474,16113,1839,true
21475,16114,1839,true
21476,16115,1840,true
21477,16116,1838,true
21478,16117,1841,true
21479,16118,1842,true
21480,16119,1843,true
21481,16120,1838,false
21482,16120,1839,false
21483,16120,1840,false
21484,16120,1841,false
21485,16120,1842,false
21486,16120,1843,false
21487,16120,1844,false
21488,16121,1844,true
21489,16122,1844,true
21490,16123,1839,true
21491,16124,1842,true
21492,16125,1842,true
21493,16126,1842,true
21494,16127,1840,true
21495,16128,1838,false
21496,16128,1839,false
21497,16128,1840,false
21498,16128,1841,false
21499,16128,1842,false
21500,16128,1843,false
21501,16128,1844,false
21502,16129,1838,false
21503,16129,1839,false
21504,16129,1840,false
21505,16129,1841,false
21506,16129,1842,false
21507,16129,1843,false
21508,16129,1844,false
21509,16130,1839,true
21510,16131,1838,true
21511,16132,1841,true
21512,16133,1842,true
21513,16134,1843,true
21514,16135,1844,true
21515,16136,1844,true
21516,16137,1845,true
21517,16138,1845,true
21518,16139,1846,true
21519,16140,1846,true
21520,16141,1846,true
21521,16142,1846,true
21522,16143,1846,true
21523,16144,1846,true
21524,16145,1846,true
21525,16146,1847,true
21526,16147,1847,true
21527,16148,1847,true
21528,16149,1847,true
21529,16150,1847,true
21530,16151,1848,true
21531,16152,1849,true
21532,16152,1851,true
21533,16153,1850,true
21534,16154,1850,true
21535,16155,1848,true
21536,16155,1850,false
21537,16155,1851,true
21538,16156,1851,true
21539,16157,1848,true
21540,16158,1849,true
21541,16159,1850,true
21542,16160,1850,true
21543,16161,1851,true
21544,16162,1848,false
21545,16162,1851,false
21546,16162,1852,false
21547,16163,1851,true
21548,16164,2649,false
21549,16165,1848,true
21550,16166,1849,true
21551,16167,1850,true
21552,16168,1851,true
21553,16169,1852,true
21554,16170,1848,false
21555,16170,1851,false
21556,16170,1852,false
21557,16171,1851,true
21558,16172,1850,true
21559,16173,1848,true
21560,16174,1848,true
21561,16174,1850,false
21562,16174,1851,true
21563,16175,1848,true
21564,16176,2649,false
21565,16177,1849,true
21566,16178,1849,true
21567,16179,2649,false
21568,16180,1850,true
21569,16181,1850,true
21570,16182,1851,true
21571,16183,2649,false
21572,16184,2649,false
21573,16185,1848,true
21574,16186,1848,false
21575,16186,1849,false
21576,16186,1850,false
21577,16186,1851,false
21578,16186,1852,false
21579,16187,1848,false
21580,16187,1851,false
21581,16187,1852,false
21582,16188,1848,true
21583,16189,1849,true
21584,16190,1851,true
21585,16191,1849,true
21586,16192,1851,true
21587,16193,1848,false
21588,16193,1849,false
21589,16193,1850,false
21590,16193,1851,false
21591,16193,1852,false
21592,16194,1848,false
21593,16194,1849,false
21594,16194,1850,false
21595,16194,1851,false
21596,16194,1852,false
21597,16195,1851,true
21598,16195,1852,true
21599,16196,1849,true
21600,16197,1850,true
21601,16198,1851,true
21602,16199,1851,true
21603,16200,1854,true
21604,16201,1854,true
21605,16202,1853,true
21606,16202,1854,true
21607,16203,1854,true
21608,16204,1854,true
21609,16204,1855,true
21610,16205,1854,true
21611,16206,1853,true
21612,16207,1854,true
21613,16208,1853,true
21614,16209,1854,true
21615,16210,1854,true
21616,16211,1855,true
21617,16212,1854,true
21618,16213,1854,true
21619,16214,1854,true
21620,16215,1854,true
21621,16216,2815,false
21622,16217,1854,false
21623,16218,2815,false
21624,16219,1854,true
21625,16220,1854,true
21626,16221,1854,true
21627,16222,1854,false
21628,16223,1853,false
21629,16223,1854,false
21630,16223,1855,false
21631,16224,1854,true
21632,16225,1853,false
21633,16225,1854,false
21634,16225,1855,false
21635,16226,1853,false
21636,16226,1854,false
21637,16226,1855,false
21638,16227,1853,true
21639,16228,1854,true
21640,16229,1855,true
21641,16230,2716,false
21642,16231,1856,true
21643,16232,1857,true
21644,16233,2716,false
21645,16234,1856,true
21646,16235,1857,true
21647,16236,2716,false
21648,16237,1856,true
21649,16238,2716,false
21650,16239,1857,true
21651,16240,1856,true
21652,16241,2716,false
21653,16242,2716,false
21654,16243,2716,false
21655,16244,2716,false
21656,16245,1856,false
21657,16246,1856,true
21658,16247,1856,true
21659,16248,1856,true
21660,16249,1856,false
21661,16250,1856,false
21662,16251,2716,false
21663,16252,2498,false
21664,16253,2498,false
21665,16254,1858,false
21666,16254,1859,false
21667,16255,1858,true
21668,16256,1858,true
21669,16257,1859,true
21670,16258,1858,false
21671,16258,1859,false
21672,16259,1858,true
21673,16260,1858,true
21674,16261,2498,false
21675,16262,2498,false
21676,16263,1859,true
21677,16264,1859,true
21678,16265,1858,true
21679,16266,1858,true
21680,16267,2498,false
21681,16268,1859,true
21682,16269,2498,false
21683,16270,1858,false
21684,16270,1859,false
21685,16271,1858,true
21686,16272,1858,true
21687,16273,1858,true
21688,16274,1858,true
21689,16275,1859,true
21690,16276,1858,true
21691,16277,1860,false
21692,16277,1861,false
21693,16277,1862,false
21694,16277,1863,false
21695,16278,1860,true
21696,16278,1861,true
21697,16278,1863,true
21698,16279,1861,true
21699,16280,1861,true
21700,16281,1861,true
21701,16282,1861,true
21702,16282,1862,true
21703,16282,1863,true
21704,16283,1861,true
21705,16283,1863,true
21706,16284,1863,true
21707,16285,1860,true
21708,16286,1861,true
21709,16287,1862,true
21710,16288,1863,true
21711,16289,1863,true
21712,16290,1860,false
21713,16290,1861,false
21714,16290,1862,false
21715,16290,1863,false
21716,16291,2717,false
21717,16292,2717,false
21718,16293,2717,false
21719,16294,2717,false
21720,16295,1860,false
21721,16295,1861,false
21722,16295,1862,false
21723,16295,1863,false
21724,16296,1860,true
21725,16297,1861,true
21726,16298,1861,true
21727,16299,1863,true
21728,16300,1863,true
21729,16301,1860,true
21730,16302,1861,true
21731,16303,1862,true
21732,16304,1863,true
21733,16305,2650,false
21734,16306,1866,true
21735,16307,2650,false
21736,16308,2650,false
21737,16309,1865,true
21738,16310,1866,true
21739,16311,1867,true
21740,16312,2650,false
21741,16313,1868,true
21742,16314,2650,false
21743,16315,2650,false
21744,16316,1864,true
21745,16317,1866,true
21746,16318,1867,true
21747,16319,2650,false
21748,16320,1868,true
21749,16321,2650,false
21750,16322,1865,true
21751,16323,2650,false
21752,16324,2650,false
21753,16325,2650,false
21754,16326,2650,false
21755,16327,2650,false
21756,16328,1868,true
21757,16329,2650,false
21758,16330,2650,false
21759,16331,2650,false
21760,16332,1864,true
21761,16333,2650,false
21762,16334,2650,false
21763,16335,2650,false
21764,16336,2650,false
21765,16337,1866,true
21766,16338,2650,false
21767,16339,2650,false
21768,16340,1867,true
21769,16341,2650,false
21770,16342,2650,false
21771,16343,2650,false
21772,16344,2650,false
21773,16345,1868,true
21774,16346,2650,false
21775,16347,2650,false
21776,16348,2650,false
21777,16349,2650,false
21778,16350,2650,false
21779,16351,2650,false
21780,16352,2650,false
21781,16353,2650,false
21782,16354,2650,false
21783,16355,2650,false
21784,16356,2650,false
21785,16357,2650,false
21786,16358,2650,false
21787,16359,2650,false
21788,16360,2650,false
21789,16361,2650,false
21790,16362,2650,false
21791,16363,2650,false
21792,16364,2650,false
21793,16365,2650,false
21794,16366,2650,false
21795,16367,1864,false
21796,16367,1865,false
21797,16367,1866,false
21798,16367,1867,false
21799,16367,1868,false
21800,16368,2650,false
21801,16369,2650,false
21802,16370,2650,false
21803,16371,1864,false
21804,16371,1865,false
21805,16371,1866,false
21806,16371,1867,false
21807,16371,1868,false
21808,16372,2650,false
21809,16373,1864,false
21810,16373,1865,false
21811,16373,1866,false
21812,16373,1867,false
21813,16373,1868,false
21814,16374,1864,true
21815,16375,2650,false
21816,16376,1865,true
21817,16377,2650,false
21818,16378,1867,true
21819,16379,2650,false
21820,16380,2650,false
21821,16381,2650,false
21822,16382,2650,false
21823,16383,2650,false
21824,16384,2650,false
21825,16385,2650,false
21826,16386,2718,false
21827,16387,1872,true
21828,16388,2718,false
21829,16389,1871,false
21830,16389,1872,false
21831,16390,1872,true
21832,16391,1869,true
21833,16392,1871,true
21834,16393,1873,true
21835,16394,1869,true
21836,16395,1871,true
21837,16396,1872,true
21838,16397,1873,true
21839,16398,1874,true
21840,16399,2718,false
21841,16400,2718,false
21842,16401,2718,false
21843,16402,2718,false
21844,16403,2718,false
21845,16404,2718,false
21846,16405,1872,true
21847,16406,2718,false
21848,16407,1871,false
21849,16407,1872,false
21850,16408,1874,true
21851,16409,1872,true
21852,16410,1869,false
21853,16410,1870,false
21854,16410,1871,false
21855,16410,1872,false
21856,16410,1873,false
21857,16410,1874,false
21858,16411,1870,true
21859,16412,1869,false
21860,16412,1870,false
21861,16412,1871,false
21862,16412,1872,false
21863,16412,1873,false
21864,16412,1874,false
21865,16413,1869,false
21866,16413,1870,false
21867,16413,1871,false
21868,16413,1872,false
21869,16413,1873,false
21870,16413,1874,false
21871,16414,1871,true
21872,16415,1873,true
21873,16416,1874,true
21874,16417,2651,false
21875,16418,2651,false
21876,16419,2651,false
21877,16420,2651,false
21878,16421,2651,false
21879,16422,2651,false
21880,16423,2651,false
21881,16424,2651,false
21882,16425,2651,false
21883,16426,1875,true
21884,16427,2816,false
21885,16428,1875,true
21886,16429,1875,true
21887,16430,1875,true
21888,16431,1875,true
21889,16432,1875,true
21890,16433,1875,true
21891,16434,1875,true
21892,16435,1875,true
21893,16436,1875,true
21894,16437,1875,true
21895,16438,1875,true
21896,16439,1875,true
21897,16440,1875,false
21898,16441,1875,false
21899,16442,1875,true
21900,16443,1875,true
21901,16444,2816,false
21902,16445,1875,true
21903,16446,1875,true
21904,16447,1875,true
21905,16448,1875,true
21906,16449,1875,true
21907,16450,1875,true
21908,16451,1880,true
21909,16452,1880,true
21910,16453,1880,true
21911,16454,1880,true
21912,16455,1880,true
21913,16456,1878,true
21914,16457,1877,true
21915,16457,1880,true
21916,16458,2652,false
21917,16459,1880,true
21918,16460,1880,true
21919,16461,1876,true
21920,16461,1880,true
21921,16462,1880,true
21922,16463,1880,true
21923,16464,1880,true
21924,16465,1878,true
21925,16466,1879,true
21926,16467,1879,true
21927,16468,1880,true
21928,16469,1880,true
21929,16470,1876,true
21930,16470,1880,true
21931,16471,1880,true
21932,16472,1880,true
21933,16473,1880,true
21934,16474,1878,true
21935,16475,1879,true
21936,16476,1879,true
21937,16477,1880,true
21938,16478,1880,true
21939,16479,1880,true
21940,16480,1880,true
21941,16481,2652,false
21942,16482,1880,true
21943,16483,1880,true
21944,16484,1880,true
21945,16485,1880,true
21946,16486,1880,true
21947,16487,1880,true
21948,16488,1880,true
21949,16489,1880,true
21950,16490,1880,true
21951,16491,1880,true
21952,16492,1880,true
21953,16493,2652,false
21954,16494,1876,false
21955,16494,1878,false
21956,16494,1879,false
21957,16494,1880,false
21958,16495,2652,false
21959,16496,1880,true
21960,16497,1880,true
21961,16498,1880,true
21962,16499,1876,true
21963,16499,1880,true
21964,16500,1880,true
21965,16501,1878,true
21966,16502,1880,true
21967,16503,1880,true
21968,16504,1876,false
21969,16504,1878,false
21970,16504,1879,false
21971,16504,1880,false
21972,16505,1876,false
21973,16505,1878,false
21974,16505,1879,false
21975,16505,1880,false
21976,16506,1880,true
21977,16507,1880,true
21978,16508,1879,true
21979,16508,1880,false
21980,16509,1879,true
21981,16510,1880,true
21982,16511,1880,true
21983,16512,1882,true
21984,16513,1882,true
21985,16514,1882,true
21986,16515,1882,true
21987,16516,1882,true
21988,16517,1883,true
21989,16518,1885,true
21990,16519,1886,true
21991,16520,1882,true
21992,16520,1888,true
21993,16521,1881,true
21994,16521,1882,true
21995,16522,1882,true
21996,16523,1882,true
21997,16524,1883,true
21998,16525,1885,true
21999,16526,1886,true
22000,16527,1888,true
22001,16528,1881,true
22002,16528,1882,true
22003,16529,1882,true
22004,16530,2817,false
22005,16531,2817,false
22006,16532,1882,true
22007,16533,1883,true
22008,16534,1883,true
22009,16535,1885,true
22010,16536,1886,true
22011,16537,1886,true
22012,16538,1888,true
22013,16539,2817,false
22014,16540,1882,true
22015,16541,2817,false
22016,16542,1882,true
22017,16543,1882,true
22018,16544,1882,true
22019,16545,1882,true
22020,16546,2817,false
22021,16547,2817,false
22022,16548,1883,true
22023,16549,2817,false
22024,16550,2817,false
22025,16551,1882,true
22026,16552,2817,false
22027,16553,1882,true
22028,16554,1882,true
22029,16555,1882,true
22030,16556,2817,false
22031,16557,1882,true
22032,16558,1882,true
22033,16559,1882,true
22034,16559,1888,true
22035,16560,1882,false
22036,16560,1888,false
22037,16561,1882,false
22038,16561,1888,false
22039,16562,1882,true
22040,16563,1882,true
22041,16564,1882,true
22042,16565,1881,true
22043,16565,1882,true
22044,16566,1882,true
22045,16566,1883,true
22046,16567,1882,true
22047,16568,1883,true
22048,16569,1882,true
22049,16570,1882,true
22050,16571,1882,true
22051,16572,1885,true
22052,16573,1882,true
22053,16574,1882,true
22054,16575,1886,true
22055,16576,2499,false
22056,16577,2499,false
22057,16578,2499,false
22058,16579,1889,true
22059,16580,1891,true
22060,16581,1892,true
22061,16582,1889,true
22062,16583,1890,true
22063,16584,1891,true
22064,16585,1892,true
22065,16586,1889,true
22066,16587,2499,false
22067,16588,2499,false
22068,16589,1889,false
22069,16589,1891,false
22070,16589,1892,false
22071,16590,2499,false
22072,16591,1889,false
22073,16591,1891,false
22074,16591,1892,false
22075,16592,1889,false
22076,16592,1891,false
22077,16592,1892,false
22078,16593,1889,true
22079,16594,1893,true
22080,16595,1893,true
22081,16596,1894,true
22082,16597,1893,true
22083,16598,1893,true
22084,16599,1894,true
22085,16600,2500,false
22086,16601,1893,false
22087,16602,1893,true
22088,16603,1893,false
22089,16604,1893,false
22090,16605,1893,true
22091,16606,2653,false
22092,16607,2653,false
22093,16608,2653,false
22094,16609,2653,false
22095,16610,2653,false
22096,16611,2653,false
22097,16612,2653,false
22098,16613,2653,false
22099,16614,2653,false
22100,16615,2653,false
22101,16616,2653,false
22102,16617,2653,false
22103,16618,2653,false
22104,16619,2653,false
22105,16620,2653,false
22106,16621,2653,false
22107,16622,2653,false
22108,16623,2653,false
22109,16624,2653,false
22110,16625,2653,false
22111,16626,2653,false
22112,16627,2653,false
22113,16628,2653,false
22114,16629,2653,false
22115,16630,2653,false
22116,16631,2653,false
22117,16632,2653,false
22118,16633,2653,false
22119,16634,2653,false
22120,16635,2653,false
22121,16636,2653,false
22122,16637,2653,false
22123,16638,2653,false
22124,16639,2653,false
22125,16640,2653,false
22126,16641,2653,false
22127,16642,2653,false
22128,16643,2653,false
22129,16644,2653,false
22130,16645,1896,true
22131,16646,1896,true
22132,16646,1903,true
22133,16647,1901,true
22134,16648,1903,true
22135,16649,1895,true
22136,16649,1897,false
22137,16649,1899,true
22138,16649,1901,false
22139,16649,1902,true
22140,16650,1898,true
22141,16651,2654,false
22142,16652,1896,true
22143,16653,2654,false
22144,16654,2654,false
22145,16655,1895,true
22146,16656,1896,true
22147,16656,1897,false
22148,16656,1901,false
22149,16657,1897,true
22150,16658,1899,true
22151,16659,1901,true
22152,16660,1902,true
22153,16661,1903,true
22154,16662,1895,true
22155,16663,1896,true
22156,16664,2654,false
22157,16665,2654,false
22158,16666,1897,true
22159,16667,1898,true
22160,16668,1898,true
22161,16669,1899,true
22162,16670,1899,true
22163,16671,1900,true
22164,16672,2654,false
22165,16673,2654,false
22166,16674,1901,true
22167,16675,1902,true
22168,16676,1903,true
22169,16677,1896,true
22170,16678,1897,true
22171,16679,1896,true
22172,16680,1895,false
22173,16680,1896,false
22174,16680,1897,false
22175,16680,1899,false
22176,16680,1901,false
22177,16680,1902,false
22178,16680,1903,false
22179,16681,1900,true
22180,16682,1899,true
22181,16683,1895,false
22182,16683,1896,false
22183,16683,1897,false
22184,16683,1899,false
22185,16683,1900,false
22186,16683,1901,false
22187,16683,1902,false
22188,16683,1903,false
22189,16684,1895,false
22190,16684,1896,false
22191,16684,1897,false
22192,16684,1899,false
22193,16684,1901,false
22194,16684,1902,false
22195,16684,1903,false
22196,16685,1895,true
22197,16685,1903,true
22198,16686,1895,false
22199,16686,1896,true
22200,16686,1899,false
22201,16687,1897,true
22202,16687,1898,false
22203,16688,1899,true
22204,16689,1902,true
22205,16690,1903,true
22206,16691,2655,false
22207,16692,2655,false
22208,16693,2655,false
22209,16694,2655,false
22210,16695,2655,false
22211,16696,2655,false
22212,16697,2818,false
22213,16698,2818,false
22214,16699,2818,false
22215,16700,2818,false
22216,16701,2656,false
22217,16702,2656,false
22218,16703,2656,false
22219,16704,1905,true
22220,16705,1905,true
22221,16706,1905,true
22222,16707,1905,true
22223,16708,1905,true
22224,16709,1905,true
22225,16710,1905,true
22226,16711,1905,true
22227,16712,1905,true
22228,16713,1905,true
22229,16714,1905,true
22230,16715,1905,true
22231,16716,1905,true
22232,16717,1905,true
22233,16718,1905,true
22234,16719,1905,true
22235,16720,1905,true
22236,16721,1905,true
22237,16722,1905,true
22238,16723,1905,true
22239,16724,1905,true
22240,16725,1905,true
22241,16726,1905,true
22242,16727,1905,true
22243,16728,1905,true
22244,16729,1905,true
22245,16730,1905,true
22246,16731,1905,true
22247,16732,1905,true
22248,16733,1905,true
22249,16734,1905,true
22250,16735,1905,true
22251,16736,1905,true
22252,16737,1906,true
22253,16738,1909,true
22254,16739,1907,true
22255,16740,1907,true
22256,16741,1907,true
22257,16741,1908,true
22258,16742,1907,true
22259,16742,1909,true
22260,16743,1907,true
22261,16744,1907,true
22262,16745,1907,true
22263,16746,1908,true
22264,16747,1907,true
22265,16748,1907,true
22266,16749,1906,true
22267,16750,1907,true
22268,16751,1908,true
22269,16752,1907,true
22270,16753,1909,true
22271,16754,1907,true
22272,16755,1907,true
22273,16756,1907,true
22274,16757,1906,true
22275,16758,1908,true
22276,16759,1907,true
22277,16760,1909,true
22278,16761,1907,true
22279,16762,1907,true
22280,16763,1907,false
22281,16763,1908,false
22282,16764,1907,true
22283,16765,1907,true
22284,16766,1907,true
22285,16766,1908,true
22286,16767,1906,true
22287,16767,1907,true
22288,16768,1907,true
22289,16769,1907,true
22290,16769,1909,true
22291,16770,1907,true
22292,16771,1907,false
22293,16771,1908,false
22294,16772,1907,false
22295,16772,1908,false
22296,16773,1907,true
22297,16774,1907,true
22298,16775,1910,true
22299,16776,1916,true
22300,16777,1916,true
22301,16778,1912,true
22302,16779,1914,true
22303,16780,1916,true
22304,16781,1916,true
22305,16782,1912,true
22306,16783,1912,true
22307,16784,1913,true
22308,16785,1914,true
22309,16786,1916,true
22310,16787,1917,true
22311,16788,1916,true
22312,16789,1910,true
22313,16790,1912,true
22314,16791,1912,true
22315,16792,1912,true
22316,16793,1912,true
22317,16794,1913,true
22318,16795,1914,true
22319,16796,1915,true
22320,16797,1914,true
22321,16798,1916,true
22322,16799,1917,true
22323,16800,1916,true
22324,16801,1911,true
22325,16802,1910,true
22326,16803,1912,true
22327,16804,1916,true
22328,16805,1916,true
22329,16806,1916,true
22330,16807,1916,true
22331,16808,1916,true
22332,16809,1916,true
22333,16810,2821,false
22334,16811,1912,false
22335,16811,1913,false
22336,16811,1914,false
22337,16811,1915,false
22338,16811,1916,false
22339,16811,1917,false
22340,16812,1912,true
22341,16813,1916,true
22342,16814,1914,true
22343,16814,1915,false
22344,16815,1916,true
22345,16816,1914,true
22346,16817,1912,false
22347,16817,1913,false
22348,16817,1914,false
22349,16817,1915,false
22350,16817,1916,false
22351,16817,1917,false
22352,16818,1912,false
22353,16818,1913,false
22354,16818,1914,false
22355,16818,1915,false
22356,16818,1916,false
22357,16818,1917,false
22358,16819,1912,true
22359,16820,1912,true
22360,16821,1913,true
22361,16822,1916,true
22362,16823,1917,true
22363,16824,1918,true
22364,16824,1919,true
22365,16825,1918,true
22366,16825,1919,true
22367,16826,1918,true
22368,16827,1918,true
22369,16828,1918,true
22370,16829,1918,true
22371,16829,1919,true
22372,16830,1918,true
22373,16831,1918,true
22374,16831,1919,true
22375,16832,1918,true
22376,16832,1919,true
22377,16833,1918,true
22378,16834,2719,false
22379,16835,1918,true
22380,16835,1919,true
22381,16836,2719,false
22382,16837,1918,true
22383,16838,1918,true
22384,16838,1919,true
22385,16839,1918,true
22386,16839,1919,true
22387,16840,1922,true
22388,16841,2720,false
22389,16842,2720,false
22390,16843,1922,true
22391,16844,2720,false
22392,16845,1922,true
22393,16846,1921,true
22394,16847,1922,true
22395,16848,1923,true
22396,16849,1924,true
22397,16850,1921,true
22398,16851,1922,true
22399,16852,1920,true
22400,16853,1923,true
22401,16854,1923,true
22402,16855,2720,false
22403,16856,2720,false
22404,16857,2720,false
22405,16858,1921,false
22406,16858,1922,false
22407,16858,1923,false
22408,16859,2720,false
22409,16860,2720,false
22410,16861,1922,true
22411,16862,1921,false
22412,16862,1922,false
22413,16862,1923,false
22414,16863,1921,false
22415,16863,1922,false
22416,16863,1923,false
22417,16864,1921,true
22418,16865,1922,true
22419,16866,1923,true
22420,16867,1923,true
22421,16868,2658,false
22422,16869,1926,true
22423,16870,2658,false
22424,16871,2658,false
22425,16872,1926,true
22426,16873,1926,true
22427,16874,2658,false
22428,16875,1926,true
22429,16876,2658,false
22430,16877,2659,false
22431,16878,1927,true
22432,16879,1927,true
22433,16880,1929,true
22434,16881,1927,true
22435,16882,1927,true
22436,16883,1928,true
22437,16884,1927,true
22438,16885,1927,true
22439,16886,1927,true
22440,16887,2659,false
22441,16888,2659,false
22442,16889,2659,false
22443,16890,2659,false
22444,16891,1927,true
22445,16892,1927,true
22446,16893,1927,true
22447,16894,1927,true
22448,16895,1927,true
22449,16896,1927,true
22450,16897,1927,true
22451,16898,1927,true
22452,16899,2659,false
22453,16900,1930,true
22454,16901,1931,true
22455,16902,2721,false
22456,16903,2721,false
22457,16904,2721,false
22458,16905,2721,false
22459,16906,2721,false
22460,16907,2721,false
22461,16908,2721,false
22462,16909,2721,false
22463,16910,2721,false
22464,16911,2721,false
22465,16912,2721,false
22466,16913,2721,false
22467,16914,2721,false
22468,16915,1932,true
22469,16916,2721,false
22470,16917,1930,true
22471,16918,1931,true
22472,16919,2721,false
22473,16920,2721,false
22474,16921,2721,false
22475,16922,2721,false
22476,16923,2721,false
22477,16924,2721,false
22478,16925,2721,false
22479,16926,2721,false
22480,16927,2721,false
22481,16928,2721,false
22482,16929,2721,false
22483,16930,2721,false
22484,16931,2721,false
22485,16932,2721,false
22486,16933,2721,false
22487,16934,2721,false
22488,16935,2721,false
22489,16936,2721,false
22490,16937,2721,false
22491,16938,2721,false
22492,16939,2721,false
22493,16940,2721,false
22494,16941,2721,false
22495,16942,1930,true
22496,16943,1931,true
22497,16944,2721,false
22498,16945,2721,false
22499,16946,2721,false
22500,16947,2721,false
22501,16948,2721,false
22502,16949,2722,false
22503,16950,2722,false
22504,16951,1935,true
22505,16952,1934,true
22506,16953,1933,true
22507,16953,1934,true
22508,16953,1935,true
22509,16954,1935,true
22510,16955,1935,true
22511,16956,1933,true
22512,16957,2722,false
22513,16958,1935,true
22514,16959,1935,true
22515,16960,1935,true
22516,16961,2722,false
22517,16962,1935,false
22518,16963,1935,false
22519,16964,2722,false
22520,16965,1935,true
22521,16966,1935,true
22522,16967,1935,true
22523,16968,2722,false
22524,16969,2722,false
22525,16970,2722,false
22526,16971,1933,true
22527,16972,1935,true
22528,16973,1934,true
22529,16974,1935,true
22530,16975,1935,true
22531,16976,2722,false
22532,16977,2722,false
22533,16978,2722,false
22534,16979,1935,true
22535,16980,2722,false
22536,16981,2722,false
22537,16982,2722,false
22538,16983,2722,false
22539,16984,1933,true
22540,16985,1933,true
22541,16986,1935,true
22542,16987,1935,true
22543,16988,1935,true
22544,16989,1935,true
22545,16990,1935,true
22546,16991,1935,true
22547,16992,1935,true
22548,16993,1935,true
22549,16994,1935,true
22550,16995,1935,true
22551,16996,1935,true
22552,16997,2722,false
22553,16998,2722,false
22554,16999,2722,false
22555,17000,1935,true
22556,17001,2722,false
22557,17002,2722,false
22558,17003,2722,false
22559,17004,2722,false
22560,17005,2722,false
22561,17006,2722,false
22562,17007,2722,false
22563,17008,2722,false
22564,17009,2722,false
22565,17010,1933,true
22566,17011,1935,true
22567,17012,1935,true
22568,17013,1935,false
22569,17014,1935,false
22570,17015,1935,false
22571,17016,1935,false
22572,17017,1935,false
22573,17018,1935,false
22574,17019,1935,false
22575,17020,1933,true
22576,17021,1933,true
22577,17022,1935,true
22578,17023,1935,true
22579,17024,1935,true
22580,17025,1933,true
22581,17026,1934,true
22582,17027,1935,true
22583,17028,1935,true
22584,17029,1933,true
22585,17030,2722,false
22586,17031,1935,true
22587,17032,1935,true
22588,17033,1935,true
22589,17034,1933,true
22590,17035,1933,true
22591,17036,1935,true
22592,17037,1934,true
22593,17038,1935,true
22594,17039,2722,false
22595,17040,2722,false
22596,17041,2722,false
22597,17042,2722,false
22598,17043,2722,false
22599,17044,1935,false
22600,17045,2722,false
22601,17046,1933,true
22602,17047,1935,true
22603,17048,1935,true
22604,17049,1933,true
22605,17049,1934,true
22606,17049,1935,true
22607,17050,2722,false
22608,17051,2722,false
22609,17052,2722,false
22610,17053,2722,false
22611,17054,2722,false
22612,17055,2722,false
22613,17056,1933,true
22614,17057,1933,true
22615,17058,2722,false
22616,17059,2722,false
22617,17060,1933,true
22618,17060,1934,true
22619,17060,1935,true
22620,17061,2722,false
22621,17062,1935,true
22622,17063,1935,true
22623,17064,1935,true
22624,17065,1935,true
22625,17066,1933,true
22626,17067,1935,true
22627,17068,1933,true
22628,17069,1935,true
22629,17070,1934,true
22630,17071,1935,true
22631,17072,1935,true
22632,17073,1935,true
22633,17074,2722,false
22634,17075,2722,false
22635,17076,1935,true
22636,17077,2722,false
22637,17078,1935,true
22638,17079,1935,true
22639,17080,1939,true
22640,17080,1955,true
22641,17081,1940,true
22642,17082,1941,true
22643,17082,1955,true
22644,17083,1942,true
22645,17083,1946,true
22646,17084,1943,true
22647,17085,1944,true
22648,17085,1946,true
22649,17086,1944,true
22650,17086,1945,true
22651,17087,1946,true
22652,17088,1944,true
22653,17088,1947,true
22654,17089,1946,true
22655,17089,1948,true
22656,17090,1946,true
22657,17090,1950,true
22658,17091,1946,true
22659,17091,1951,true
22660,17092,1946,true
22661,17092,1953,true
22662,17093,1954,true
22663,17094,1946,true
22664,17094,1955,true
22665,17095,1955,true
22666,17096,1941,true
22667,17097,1944,true
22668,17098,1946,true
22669,17099,1948,true
22670,17100,1950,true
22671,17101,1951,true
22672,17102,1953,true
22673,17103,1954,true
22674,17104,1955,true
22675,17105,1938,true
22676,17106,1939,true
22677,17107,1940,true
22678,17108,1941,true
22679,17109,1942,true
22680,17110,1943,true
22681,17111,1944,true
22682,17112,1945,true
22683,17113,1946,true
22684,17114,1947,true
22685,17115,1948,true
22686,17116,1949,true
22687,17117,1950,true
22688,17118,1951,true
22689,17119,1952,true
22690,17120,1953,true
22691,17121,1954,true
22692,17122,1955,true
22693,17123,1955,true
22694,17124,1941,true
22695,17125,1943,true
22696,17126,1941,true
22697,17127,1941,true
22698,17128,1955,true
22699,17129,2501,false
22700,17130,2501,false
22701,17131,2501,false
22702,17132,2501,false
22703,17133,2501,false
22704,17134,2501,false
22705,17135,2501,false
22706,17136,2501,false
22707,17137,2501,false
22708,17138,2501,false
22709,17139,2501,false
22710,17140,2501,false
22711,17141,2501,false
22712,17142,2501,false
22713,17143,2501,false
22714,17144,2501,false
22715,17145,2501,false
22716,17146,2501,false
22717,17147,1939,false
22718,17147,1940,false
22719,17147,1941,false
22720,17147,1942,false
22721,17147,1944,false
22722,17147,1945,false
22723,17147,1946,false
22724,17147,1947,false
22725,17147,1948,false
22726,17147,1950,false
22727,17147,1953,false
22728,17147,1955,false
22729,17148,2501,false
22730,17149,1944,true
22731,17150,2501,false
22732,17151,1944,true
22733,17152,1944,true
22734,17153,1953,true
22735,17154,1953,true
22736,17155,1955,true
22737,17156,1939,false
22738,17156,1940,false
22739,17156,1941,false
22740,17156,1942,false
22741,17156,1944,false
22742,17156,1945,false
22743,17156,1946,false
22744,17156,1947,false
22745,17156,1948,false
22746,17156,1950,false
22747,17156,1953,false
22748,17156,1955,false
22749,17157,1939,false
22750,17157,1940,false
22751,17157,1941,false
22752,17157,1942,false
22753,17157,1944,false
22754,17157,1945,false
22755,17157,1946,false
22756,17157,1947,false
22757,17157,1948,false
22758,17157,1950,false
22759,17157,1953,false
22760,17157,1955,false
22761,17158,1941,true
22762,17159,1944,true
22763,17160,1951,true
22764,17161,1953,true
22765,17162,1955,true
22766,17163,1958,true
22767,17164,1956,true
22768,17165,1981,true
22769,17166,1956,true
22770,17167,1956,true
22771,17168,1981,true
22772,17169,1973,true
22773,17170,1981,true
22774,17171,1978,true
22775,17172,1956,true
22776,17173,1981,true
22777,17174,1981,true
22778,17175,1962,true
22779,17176,1962,true
22780,17177,1962,true
22781,17178,1962,true
22782,17179,1962,true
22783,17180,1956,true
22784,17181,1962,true
22785,17182,1960,true
22786,17183,1962,true
22787,17184,1981,true
22788,17185,1964,true
22789,17186,1965,true
22790,17187,1962,true
22791,17188,1981,true
22792,17189,1969,true
22793,17190,1981,true
22794,17191,1977,true
22795,17192,1980,true
22796,17193,1962,true
22797,17194,1981,true
22798,17195,1983,true
22799,17196,1962,true
22800,17197,1981,true
22801,17198,1962,true
22802,17199,1962,true
22803,17200,1962,true
22804,17201,1962,true
22805,17202,1962,true
22806,17203,1956,true
22807,17204,1957,true
22808,17205,1956,true
22809,17206,1958,true
22810,17207,1962,true
22811,17208,1960,true
22812,17209,1960,true
22813,17210,1961,true
22814,17211,1960,true
22815,17212,1960,true
22816,17213,1956,true
22817,17214,1963,true
22818,17215,1962,true
22819,17216,1981,true
22820,17217,1964,true
22821,17218,1965,true
22822,17219,1967,true
22823,17220,1956,true
22824,17221,1962,true
22825,17222,1968,true
22826,17223,1956,true
22827,17224,1956,true
22828,17225,1981,true
22829,17226,1969,true
22830,17227,1972,true
22831,17228,1970,true
22832,17229,1971,true
22833,17230,1969,true
22834,17231,1969,true
22835,17232,1969,true
22836,17233,1981,true
22837,17234,1977,true
22838,17235,1978,true
22839,17236,1980,true
22840,17237,1980,true
22841,17238,1980,true
22842,17239,1980,true
22843,17240,1980,true
22844,17241,1956,true
22845,17242,1962,true
22846,17243,1981,true
22847,17244,1983,true
22848,17245,1962,true
22849,17246,1981,true
22850,17247,1956,true
22851,17248,1956,false
22852,17248,1960,false
22853,17248,1969,false
22854,17248,1980,false
22855,17248,1981,false
22856,17249,1981,true
22857,17250,1982,true
22858,17251,1976,true
22859,17252,1965,true
22860,17253,1966,true
22861,17254,1959,true
22862,17255,1974,true
22863,17256,1975,true
22864,17257,1974,true
22865,17258,1956,false
22866,17258,1960,false
22867,17258,1969,false
22868,17258,1980,false
22869,17258,1981,false
22870,17259,1956,false
22871,17259,1960,false
22872,17259,1969,false
22873,17259,1980,false
22874,17259,1981,false
22875,17260,1962,true
22876,17261,1962,true
22877,17262,1962,true
22878,17263,1962,true
22879,17264,1962,true
22880,17265,1956,true
22881,17266,1962,true
22882,17267,1960,true
22883,17268,1962,true
22884,17269,1981,true
22885,17270,1964,true
22886,17271,1956,true
22887,17272,1962,true
22888,17273,1981,true
22889,17274,1969,true
22890,17275,1969,true
22891,17276,1981,true
22892,17277,1977,true
22893,17278,1980,true
22894,17279,1962,true
22895,17280,1981,true
22896,17281,1981,true
22897,17282,1962,true
22898,17283,1981,true
22899,17284,1984,true
22900,17285,1985,false
22901,17285,1986,false
22902,17286,1985,true
22903,17287,1986,false
22904,17288,1988,true
22905,17289,1988,false
22906,17290,1985,true
22907,17291,1985,true
22908,17292,1986,true
22909,17293,1988,true
22910,17294,2503,false
22911,17295,2503,false
22912,17296,1985,true
22913,17297,1985,true
22914,17298,2503,false
22915,17299,1986,true
22916,17300,2503,false
22917,17301,1987,true
22918,17302,2503,false
22919,17303,1988,true
22920,17304,1988,true
22921,17305,2503,false
22922,17306,2503,false
22923,17307,2503,false
22924,17308,2503,false
22925,17309,2503,false
22926,17310,1985,false
22927,17310,1986,false
22928,17310,1987,false
22929,17310,1988,false
22930,17311,2503,false
22931,17312,2503,false
22932,17313,1985,true
22933,17313,1986,false
22934,17314,1985,true
22935,17315,1985,true
22936,17316,1985,true
22937,17317,1986,true
22938,17318,2503,false
22939,17319,2503,false
22940,17320,1988,true
22941,17321,1988,true
22942,17322,1988,true
22943,17323,1985,false
22944,17323,1988,true
22945,17324,1985,false
22946,17324,1986,false
22947,17324,1987,false
22948,17324,1988,false
22949,17325,1985,false
22950,17325,1986,false
22951,17325,1987,false
22952,17325,1988,false
22953,17326,1985,true
22954,17327,2504,false
22955,17328,2504,false
22956,17329,2504,false
22957,17330,2504,false
22958,17331,2504,false
22959,17332,2504,false
22960,17333,2504,false
22961,17334,2504,false
22962,17335,1989,true
22963,17336,2505,false
22964,17337,1989,true
22965,17338,2505,false
22966,17339,2505,false
22967,17340,2505,false
22968,17341,1989,true
22969,17342,1989,false
22970,17343,1989,false
22971,17344,1989,false
22972,17345,1992,true
22973,17346,1992,true
22974,17346,1996,true
22975,17347,1992,true
22976,17347,1996,true
22977,17348,1992,true
22978,17348,2000,true
22979,17349,1992,true
22980,17350,1992,true
22981,17351,1992,true
22982,17351,1996,true
22983,17352,1992,true
22984,17352,2001,true
22985,17353,2724,false
22986,17354,1992,true
22987,17355,1992,true
22988,17356,1992,true
22989,17356,1996,true
22990,17357,1992,true
22991,17358,1992,true
22992,17359,1992,true
22993,17360,1992,true
22994,17361,1992,true
22995,17362,1992,true
22996,17363,1992,true
22997,17364,1992,true
22998,17365,1992,true
22999,17366,1992,true
23000,17367,1992,true
23001,17367,1993,true
23002,17368,1992,true
23003,17369,1992,true
23004,17369,1994,true
23005,17370,1992,true
23006,17370,1995,true
23007,17370,1996,true
23008,17371,1992,true
23009,17371,1996,true
23010,17372,1992,true
23011,17372,1996,true
23012,17373,1992,true
23013,17373,1997,true
23014,17374,1992,true
23015,17374,1998,true
23016,17375,1992,true
23017,17375,1999,true
23018,17376,1992,true
23019,17377,1992,true
23020,17377,2001,true
23021,17378,1992,true
23022,17379,1992,true
23023,17380,1992,true
23024,17381,1992,true
23025,17381,1993,true
23026,17382,1992,true
23027,17382,1994,true
23028,17383,1992,true
23029,17383,1995,true
23030,17383,1996,true
23031,17384,1992,true
23032,17384,1996,true
23033,17385,1992,true
23034,17385,1996,true
23035,17386,1992,true
23036,17386,1996,true
23037,17387,1992,true
23038,17387,1997,true
23039,17388,1992,true
23040,17389,1992,true
23041,17389,1998,true
23042,17390,1992,true
23043,17391,1992,true
23044,17391,1999,true
23045,17392,1992,true
23046,17393,1992,true
23047,17393,2001,true
23048,17394,2724,false
23049,17395,1992,true
23050,17396,1992,true
23051,17397,1992,true
23052,17398,1992,true
23053,17399,1992,true
23054,17399,1995,true
23055,17399,1996,true
23056,17400,1992,true
23057,17400,1996,true
23058,17401,1992,true
23059,17401,1996,true
23060,17402,1992,true
23061,17402,1996,true
23062,17403,1992,true
23063,17404,1992,true
23064,17405,1992,true
23065,17406,1992,true
23066,17406,1998,true
23067,17407,2724,false
23068,17408,2724,false
23069,17409,1992,true
23070,17410,1992,true
23071,17411,1992,true
23072,17412,1992,false
23073,17412,1993,false
23074,17412,1994,false
23075,17412,1995,false
23076,17412,1996,false
23077,17412,1997,false
23078,17412,1998,false
23079,17412,1999,false
23080,17412,2001,false
23081,17413,1992,true
23082,17414,1992,true
23083,17415,1992,true
23084,17415,1996,true
23085,17416,1992,true
23086,17417,1992,true
23087,17417,1995,true
23088,17417,1996,true
23089,17418,1992,true
23090,17418,1997,true
23091,17419,1992,true
23092,17419,1995,true
23093,17419,1996,true
23094,17420,1992,false
23095,17420,1993,false
23096,17420,1994,false
23097,17420,1995,false
23098,17420,1996,false
23099,17420,1997,false
23100,17420,1998,false
23101,17420,1999,false
23102,17420,2001,false
23103,17421,1992,false
23104,17421,1993,false
23105,17421,1994,false
23106,17421,1995,false
23107,17421,1996,false
23108,17421,1997,false
23109,17421,1998,false
23110,17421,1999,false
23111,17421,2001,false
23112,17422,1992,true
23113,17423,1992,true
23114,17424,1992,true
23115,17424,1993,true
23116,17425,1992,true
23117,17425,1994,true
23118,17426,1992,true
23119,17426,1995,true
23120,17426,1996,true
23121,17427,1992,true
23122,17427,1996,true
23123,17428,1992,true
23124,17428,1997,true
23125,17429,1992,true
23126,17429,1998,true
23127,17430,1992,true
23128,17430,1999,true
23129,17431,1992,true
23130,17431,2000,true
23131,17432,1992,true
23132,17433,1992,true
23133,17433,2001,true
23134,17434,2003,true
23135,17435,2002,false
23136,17435,2003,false
23137,17436,2002,true
23138,17437,2002,true
23139,17438,2002,true
23140,17439,2002,false
23141,17439,2003,false
23142,17440,2002,true
23143,17441,2002,false
23144,17441,2003,false
23145,17442,2002,false
23146,17442,2003,false
23147,17443,2002,false
23148,17443,2003,false
23149,17444,2003,true
23150,17445,2002,false
23151,17445,2003,false
23152,17446,2004,true
23153,17447,2002,false
23154,17447,2003,false
23155,17448,2002,false
23156,17448,2003,false
23157,17449,2004,true
23158,17450,2004,true
23159,17451,2003,false
23160,17451,2004,false
23161,17452,2002,true
23162,17453,2002,true
23163,17454,2004,true
23164,17455,2002,true
23165,17456,2003,false
23166,17456,2004,false
23167,17457,2002,true
23168,17458,2002,false
23169,17458,2003,false
23170,17459,2002,false
23171,17459,2004,false
23172,17460,2003,false
23173,17460,2004,false
23174,17461,2003,false
23175,17461,2004,false
23176,17462,2002,false
23177,17462,2003,false
23178,17463,2003,true
23179,17464,2002,false
23180,17464,2003,false
23181,17465,2002,false
23182,17465,2003,false
23183,17466,2004,true
23184,17467,2004,true
23185,17468,2005,false
23186,17469,2005,false
23187,17470,2506,false
23188,17471,2005,false
23189,17472,2014,true
23190,17473,2507,false
23191,17474,2006,true
23192,17475,2507,false
23193,17476,2007,true
23194,17477,2507,false
23195,17478,2008,true
23196,17479,2507,false
23197,17480,2507,false
23198,17481,2013,true
23199,17482,2011,true
23200,17483,2507,false
23201,17484,2013,true
23202,17485,2014,true
23203,17486,2014,true
23204,17487,2507,false
23205,17488,2507,false
23206,17489,2014,true
23207,17490,2006,true
23208,17491,2006,true
23209,17492,2007,true
23210,17493,2007,true
23211,17494,2008,true
23212,17495,2008,true
23213,17496,2009,true
23214,17497,2010,true
23215,17498,2011,true
23216,17499,2011,true
23217,17499,2012,true
23218,17500,2013,true
23219,17501,2013,true
23220,17502,2014,true
23221,17503,2014,true
23222,17504,2015,true
23223,17505,2006,true
23224,17506,2007,true
23225,17507,2008,true
23226,17508,2009,true
23227,17509,2010,true
23228,17510,2011,true
23229,17511,2011,true
23230,17511,2012,true
23231,17512,2011,true
23232,17513,2013,true
23233,17514,2013,true
23234,17515,2014,true
23235,17516,2016,true
23236,17517,2015,true
23237,17518,2016,true
23238,17519,2016,true
23239,17520,2006,true
23240,17521,2507,false
23241,17522,2007,true
23242,17523,2507,false
23243,17524,2008,true
23244,17525,2507,false
23245,17526,2507,false
23246,17527,2507,false
23247,17528,2011,true
23248,17529,2013,true
23249,17530,2013,true
23250,17531,2507,false
23251,17532,2014,true
23252,17533,2013,true
23253,17534,2016,true
23254,17535,2009,true
23255,17536,2013,true
23256,17537,2016,true
23257,17538,2507,false
23258,17539,2016,true
23259,17540,2009,true
23260,17541,2009,true
23261,17542,2009,true
23262,17543,2013,true
23263,17544,2014,true
23264,17545,2009,true
23265,17546,2013,true
23266,17547,2013,true
23267,17548,2013,true
23268,17549,2507,false
23269,17550,2016,true
23270,17551,2013,true
23271,17552,2013,true
23272,17553,2009,false
23273,17553,2010,false
23274,17553,2011,false
23275,17553,2012,false
23276,17553,2013,false
23277,17553,2014,false
23278,17553,2015,false
23279,17553,2016,false
23280,17554,2009,false
23281,17554,2010,false
23282,17554,2011,false
23283,17554,2012,false
23284,17554,2013,false
23285,17554,2014,false
23286,17554,2015,false
23287,17554,2016,false
23288,17555,2006,true
23289,17556,2007,true
23290,17557,2008,true
23291,17558,2009,true
23292,17559,2011,true
23293,17560,2013,true
23294,17561,2014,true
23295,17562,2014,true
23296,17563,2015,true
23297,17564,2016,true
23298,17565,2016,true
23299,17566,2019,true
23300,17567,2018,true
23301,17568,2018,true
23302,17569,2019,true
23303,17570,2018,true
23304,17571,2018,true
23305,17572,2018,true
23306,17573,2018,true
23307,17574,2018,true
23308,17575,2018,true
23309,17576,2019,true
23310,17577,2508,false
23311,17578,2018,true
23312,17579,2508,false
23313,17580,2017,false
23314,17580,2018,false
23315,17580,2019,false
23316,17580,2020,false
23317,17581,2020,true
23318,17582,2020,true
23319,17583,2020,true
23320,17584,2020,true
23321,17585,2020,true
23322,17586,2020,true
23323,17587,2020,true
23324,17588,2020,true
23325,17589,2017,false
23326,17589,2020,false
23327,17590,2020,true
23328,17591,2020,true
23329,17592,2018,true
23330,17593,2019,true
23331,17594,2017,false
23332,17594,2018,false
23333,17594,2019,false
23334,17594,2020,false
23335,17595,2017,false
23336,17595,2018,false
23337,17595,2019,false
23338,17595,2020,false
23339,17596,2018,true
23340,17597,2018,true
23341,17598,2056,true
23342,17599,2048,true
23343,17600,2056,true
23344,17601,2049,true
23345,17602,2047,true
23346,17603,2822,false
23347,17604,2822,false
23348,17605,2022,true
23349,17606,2023,true
23350,17607,2024,true
23351,17608,2026,true
23352,17609,2033,true
23353,17610,2035,true
23354,17611,2036,true
23355,17612,2039,true
23356,17613,2822,false
23357,17614,2040,true
23358,17615,2044,true
23359,17616,2045,true
23360,17617,2024,false
23361,17617,2036,false
23362,17617,2038,false
23363,17617,2045,true
23364,17618,2046,true
23365,17619,2046,true
23366,17620,2029,true
23367,17621,2047,true
23368,17622,2039,true
23369,17622,2048,true
23370,17623,2049,true
23371,17624,2050,true
23372,17625,2822,false
23373,17626,2052,true
23374,17627,2822,false
23375,17628,2053,true
23376,17629,2054,true
23377,17630,2054,true
23378,17631,2055,true
23379,17632,2055,true
23380,17633,2038,true
23381,17634,2056,true
23382,17635,2822,false
23383,17636,2822,false
23384,17637,2034,true
23385,17638,2021,true
23386,17639,2022,true
23387,17640,2023,true
23388,17641,2024,true
23389,17642,2025,true
23390,17643,2026,true
23391,17644,2033,true
23392,17645,2822,false
23393,17646,2822,false
23394,17647,2036,true
23395,17648,2038,true
23396,17649,2038,true
23397,17650,2039,true
23398,17651,2822,false
23399,17652,2040,true
23400,17653,2044,true
23401,17654,2045,true
23402,17655,2024,false
23403,17655,2036,false
23404,17655,2038,false
23405,17655,2045,true
23406,17656,2046,true
23407,17657,2046,true
23408,17658,2029,true
23409,17659,2822,false
23410,17660,2048,true
23411,17661,2049,true
23412,17662,2050,true
23413,17663,2051,true
23414,17664,2052,true
23415,17665,2822,false
23416,17666,2822,false
23417,17667,2053,true
23418,17668,2054,true
23419,17669,2054,true
23420,17670,2055,true
23421,17671,2055,true
23422,17672,2056,true
23423,17673,2056,true
23424,17674,2057,true
23425,17675,2057,true
23426,17676,2057,true
23427,17677,2058,true
23428,17678,2822,false
23429,17679,2034,true
23430,17680,2822,false
23431,17681,2021,true
23432,17682,2022,true
23433,17683,2022,true
23434,17684,2023,true
23435,17685,2023,true
23436,17686,2024,true
23437,17687,2024,true
23438,17688,2025,true
23439,17689,2025,true
23440,17690,2026,true
23441,17691,2027,true
23442,17692,2028,true
23443,17693,2032,true
23444,17694,2033,true
23445,17695,2822,false
23446,17696,2033,true
23447,17697,2035,true
23448,17698,2036,true
23449,17699,2036,true
23450,17700,2037,true
23451,17701,2037,true
23452,17702,2822,false
23453,17703,2038,true
23454,17704,2038,true
23455,17705,2038,true
23456,17706,2039,true
23457,17707,2039,true
23458,17708,2822,false
23459,17709,2040,true
23460,17710,2044,true
23461,17711,2045,true
23462,17712,2045,true
23463,17713,2045,true
23464,17714,2046,true
23465,17715,2046,true
23466,17716,2029,true
23467,17717,2047,true
23468,17718,2822,false
23469,17719,2822,false
23470,17720,2048,true
23471,17721,2048,true
23472,17722,2049,true
23473,17723,2050,true
23474,17724,2051,true
23475,17725,2822,false
23476,17726,2822,false
23477,17727,2052,true
23478,17728,2822,false
23479,17729,2822,false
23480,17730,2053,true
23481,17731,2053,true
23482,17732,2054,true
23483,17733,2054,true
23484,17734,2054,true
23485,17735,2055,true
23486,17736,2055,true
23487,17737,2055,true
23488,17738,2056,true
23489,17739,2056,true
23490,17740,2056,true
23491,17741,2056,true
23492,17742,2057,true
23493,17743,2058,true
23494,17744,2036,false
23495,17744,2050,true
23496,17744,2055,false
23497,17744,2056,false
23498,17745,2057,true
23499,17746,2822,false
23500,17747,2036,true
23501,17748,2044,true
23502,17749,2044,true
23503,17750,2057,true
23504,17751,2822,false
23505,17752,2822,false
23506,17753,2023,true
23507,17754,2024,true
23508,17755,2026,true
23509,17756,2025,true
23510,17757,2027,true
23511,17758,2028,true
23512,17759,2822,false
23513,17760,2822,false
23514,17761,2036,true
23515,17762,2036,true
23516,17763,2822,false
23517,17764,2822,false
23518,17765,2040,true
23519,17766,2822,false
23520,17767,2045,true
23521,17768,2045,true
23522,17769,2024,false
23523,17769,2036,false
23524,17769,2038,false
23525,17769,2039,false
23526,17769,2056,false
23527,17770,2046,true
23528,17771,2046,true
23529,17772,2029,true
23530,17773,2029,true
23531,17774,2822,false
23532,17775,2822,false
23533,17776,2822,false
23534,17777,2049,true
23535,17778,2822,false
23536,17779,2822,false
23537,17780,2822,false
23538,17781,2822,false
23539,17782,2057,true
23540,17783,2053,true
23541,17784,2822,false
23542,17785,2022,false
23543,17785,2024,false
23544,17785,2025,false
23545,17785,2033,false
23546,17785,2034,false
23547,17785,2035,false
23548,17785,2036,false
23549,17785,2038,false
23550,17785,2039,false
23551,17785,2040,false
23552,17785,2041,false
23553,17785,2044,false
23554,17785,2045,false
23555,17785,2050,false
23556,17785,2051,false
23557,17785,2054,false
23558,17785,2055,false
23559,17785,2056,false
23560,17785,2057,false
23561,17785,2058,false
23562,17786,2054,true
23563,17787,2054,true
23564,17788,2054,true
23565,17789,2055,true
23566,17790,2055,true
23567,17791,2055,true
23568,17792,2822,false
23569,17793,2822,false
23570,17794,2822,false
23571,17795,2057,true
23572,17796,2057,true
23573,17797,2822,false
23574,17798,2036,false
23575,17798,2056,false
23576,17799,2038,true
23577,17800,2057,true
23578,17801,2024,true
23579,17802,2022,true
23580,17803,2023,true
23581,17804,2024,true
23582,17805,2025,true
23583,17806,2036,true
23584,17807,2038,true
23585,17808,2039,true
23586,17809,2822,false
23587,17810,2045,true
23588,17811,2046,true
23589,17812,2048,true
23590,17813,2822,false
23591,17814,2056,true
23592,17815,2027,true
23593,17816,2028,true
23594,17817,2030,true
23595,17818,2037,true
23596,17819,2822,false
23597,17820,2022,false
23598,17820,2024,false
23599,17820,2025,false
23600,17820,2033,false
23601,17820,2034,false
23602,17820,2035,false
23603,17820,2036,false
23604,17820,2038,false
23605,17820,2039,false
23606,17820,2040,false
23607,17820,2041,false
23608,17820,2044,false
23609,17820,2045,false
23610,17820,2047,false
23611,17820,2050,false
23612,17820,2051,false
23613,17820,2054,false
23614,17820,2055,false
23615,17820,2056,false
23616,17820,2057,false
23617,17820,2058,false
23618,17821,2022,false
23619,17821,2024,false
23620,17821,2025,false
23621,17821,2033,false
23622,17821,2034,false
23623,17821,2035,false
23624,17821,2036,false
23625,17821,2038,false
23626,17821,2039,false
23627,17821,2040,false
23628,17821,2041,false
23629,17821,2044,false
23630,17821,2045,false
23631,17821,2047,false
23632,17821,2050,false
23633,17821,2051,false
23634,17821,2054,false
23635,17821,2055,false
23636,17821,2056,false
23637,17821,2057,false
23638,17821,2058,false
23639,17822,2822,false
23640,17823,2034,true
23641,17824,2822,false
23642,17825,2022,true
23643,17826,2022,true
23644,17827,2023,true
23645,17828,2023,true
23646,17829,2024,true
23647,17830,2024,true
23648,17831,2025,true
23649,17832,2822,false
23650,17833,2026,true
23651,17834,2033,true
23652,17835,2822,false
23653,17836,2033,true
23654,17837,2035,true
23655,17838,2036,true
23656,17839,2036,true
23657,17840,2036,true
23658,17841,2036,true
23659,17842,2822,false
23660,17843,2038,true
23661,17843,2039,false
23662,17844,2038,true
23663,17845,2039,true
23664,17846,2039,true
23665,17847,2822,false
23666,17848,2040,true
23667,17849,2044,true
23668,17850,2044,true
23669,17851,2045,true
23670,17852,2045,true
23671,17853,2046,true
23672,17854,2029,true
23673,17855,2822,false
23674,17856,2822,false
23675,17857,2822,false
23676,17858,2048,true
23677,17859,2048,true
23678,17860,2049,true
23679,17861,2051,true
23680,17862,2822,false
23681,17863,2822,false
23682,17864,2822,false
23683,17865,2052,true
23684,17866,2822,false
23685,17867,2822,false
23686,17868,2057,true
23687,17869,2822,false
23688,17870,2053,true
23689,17871,2053,true
23690,17872,2053,true
23691,17873,2054,true
23692,17874,2054,true
23693,17875,2054,true
23694,17876,2055,true
23695,17877,2055,true
23696,17878,2055,true
23697,17879,2038,false
23698,17879,2056,true
23699,17880,2056,true
23700,17881,2056,true
23701,17882,2057,true
23702,17883,2057,true
23703,17884,2058,true
23704,17885,2061,true
23705,17886,2066,true
23706,17887,2068,true
23707,17888,2059,false
23708,17888,2060,false
23709,17888,2061,false
23710,17888,2062,false
23711,17888,2063,false
23712,17888,2064,false
23713,17888,2065,false
23714,17888,2066,false
23715,17888,2067,false
23716,17888,2068,false
23717,17888,2069,false
23718,17888,2070,false
23719,17888,2071,false
23720,17888,2072,false
23721,17888,2073,false
23722,17888,2074,false
23723,17888,2075,false
23724,17888,2076,false
23725,17888,2077,false
23726,17888,2078,false
23727,17888,2079,false
23728,17888,2080,false
23729,17888,2081,false
23730,17888,2082,false
23731,17889,2061,false
23732,17889,2066,false
23733,17890,2076,true
23734,17891,2061,true
23735,17892,2660,false
23736,17893,2064,true
23737,17894,2065,true
23738,17895,2072,true
23739,17896,2078,true
23740,17897,2071,true
23741,17898,2061,false
23742,17898,2064,false
23743,17898,2066,false
23744,17898,2067,true
23745,17898,2072,false
23746,17899,2060,true
23747,17900,2061,true
23748,17900,2064,true
23749,17900,2066,false
23750,17900,2069,false
23751,17900,2071,true
23752,17900,2080,true
23753,17901,2061,true
23754,17901,2063,true
23755,17902,2064,true
23756,17903,2061,true
23757,17903,2065,true
23758,17904,2061,false
23759,17904,2066,true
23760,17904,2071,false
23761,17904,2072,false
23762,17904,2076,false
23763,17904,2080,false
23764,17905,2061,true
23765,17905,2066,true
23766,17905,2071,true
23767,17905,2072,true
23768,17905,2080,true
23769,17906,2072,true
23770,17907,2660,false
23771,17908,2073,true
23772,17908,2074,true
23773,17909,2076,true
23774,17910,2061,true
23775,17910,2077,true
23776,17911,2066,true
23777,17911,2078,true
23778,17912,2080,true
23779,17913,2068,true
23780,17914,2061,true
23781,17914,2069,true
23782,17915,2061,true
23783,17915,2066,false
23784,17915,2070,true
23785,17916,2071,true
23786,17917,2066,true
23787,17917,2082,true
23788,17918,2067,true
23789,17919,2060,true
23790,17920,2061,true
23791,17920,2065,true
23792,17921,2062,true
23793,17922,2063,true
23794,17923,2064,true
23795,17924,2065,true
23796,17925,2066,true
23797,17926,2059,true
23798,17927,2072,true
23799,17928,2073,true
23800,17929,2074,true
23801,17930,2076,true
23802,17931,2077,true
23803,17932,2078,true
23804,17933,2080,true
23805,17934,2068,true
23806,17935,2069,true
23807,17936,2070,true
23808,17937,2071,true
23809,17938,2066,true
23810,17938,2082,true
23811,17939,2061,true
23812,17939,2066,true
23813,17939,2073,true
23814,17939,2081,true
23815,17940,2660,false
23816,17941,2067,false
23817,17942,2660,false
23818,17943,2061,false
23819,17943,2062,false
23820,17944,2061,true
23821,17945,2061,false
23822,17945,2063,false
23823,17946,2064,false
23824,17947,2064,true
23825,17948,2065,true
23826,17949,2061,false
23827,17949,2065,false
23828,17950,2061,false
23829,17951,2660,false
23830,17952,2059,false
23831,17952,2066,false
23832,17953,2066,false
23833,17954,2066,true
23834,17955,2660,false
23835,17956,2072,false
23836,17957,2072,true
23837,17958,2073,false
23838,17959,2073,false
23839,17959,2074,false
23840,17960,2073,true
23841,17961,2073,true
23842,17961,2081,true
23843,17962,2660,false
23844,17963,2076,false
23845,17964,2077,false
23846,17965,2078,true
23847,17966,2066,false
23848,17966,2078,false
23849,17966,2079,false
23850,17967,2066,false
23851,17967,2078,false
23852,17968,2080,false
23853,17969,2660,false
23854,17970,2660,false
23855,17971,2660,false
23856,17972,2068,false
23857,17973,2660,false
23858,17974,2061,false
23859,17974,2065,false
23860,17974,2078,false
23861,17975,2069,false
23862,17976,2070,false
23863,17977,2660,false
23864,17978,2071,false
23865,17979,2660,false
23866,17980,2061,false
23867,17980,2066,false
23868,17981,2075,false
23869,17982,2660,false
23870,17983,2660,false
23871,17984,2066,false
23872,17984,2082,false
23873,17985,2066,true
23874,17986,2061,true
23875,17987,2066,true
23876,17988,2066,true
23877,17989,2061,true
23878,17990,2061,true
23879,17990,2066,false
23880,17991,2061,true
23881,17991,2069,true
23882,17992,2059,false
23883,17992,2060,false
23884,17992,2061,false
23885,17992,2062,false
23886,17992,2063,false
23887,17992,2064,false
23888,17992,2065,false
23889,17992,2066,false
23890,17992,2068,false
23891,17992,2069,false
23892,17992,2070,false
23893,17992,2071,false
23894,17992,2072,false
23895,17992,2073,false
23896,17992,2074,false
23897,17992,2075,false
23898,17992,2076,false
23899,17992,2077,false
23900,17992,2078,false
23901,17992,2079,false
23902,17992,2080,false
23903,17992,2081,false
23904,17992,2082,false
23905,17993,2066,true
23906,17994,2660,false
23907,17995,2061,true
23908,17996,2060,true
23909,17997,2061,true
23910,17997,2064,false
23911,17997,2071,false
23912,17997,2072,false
23913,17998,2063,true
23914,17999,2064,true
23915,18000,2065,true
23916,18001,2066,true
23917,18001,2071,false
23918,18001,2072,false
23919,18001,2076,false
23920,18001,2080,false
23921,18002,2072,true
23922,18003,2073,true
23923,18004,2074,true
23924,18005,2081,true
23925,18006,2660,false
23926,18007,2077,true
23927,18008,2071,false
23928,18008,2078,true
23929,18009,2078,true
23930,18010,2080,true
23931,18011,2068,true
23932,18012,2069,true
23933,18013,2070,true
23934,18014,2071,true
23935,18015,2066,true
23936,18015,2082,true
23937,18016,2066,true
23938,18017,2061,true
23939,18018,2075,true
23940,18019,2061,true
23941,18020,2066,true
23942,18021,2077,true
23943,18022,2066,false
23944,18022,2081,true
23945,18023,2061,true
23946,18023,2069,true
23947,18024,2061,true
23948,18025,2066,true
23949,18026,2068,true
23950,18027,2059,false
23951,18027,2060,false
23952,18027,2061,false
23953,18027,2062,false
23954,18027,2063,false
23955,18027,2064,false
23956,18027,2065,false
23957,18027,2066,false
23958,18027,2067,false
23959,18027,2068,false
23960,18027,2069,false
23961,18027,2070,false
23962,18027,2071,false
23963,18027,2072,false
23964,18027,2073,false
23965,18027,2074,false
23966,18027,2075,false
23967,18027,2076,false
23968,18027,2077,false
23969,18027,2078,false
23970,18027,2079,false
23971,18027,2080,false
23972,18027,2081,false
23973,18027,2082,false
23974,18028,2064,true
23975,18029,2072,true
23976,18030,2061,true
23977,18030,2064,true
23978,18030,2071,true
23979,18030,2080,true
23980,18031,2061,true
23981,18031,2064,true
23982,18031,2065,false
23983,18031,2071,true
23984,18031,2078,false
23985,18031,2080,true
23986,18032,2061,true
23987,18032,2062,false
23988,18032,2064,true
23989,18032,2071,true
23990,18032,2080,true
23991,18033,2065,false
23992,18033,2066,true
23993,18033,2071,true
23994,18033,2072,true
23995,18033,2078,false
23996,18033,2080,true
23997,18034,2066,true
23998,18034,2071,true
23999,18034,2072,true
24000,18034,2076,false
24001,18034,2080,true
24002,18035,2059,false
24003,18035,2066,true
24004,18035,2071,true
24005,18035,2072,true
24006,18035,2080,true
24007,18036,2076,true
24008,18037,2061,false
24009,18037,2066,false
24010,18038,2061,true
24011,18039,2066,true
24012,18040,2059,true
24013,18040,2066,true
24014,18041,2061,false
24015,18041,2065,false
24016,18041,2078,false
24017,18042,2061,false
24018,18042,2066,false
24019,18043,2061,true
24020,18044,2066,true
24021,18044,2078,false
24022,18045,2066,true
24023,18046,2067,true
24024,18047,2061,true
24025,18047,2069,true
24026,18048,2066,true
24027,18049,2083,true
24028,18050,2083,true
24029,18051,2083,true
24030,18052,2083,true
24031,18053,2083,true
24032,18054,2083,true
24033,18055,2084,true
24034,18056,2727,false
24035,18057,2510,false
24036,18058,2510,false
24037,18059,2086,true
24038,18060,2098,true
24039,18060,2100,true
24040,18061,2086,true
24041,18062,2085,false
24042,18063,2085,false
24043,18063,2101,true
24044,18064,2101,true
24045,18065,2101,true
24046,18066,2085,true
24047,18067,2085,false
24048,18067,2101,true
24049,18068,2510,false
24050,18069,2085,true
24051,18070,2095,true
24052,18071,2098,true
24053,18072,2085,false
24054,18072,2101,true
24055,18073,2104,true
24056,18074,2089,true
24057,18075,2085,true
24058,18076,2085,false
24059,18077,2090,true
24060,18078,2091,true
24061,18079,2092,true
24062,18080,2093,true
24063,18081,2510,false
24064,18082,2510,false
24065,18083,2102,true
24066,18084,2103,true
24067,18085,2085,false
24068,18085,2090,false
24069,18085,2091,false
24070,18085,2092,false
24071,18085,2093,false
24072,18085,2095,false
24073,18085,2098,false
24074,18085,2099,false
24075,18085,2100,false
24076,18085,2101,false
24077,18085,2102,false
24078,18085,2103,false
24079,18085,2104,false
24080,18085,2105,false
24081,18086,2085,false
24082,18086,2105,true
24083,18087,2086,true
24084,18088,2510,false
24085,18089,2085,true
24086,18090,2095,true
24087,18091,2098,true
24088,18092,2085,false
24089,18092,2101,true
24090,18093,2104,true
24091,18094,2085,true
24092,18095,2510,false
24093,18096,2090,true
24094,18097,2091,true
24095,18098,2092,true
24096,18099,2093,true
24097,18100,2085,false
24098,18101,2097,true
24099,18102,2094,true
24100,18103,2510,false
24101,18104,2102,true
24102,18105,2103,true
24103,18106,2085,false
24104,18106,2090,false
24105,18106,2091,false
24106,18106,2092,false
24107,18106,2093,false
24108,18106,2095,false
24109,18106,2098,false
24110,18106,2099,false
24111,18106,2100,false
24112,18106,2101,false
24113,18106,2102,false
24114,18106,2103,false
24115,18106,2104,false
24116,18106,2105,false
24117,18107,2105,true
24118,18108,2510,false
24119,18109,2510,false
24120,18110,2510,false
24121,18111,2510,false
24122,18112,2510,false
24123,18113,2095,true
24124,18114,2510,false
24125,18115,2085,false
24126,18116,2510,false
24127,18117,2510,false
24128,18118,2510,false
24129,18119,2085,false
24130,18120,2510,false
24131,18121,2510,false
24132,18122,2510,false
24133,18123,2510,false
24134,18124,2510,false
24135,18125,2085,false
24136,18126,2085,false
24137,18127,2510,false
24138,18128,2510,false
24139,18129,2510,false
24140,18130,2510,false
24141,18131,2510,false
24142,18132,2510,false
24143,18133,2093,true
24144,18134,2085,true
24145,18135,2085,false
24146,18136,2510,false
24147,18137,2085,false
24148,18138,2510,false
24149,18139,2510,false
24150,18140,2510,false
24151,18141,2510,false
24152,18142,2085,true
24153,18143,2510,false
24154,18144,2510,false
24155,18145,2085,false
24156,18145,2103,true
24157,18146,2510,false
24158,18147,2085,false
24159,18148,2085,false
24160,18148,2090,false
24161,18148,2091,false
24162,18148,2092,false
24163,18148,2093,false
24164,18148,2095,false
24165,18148,2098,false
24166,18148,2099,false
24167,18148,2100,false
24168,18148,2101,false
24169,18148,2102,false
24170,18148,2103,false
24171,18148,2104,false
24172,18148,2105,false
24173,18149,2085,false
24174,18149,2105,true
24175,18150,2085,true
24176,18151,2085,true
24177,18152,2086,true
24178,18153,2085,true
24179,18154,2085,true
24180,18155,2085,true
24181,18156,2088,false
24182,18156,2089,true
24183,18157,2088,false
24184,18158,2085,true
24185,18159,2085,false
24186,18160,2510,false
24187,18161,2094,true
24188,18162,2087,true
24189,18163,2085,false
24190,18164,2085,true
24191,18165,2510,false
24192,18166,2085,true
24193,18167,2085,true
24194,18168,2085,true
24195,18169,2085,true
24196,18170,2095,true
24197,18171,2101,true
24198,18172,2085,true
24199,18173,2104,true
24200,18174,2085,true
24201,18175,2510,false
24202,18176,2090,true
24203,18177,2093,true
24204,18178,2097,true
24205,18179,2510,false
24206,18180,2085,true
24207,18181,2103,true
24208,18182,2105,true
24209,18183,2085,true
24210,18184,2510,false
24211,18185,2094,true
24212,18186,2085,true
24213,18187,2510,false
24214,18188,2086,true
24215,18189,2095,true
24216,18190,2085,true
24217,18191,2085,true
24218,18191,2101,true
24219,18192,2085,true
24220,18192,2101,true
24221,18193,2085,true
24222,18194,2098,true
24223,18194,2100,true
24224,18195,2085,false
24225,18196,2085,false
24226,18196,2101,true
24227,18197,2085,true
24228,18198,2085,false
24229,18199,2106,false
24230,18199,2108,false
24231,18200,2511,false
24232,18201,2511,false
24233,18202,2106,true
24234,18202,2108,true
24235,18203,2106,false
24236,18203,2108,false
24237,18204,2107,true
24238,18205,2511,false
24239,18206,2106,true
24240,18206,2108,true
24241,18207,2106,true
24242,18207,2108,true
24243,18208,2511,false
24244,18209,2511,false
24245,18210,2106,true
24246,18210,2108,true
24247,18211,2112,true
24248,18211,2113,true
24249,18212,2114,true
24250,18213,2109,true
24251,18214,2111,true
24252,18215,2512,false
24253,18216,2111,true
24254,18217,2111,true
24255,18217,2113,true
24256,18218,2111,true
24257,18219,2512,false
24258,18220,2114,true
24259,18221,2114,true
24260,18222,2109,true
24261,18223,2111,true
24262,18224,2512,false
24263,18225,2512,false
24264,18226,2113,true
24265,18227,2512,false
24266,18228,2512,false
24267,18229,2114,true
24268,18230,2114,true
24269,18231,2114,true
24270,18232,2109,true
24271,18233,2114,true
24272,18234,2110,true
24273,18235,2111,true
24274,18236,2112,true
24275,18237,2512,false
24276,18238,2512,false
24277,18239,2512,false
24278,18240,2512,false
24279,18241,2113,true
24280,18242,2512,false
24281,18243,2512,false
24282,18244,2512,false
24283,18245,2114,true
24284,18246,2512,false
24285,18247,2109,true
24286,18248,2512,false
24287,18249,2512,false
24288,18250,2112,true
24289,18251,2512,false
24290,18252,2512,false
24291,18253,2512,false
24292,18254,2111,false
24293,18255,2113,true
24294,18256,2512,false
24295,18257,2111,false
24296,18257,2114,false
24297,18258,2512,false
24298,18259,2512,false
24299,18260,2512,false
24300,18261,2512,false
24301,18262,2112,true
24302,18263,2113,true
24303,18264,2111,true
24304,18264,2112,true
24305,18265,2111,true
24306,18265,2113,true
24307,18266,2111,false
24308,18266,2112,false
24309,18266,2113,false
24310,18266,2114,false
24311,18267,2111,false
24312,18267,2112,false
24313,18267,2113,false
24314,18267,2114,false
24315,18268,2114,true
24316,18269,2109,true
24317,18270,2111,true
24318,18271,2512,false
24319,18272,2113,true
24320,18273,2512,false
24321,18274,2512,false
24322,18275,2114,true
24323,18276,2115,true
24324,18277,2661,false
24325,18278,2117,true
24326,18278,2118,true
24327,18279,2661,false
24328,18280,2117,true
24329,18281,2661,false
24330,18282,2661,false
24331,18283,2117,true
24332,18284,2115,true
24333,18285,2115,true
24334,18286,2115,true
24335,18287,2116,true
24336,18288,2115,true
24337,18289,2117,true
24338,18290,2117,true
24339,18291,2118,true
24340,18292,2119,true
24341,18293,2115,true
24342,18294,2115,true
24343,18295,2116,true
24344,18296,2117,true
24345,18297,2661,false
24346,18298,2119,true
24347,18299,2118,true
24348,18300,2661,false
24349,18301,2661,false
24350,18302,2118,false
24351,18303,2661,false
24352,18304,2661,false
24353,18305,2115,true
24354,18306,2116,true
24355,18307,2661,false
24356,18308,2661,false
24357,18309,2661,false
24358,18310,2661,false
24359,18311,2661,false
24360,18312,2661,false
24361,18313,2661,false
24362,18314,2661,false
24363,18315,2661,false
24364,18316,2661,false
24365,18317,2661,false
24366,18318,2115,true
24367,18319,2661,false
24368,18320,2116,true
24369,18321,2116,true
24370,18322,2115,true
24371,18323,2661,false
24372,18324,2117,true
24373,18325,2661,false
24374,18326,2115,false
24375,18326,2116,false
24376,18326,2117,false
24377,18326,2118,false
24378,18326,2119,false
24379,18327,2115,true
24380,18328,2117,true
24381,18329,2661,false
24382,18330,2115,true
24383,18331,2115,true
24384,18332,2115,true
24385,18333,2115,true
24386,18334,2661,false
24387,18335,2661,false
24388,18336,2661,false
24389,18337,2661,false
24390,18338,2115,true
24391,18339,2661,false
24392,18340,2118,false
24393,18341,2661,false
24394,18342,2118,true
24395,18343,2661,false
24396,18344,2119,true
24397,18345,2661,false
24398,18346,2118,true
24399,18347,2119,true
24400,18348,2115,false
24401,18348,2116,false
24402,18348,2117,false
24403,18348,2118,false
24404,18348,2119,false
24405,18349,2115,false
24406,18349,2116,false
24407,18349,2117,false
24408,18349,2118,false
24409,18349,2119,false
24410,18350,2116,true
24411,18351,2119,true
24412,18352,2823,false
24413,18353,2823,false
24414,18354,2823,false
24415,18355,2823,false
24416,18356,2823,false
24417,18357,2823,false
24418,18358,2823,false
24419,18359,2823,false
24420,18360,2823,false
24421,18361,2124,true
24422,18362,2124,false
24423,18363,2121,true
24424,18364,2124,true
24425,18365,2123,true
24426,18365,2124,true
24427,18366,2513,false
24428,18367,2513,false
24429,18368,2513,false
24430,18369,2124,true
24431,18370,2124,true
24432,18371,2513,false
24433,18372,2513,false
24434,18373,2124,true
24435,18373,2126,true
24436,18374,2126,true
24437,18375,2124,true
24438,18376,2124,true
24439,18377,2121,true
24440,18378,2123,true
24441,18379,2124,true
24442,18380,2124,true
24443,18381,2125,true
24444,18382,2122,true
24445,18383,2126,true
24446,18384,2127,true
24447,18385,2124,true
24448,18386,2124,true
24449,18387,2124,false
24450,18388,2124,true
24451,18389,2513,false
24452,18390,2120,true
24453,18391,2513,false
24454,18392,2124,true
24455,18393,2513,false
24456,18394,2123,true
24457,18395,2513,false
24458,18396,2123,true
24459,18397,2123,true
24460,18398,2124,true
24461,18399,2513,false
24462,18400,2124,true
24463,18401,2125,true
24464,18402,2122,true
24465,18403,2122,true
24466,18404,2126,true
24467,18405,2127,true
24468,18406,2513,false
24469,18407,2121,true
24470,18408,2513,false
24471,18409,2121,true
24472,18410,2513,false
24473,18411,2513,false
24474,18412,2513,false
24475,18413,2513,false
24476,18414,2513,false
24477,18415,2124,false
24478,18416,2124,true
24479,18417,2513,false
24480,18418,2123,false
24481,18418,2124,false
24482,18419,2123,false
24483,18419,2124,false
24484,18420,2513,false
24485,18421,2513,false
24486,18422,2124,true
24487,18423,2126,true
24488,18424,2126,true
24489,18425,2124,true
24490,18426,2513,false
24491,18427,2123,true
24492,18428,2124,true
24493,18429,2124,true
24494,18430,2126,true
24495,18431,2127,true
24496,18432,2662,false
24497,18433,2662,false
24498,18434,2662,false
24499,18435,2662,false
24500,18436,2662,false
24501,18437,2662,false
24502,18438,2662,false
24503,18439,2662,false
24504,18440,2662,false
24505,18441,2662,false
24506,18442,2662,false
24507,18443,2662,false
24508,18444,2662,false
24509,18445,2662,false
24510,18446,2662,false
24511,18447,2662,false
24512,18448,2662,false
24513,18449,2662,false
24514,18450,2662,false
24515,18451,2662,false
24516,18452,2662,false
24517,18453,2662,false
24518,18454,2662,false
24519,18455,2662,false
24520,18456,2662,false
24521,18457,2662,false
24522,18458,2662,false
24523,18459,2662,false
24524,18460,2662,false
24525,18461,2662,false
24526,18462,2662,false
24527,18463,2662,false
24528,18464,2662,false
24529,18465,2662,false
24530,18466,2663,false
24531,18467,2663,false
24532,18468,2663,false
24533,18469,2663,false
24534,18470,2663,false
24535,18471,2663,false
24536,18472,2663,false
24537,18473,2663,false
24538,18474,2663,false
24539,18475,2663,false
24540,18476,2663,false
24541,18477,2663,false
24542,18478,2663,false
24543,18479,2129,false
24544,18479,2130,false
24545,18480,2129,false
24546,18480,2130,false
24547,18481,2663,false
24548,18482,2131,true
24549,18483,2514,false
24550,18484,2131,true
24551,18485,2131,true
24552,18486,2515,false
24553,18487,2132,true
24554,18488,2132,true
24555,18489,2132,true
24556,18490,2132,true
24557,18491,2133,true
24558,18492,2134,true
24559,18493,2135,true
24560,18494,2132,true
24561,18495,2133,true
24562,18496,2134,true
24563,18497,2135,true
24564,18498,2132,true
24565,18499,2134,true
24566,18500,2515,false
24567,18501,2515,false
24568,18502,2133,true
24569,18503,2133,true
24570,18504,2132,false
24571,18504,2133,false
24572,18504,2135,false
24573,18505,2132,false
24574,18505,2133,false
24575,18505,2135,false
24576,18506,2132,false
24577,18506,2133,false
24578,18506,2135,false
24579,18507,2132,true
24580,18508,2133,true
24581,18509,2134,true
24582,18510,2135,true
24583,18511,2136,true
24584,18512,2516,false
24585,18513,2137,true
24586,18514,2138,true
24587,18515,2139,true
24588,18516,2136,true
24589,18517,2516,false
24590,18518,2137,true
24591,18519,2138,true
24592,18520,2139,true
24593,18521,2138,true
24594,18522,2136,true
24595,18523,2136,true
24596,18524,2137,true
24597,18525,2137,true
24598,18526,2137,true
24599,18527,2138,true
24600,18528,2138,true
24601,18529,2139,true
24602,18530,2516,false
24603,18531,2516,false
24604,18532,2516,false
24605,18533,2516,false
24606,18534,2516,false
24607,18535,2516,false
24608,18536,2516,false
24609,18537,2136,false
24610,18537,2137,false
24611,18537,2138,false
24612,18537,2139,false
24613,18538,2136,false
24614,18538,2137,false
24615,18538,2138,false
24616,18538,2139,false
24617,18539,2136,true
24618,18540,2137,true
24619,18541,2138,true
24620,18542,2139,true
24621,18543,2144,true
24622,18544,2148,true
24623,18545,2149,true
24624,18546,2150,true
24625,18547,2142,true
24626,18548,2142,true
24627,18548,2143,true
24628,18549,2143,true
24629,18550,2145,true
24630,18551,2148,true
24631,18552,2149,true
24632,18553,2150,true
24633,18554,2142,true
24634,18555,2142,true
24635,18555,2143,true
24636,18556,2143,true
24637,18557,2145,true
24638,18558,2148,true
24639,18559,2149,true
24640,18560,2150,true
24641,18561,2144,true
24642,18562,2148,true
24643,18563,2149,true
24644,18564,2150,true
24645,18565,2141,true
24646,18566,2142,true
24647,18567,2143,true
24648,18568,2144,true
24649,18569,2143,true
24650,18570,2145,true
24651,18571,2146,true
24652,18572,2147,true
24653,18573,2148,true
24654,18574,2149,true
24655,18575,2517,false
24656,18576,2149,true
24657,18577,2140,false
24658,18577,2150,false
24659,18578,2140,false
24660,18578,2150,false
24661,18579,2150,true
24662,18580,2142,true
24663,18581,2517,false
24664,18582,2517,false
24665,18583,2142,true
24666,18584,2517,false
24667,18585,2517,false
24668,18586,2517,false
24669,18587,2143,true
24670,18588,2517,false
24671,18589,2146,true
24672,18590,2147,true
24673,18591,2148,true
24674,18592,2517,false
24675,18593,2517,false
24676,18594,2517,false
24677,18595,2517,false
24678,18596,2517,false
24679,18597,2142,false
24680,18597,2143,false
24681,18597,2144,false
24682,18597,2145,false
24683,18597,2148,false
24684,18597,2149,false
24685,18597,2150,false
24686,18598,2143,true
24687,18599,2149,true
24688,18600,2150,true
24689,18601,2141,false
24690,18601,2142,false
24691,18601,2143,false
24692,18601,2144,false
24693,18601,2145,false
24694,18601,2147,false
24695,18601,2148,false
24696,18601,2149,false
24697,18601,2150,false
24698,18602,2141,false
24699,18602,2142,false
24700,18602,2143,false
24701,18602,2144,false
24702,18602,2145,false
24703,18602,2147,false
24704,18602,2148,false
24705,18602,2149,false
24706,18602,2150,false
24707,18603,2141,true
24708,18604,2142,true
24709,18605,2142,true
24710,18605,2143,true
24711,18606,2144,true
24712,18607,2145,true
24713,18608,2146,true
24714,18609,2147,true
24715,18610,2148,true
24716,18611,2150,true
24717,18612,2155,false
24718,18612,2160,false
24719,18613,2156,true
24720,18614,2152,true
24721,18615,2155,false
24722,18615,2160,false
24723,18616,2151,true
24724,18617,2152,true
24725,18618,2153,true
24726,18619,2154,true
24727,18620,2161,true
24728,18621,2156,true
24729,18622,2156,true
24730,18623,2824,false
24731,18624,2158,true
24732,18625,2824,false
24733,18626,2151,true
24734,18627,2152,true
24735,18628,2152,true
24736,18629,2153,true
24737,18630,2154,true
24738,18631,2161,true
24739,18632,2154,true
24740,18633,2161,true
24741,18634,2156,true
24742,18635,2156,true
24743,18636,2156,true
24744,18637,2156,true
24745,18638,2157,true
24746,18639,2158,true
24747,18640,2155,false
24748,18640,2160,false
24749,18641,2155,false
24750,18641,2160,false
24751,18642,2155,false
24752,18642,2160,false
24753,18643,2155,false
24754,18643,2160,false
24755,18644,2155,false
24756,18644,2160,false
24757,18645,2155,false
24758,18645,2160,false
24759,18646,2162,true
24760,18647,2162,true
24761,18648,2163,true
24762,18649,2157,true
24763,18650,2159,true
24764,18651,2152,true
24765,18652,2156,true
24766,18653,2151,true
24767,18654,2152,true
24768,18655,2152,true
24769,18656,2152,true
24770,18657,2153,true
24771,18658,2824,false
24772,18659,2161,true
24773,18660,2161,true
24774,18661,2154,true
24775,18662,2161,true
24776,18663,2154,true
24777,18664,2161,true
24778,18665,2824,false
24779,18666,2156,true
24780,18667,2156,true
24781,18668,2154,false
24782,18668,2156,false
24783,18669,2154,false
24784,18669,2156,false
24785,18670,2154,false
24786,18670,2156,false
24787,18671,2156,true
24788,18672,2156,true
24789,18673,2154,false
24790,18673,2156,false
24791,18674,2156,true
24792,18675,2156,true
24793,18676,2154,false
24794,18676,2156,false
24795,18677,2156,true
24796,18678,2156,true
24797,18679,2156,true
24798,18680,2156,true
24799,18681,2156,true
24800,18682,2156,true
24801,18683,2152,true
24802,18684,2156,true
24803,18685,2156,true
24804,18686,2156,true
24805,18687,2157,true
24806,18688,2156,true
24807,18689,2156,true
24808,18690,2158,true
24809,18691,2158,true
24810,18692,2158,true
24811,18693,2158,true
24812,18694,2155,false
24813,18694,2160,false
24814,18695,2155,false
24815,18695,2160,false
24816,18696,2155,false
24817,18696,2160,false
24818,18697,2155,false
24819,18697,2160,false
24820,18698,2155,false
24821,18698,2160,false
24822,18699,2155,false
24823,18699,2160,false
24824,18700,2155,false
24825,18700,2160,false
24826,18701,2160,true
24827,18702,2155,false
24828,18702,2160,false
24829,18703,2155,false
24830,18703,2160,false
24831,18704,2155,false
24832,18704,2160,false
24833,18705,2160,true
24834,18706,2155,false
24835,18706,2160,false
24836,18707,2160,true
24837,18708,2155,false
24838,18708,2160,false
24839,18709,2160,true
24840,18710,2156,true
24841,18711,2162,true
24842,18712,2162,true
24843,18713,2162,true
24844,18714,2163,true
24845,18715,2152,true
24846,18716,2824,false
24847,18717,2152,true
24848,18718,2824,false
24849,18719,2824,false
24850,18720,2824,false
24851,18721,2154,false
24852,18721,2156,false
24853,18722,2156,true
24854,18723,2154,false
24855,18723,2156,false
24856,18724,2152,true
24857,18725,2824,false
24858,18726,2824,false
24859,18727,2155,false
24860,18727,2160,false
24861,18728,2155,false
24862,18728,2160,false
24863,18729,2155,false
24864,18729,2160,false
24865,18730,2824,false
24866,18731,2824,false
24867,18732,2151,false
24868,18732,2152,false
24869,18732,2153,false
24870,18732,2154,false
24871,18732,2156,false
24872,18732,2163,false
24873,18733,2160,true
24874,18734,2156,true
24875,18735,2152,true
24876,18736,2161,true
24877,18737,2154,true
24878,18738,2161,true
24879,18739,2824,false
24880,18740,2824,false
24881,18741,2156,true
24882,18742,2156,true
24883,18743,2156,true
24884,18744,2156,true
24885,18745,2156,true
24886,18746,2156,true
24887,18747,2156,true
24888,18748,2156,true
24889,18749,2156,true
24890,18750,2156,true
24891,18751,2156,true
24892,18752,2156,true
24893,18753,2156,true
24894,18754,2156,true
24895,18755,2156,true
24896,18756,2156,true
24897,18757,2156,true
24898,18758,2157,true
24899,18759,2156,true
24900,18760,2156,true
24901,18761,2158,true
24902,18762,2155,false
24903,18762,2160,false
24904,18763,2155,false
24905,18763,2160,false
24906,18764,2155,false
24907,18764,2160,false
24908,18765,2155,false
24909,18765,2160,false
24910,18766,2155,false
24911,18766,2160,false
24912,18767,2155,false
24913,18767,2160,false
24914,18768,2155,false
24915,18768,2160,false
24916,18769,2155,false
24917,18769,2160,false
24918,18770,2155,false
24919,18770,2160,false
24920,18771,2156,true
24921,18772,2824,false
24922,18773,2162,true
24923,18774,2160,true
24924,18775,2160,true
24925,18776,2160,true
24926,18777,2160,true
24927,18778,2155,false
24928,18778,2160,false
24929,18779,2158,true
24930,18780,2151,false
24931,18780,2152,false
24932,18780,2153,false
24933,18780,2154,false
24934,18780,2156,false
24935,18780,2163,false
24936,18781,2151,false
24937,18781,2152,false
24938,18781,2153,false
24939,18781,2154,false
24940,18781,2156,false
24941,18781,2163,false
24942,18782,2153,true
24943,18783,2156,true
24944,18784,2156,true
24945,18785,2156,true
24946,18786,2157,true
24947,18787,2157,true
24948,18788,2155,false
24949,18788,2160,false
24950,18789,2163,true
24951,18790,2164,true
24952,18791,2165,true
24953,18792,2164,false
24954,18792,2165,true
24955,18793,2164,true
24956,18794,2164,true
24957,18795,2164,true
24958,18796,2165,true
24959,18797,2165,true
24960,18798,2164,true
24961,18799,2164,true
24962,18800,2164,true
24963,18801,2165,true
24964,18802,2165,true
24965,18803,2165,true
24966,18804,2165,true
24967,18805,2165,true
24968,18806,2664,false
24969,18807,2664,false
24970,18808,2164,false
24971,18808,2165,false
24972,18809,2164,true
24973,18810,2164,true
24974,18811,2165,true
24975,18812,2165,true
24976,18813,2165,true
24977,18814,2165,true
24978,18815,2165,true
24979,18816,2164,false
24980,18816,2165,false
24981,18817,2164,false
24982,18817,2165,false
24983,18818,2167,true
24984,18819,2518,false
24985,18820,2167,true
24986,18821,2166,true
24987,18822,2167,true
24988,18823,2167,true
24989,18824,2167,true
24990,18825,2166,true
24991,18826,2167,false
24992,18827,2167,false
24993,18828,2167,true
24994,18829,2167,true
24995,18830,2166,true
24996,18831,2167,false
24997,18832,2167,true
24998,18833,2166,false
24999,18833,2167,false
25000,18834,2167,true
25001,18835,2167,true
25002,18836,2166,false
25003,18836,2167,false
25004,18837,2166,false
25005,18837,2167,false
25006,18838,2167,true
25007,18839,2168,true
25008,18840,2168,true
25009,18841,2168,true
25010,18842,2168,true
25011,18843,2168,true
25012,18844,2168,true
25013,18845,2168,true
25014,18846,2168,true
25015,18847,2168,true
25016,18848,2168,true
25017,18849,2168,true
25018,18850,2168,true
25019,18851,2825,false
25020,18852,2168,true
25021,18853,2168,true
25022,18854,2168,true
25023,18855,2168,true
25024,18856,2168,true
25025,18857,2168,true
25026,18858,2168,true
25027,18859,2168,true
25028,18860,2168,true
25029,18861,2168,true
25030,18862,2825,false
25031,18863,2168,true
25032,18864,2825,false
25033,18865,2825,false
25034,18866,2168,true
25035,18867,2825,false
25036,18868,2168,true
25037,18869,2168,true
25038,18870,2168,true
25039,18871,2168,true
25040,18872,2169,true
25041,18873,2169,true
25042,18874,2169,true
25043,18875,2169,true
25044,18876,2169,true
25045,18877,2169,true
25046,18878,2169,true
25047,18879,2169,true
25048,18880,2169,true
25049,18881,2169,true
25050,18882,2169,true
25051,18883,2169,true
25052,18884,2169,true
25053,18885,2169,true
25054,18886,2169,true
25055,18887,2169,true
25056,18888,2169,true
25057,18889,2169,true
25058,18890,2169,true
25059,18891,2169,true
25060,18892,2169,true
25061,18893,2169,true
25062,18894,2169,true
25063,18895,2169,true
25064,18896,2169,true
25065,18897,2169,true
25066,18898,2171,true
25067,18899,2171,true
25068,18900,2171,true
25069,18901,2171,true
25070,18902,2170,true
25071,18903,2171,true
25072,18904,2171,true
25073,18905,2171,true
25074,18906,2171,true
25075,18907,2171,true
25076,18908,2170,true
25077,18909,2170,true
25078,18910,2171,true
25079,18911,2170,true
25080,18912,2171,true
25081,18913,2171,true
25082,18914,2171,true
25083,18915,2171,true
25084,18916,2171,true
25085,18917,2171,true
25086,18918,2171,true
25087,18919,2170,true
25088,18920,2170,true
25089,18921,2170,true
25090,18922,2170,true
25091,18923,2170,true
25092,18924,2170,true
25093,18925,2170,true
25094,18926,2170,true
25095,18927,2170,true
25096,18928,2170,true
25097,18929,2171,true
25098,18930,2826,false
25099,18931,2171,true
25100,18932,2170,false
25101,18932,2171,false
25102,18933,2171,true
25103,18934,2171,true
25104,18935,2171,true
25105,18936,2171,true
25106,18937,2171,true
25107,18938,2171,true
25108,18939,2170,true
25109,18940,2170,true
25110,18941,2170,true
25111,18942,2170,true
25112,18943,2170,true
25113,18944,2170,true
25114,18945,2170,false
25115,18945,2171,false
25116,18946,2170,false
25117,18946,2171,false
25118,18947,2170,true
25119,18948,2172,true
25120,18949,2173,true
25121,18950,2172,true
25122,18951,2173,true
25123,18952,2173,true
25124,18953,2172,true
25125,18954,2172,true
25126,18955,2173,true
25127,18956,2173,true
25128,18957,2172,true
25129,18958,2173,true
25130,18959,2172,false
25131,18959,2173,false
25132,18960,2665,false
25133,18961,2172,true
25134,18962,2173,true
25135,18963,2172,true
25136,18964,2172,true
25137,18965,2172,false
25138,18965,2173,false
25139,18966,2172,false
25140,18966,2173,false
25141,18967,2177,true
25142,18968,2174,true
25143,18969,2175,true
25144,18970,2176,true
25145,18971,2174,true
25146,18972,2174,true
25147,18973,2175,true
25148,18974,2175,true
25149,18975,2176,true
25150,18976,2177,true
25151,18977,2177,true
25152,18978,2177,true
25153,18979,2177,true
25154,18980,2827,false
25155,18981,2174,true
25156,18982,2175,true
25157,18983,2175,true
25158,18984,2175,true
25159,18985,2175,true
25160,18986,2175,true
25161,18987,2177,true
25162,18988,2177,true
25163,18989,2177,true
25164,18990,2177,true
25165,18991,2177,true
25166,18992,2175,true
25167,18993,2827,false
25168,18994,2174,true
25169,18994,2175,true
25170,18995,2174,true
25171,18995,2175,true
25172,18996,2175,true
25173,18997,2827,false
25174,18998,2177,true
25175,18999,2827,false
25176,19000,2827,false
25177,19001,2827,false
25178,19002,2174,true
25179,19003,2175,true
25180,19004,2175,true
25181,19005,2175,true
25182,19006,2175,true
25183,19007,2177,true
25184,19008,2177,true
25185,19009,2177,true
25186,19010,2177,true
25187,19011,2175,true
25188,19012,2177,true
25189,19013,2177,true
25190,19014,2177,true
25191,19015,2666,false
25192,19016,2178,false
25193,19017,2178,false
25194,19018,2666,false
25195,19019,2179,false
25196,19020,2666,false
25197,19021,2666,false
25198,19022,2666,false
25199,19023,2666,false
25200,19024,2178,false
25201,19025,2178,false
25202,19026,2666,false
25203,19027,2179,false
25204,19028,2666,false
25205,19029,2666,false
25206,19030,2666,false
25207,19031,2666,false
25208,19032,2666,false
25209,19033,2666,false
25210,19034,2666,false
25211,19035,2666,false
25212,19036,2666,false
25213,19037,2666,false
25214,19038,2666,false
25215,19039,2666,false
25216,19040,2179,false
25217,19041,2666,false
25218,19042,2666,false
25219,19043,2666,false
25220,19044,2666,false
25221,19045,2666,false
25222,19046,2666,false
25223,19047,2666,false
25224,19048,2666,false
25225,19049,2666,false
25226,19050,2666,false
25227,19051,2666,false
25228,19052,2666,false
25229,19053,2666,false
25230,19054,2666,false
25231,19055,2666,false
25232,19056,2666,false
25233,19057,2178,false
25234,19058,2666,false
25235,19059,2666,false
25236,19060,2180,true
25237,19061,2178,false
25238,19061,2180,true
25239,19061,2181,true
25240,19062,2179,false
25241,19062,2180,true
25242,19063,2178,false
25243,19063,2180,true
25244,19063,2181,false
25245,19064,2178,false
25246,19064,2180,true
25247,19065,2178,false
25248,19065,2180,true
25249,19065,2181,true
25250,19066,2666,false
25251,19067,2666,false
25252,19068,2666,false
25253,19069,2666,false
25254,19070,2666,false
25255,19071,2666,false
25256,19072,2666,false
25257,19073,2666,false
25258,19074,2666,false
25259,19075,2178,false
25260,19076,2666,false
25261,19077,2666,false
25262,19078,2666,false
25263,19079,2179,false
25264,19080,2666,false
25265,19081,2666,false
25266,19082,2666,false
25267,19083,2666,false
25268,19084,2666,false
25269,19085,2666,false
25270,19086,2182,true
25271,19087,2729,false
25272,19088,2182,true
25273,19089,2729,false
25274,19090,2729,false
25275,19091,2729,false
25276,19092,2182,true
25277,19093,2729,false
25278,19094,2729,false
25279,19095,2729,false
25280,19096,2182,true
25281,19097,2182,true
25282,19098,2729,false
25283,19099,2729,false
25284,19100,2729,false
25285,19101,2729,false
25286,19102,2182,false
25287,19103,2182,true
25288,19104,2729,false
25289,19105,2729,false
25290,19106,2729,false
25291,19107,2729,false
25292,19108,2729,false
25293,19109,2729,false
25294,19110,2182,true
25295,19111,2182,false
25296,19112,2729,false
25297,19113,2729,false
25298,19114,2182,true
25299,19115,2182,true
25300,19116,2182,true
25301,19117,2729,false
25302,19118,2729,false
25303,19119,2729,false
25304,19120,2182,false
25305,19121,2182,true
25306,19122,2182,true
25307,19123,2182,false
25308,19124,2182,false
25309,19125,2182,false
25310,19126,2729,false
25311,19127,2183,true
25312,19128,2183,true
25313,19129,2183,true
25314,19130,2183,true
25315,19131,2183,true
25316,19132,2183,true
25317,19133,2183,true
25318,19134,2183,true
25319,19135,2183,true
25320,19136,2183,true
25321,19137,2183,true
25322,19138,2730,false
25323,19139,2183,true
25324,19140,2183,true
25325,19141,2183,true
25326,19142,2183,true
25327,19143,2183,true
25328,19144,2183,true
25329,19145,2183,true
25330,19146,2183,true
25331,19147,2184,true
25332,19147,2191,true
25333,19147,2198,true
25334,19147,2207,true
25335,19147,2209,true
25336,19148,2184,false
25337,19148,2185,false
25338,19148,2186,false
25339,19148,2187,false
25340,19148,2188,false
25341,19148,2189,false
25342,19148,2190,false
25343,19148,2191,false
25344,19148,2192,false
25345,19148,2193,false
25346,19148,2194,false
25347,19148,2195,false
25348,19148,2196,false
25349,19148,2197,false
25350,19148,2198,false
25351,19148,2199,false
25352,19148,2200,false
25353,19148,2201,false
25354,19148,2202,false
25355,19148,2203,false
25356,19148,2204,false
25357,19148,2205,false
25358,19148,2206,false
25359,19148,2207,false
25360,19148,2208,false
25361,19148,2209,false
25362,19148,2210,false
25363,19148,2211,false
25364,19148,2212,false
25365,19148,2213,false
25366,19148,2215,false
25367,19148,2216,false
25368,19148,2217,false
25369,19148,2219,false
25370,19148,2221,false
25371,19148,2222,false
25372,19148,2223,false
25373,19148,2225,false
25374,19148,2226,false
25375,19148,2227,false
25376,19148,2228,false
25377,19148,2229,false
25378,19148,2231,false
25379,19148,2232,false
25380,19148,2233,false
25381,19148,2234,false
25382,19148,2235,false
25383,19148,2237,false
25384,19148,2238,false
25385,19148,2239,false
25386,19148,2240,false
25387,19148,2241,false
25388,19148,2243,false
25389,19148,2244,false
25390,19148,2245,false
25391,19148,2249,false
25392,19148,2250,false
25393,19148,2251,false
25394,19148,2252,false
25395,19148,2253,false
25396,19148,2254,false
25397,19148,2256,false
25398,19149,2208,true
25399,19149,2209,true
25400,19150,2193,true
25401,19151,2193,true
25402,19152,2193,true
25403,19153,2193,true
25404,19154,2232,true
25405,19155,2209,true
25406,19155,2251,true
25407,19156,2210,true
25408,19157,2209,true
25409,19157,2251,true
25410,19158,2193,true
25411,19159,2193,true
25412,19160,2210,true
25413,19161,2225,true
25414,19162,2240,true
25415,19163,2222,true
25416,19164,2185,true
25417,19165,2186,true
25418,19166,2187,true
25419,19167,2184,true
25420,19168,2188,true
25421,19169,2189,true
25422,19170,2190,true
25423,19171,2191,true
25424,19172,2192,true
25425,19173,2192,true
25426,19174,2193,true
25427,19174,2245,false
25428,19174,2252,false
25429,19175,2193,true
25430,19175,2194,true
25431,19176,2195,true
25432,19177,2196,true
25433,19178,2193,true
25434,19178,2197,true
25435,19179,2198,true
25436,19180,2199,true
25437,19181,2201,true
25438,19182,2202,true
25439,19183,2203,true
25440,19184,2203,true
25441,19185,2204,true
25442,19186,2205,true
25443,19186,2206,true
25444,19187,2206,true
25445,19188,2207,true
25446,19189,2210,true
25447,19190,2211,true
25448,19191,2212,true
25449,19192,2212,true
25450,19192,2213,true
25451,19193,2212,true
25452,19193,2213,true
25453,19194,2215,true
25454,19195,2216,true
25455,19196,2217,true
25456,19197,2217,true
25457,19198,2205,true
25458,19198,2219,true
25459,19199,2220,true
25460,19200,2221,true
25461,19201,2222,true
25462,19202,2223,true
25463,19203,2667,false
25464,19204,2225,true
25465,19205,2226,true
25466,19206,2227,true
25467,19207,2228,true
25468,19208,2229,true
25469,19209,2229,true
25470,19210,2231,true
25471,19211,2232,false
25472,19212,2233,true
25473,19213,2234,true
25474,19214,2235,true
25475,19215,2237,true
25476,19216,2238,true
25477,19217,2239,true
25478,19218,2240,true
25479,19219,2240,true
25480,19220,2241,true
25481,19221,2254,true
25482,19222,2225,true
25483,19223,2226,true
25484,19224,2237,true
25485,19225,2243,true
25486,19226,2244,true
25487,19227,2249,true
25488,19228,2250,true
25489,19229,2245,false
25490,19229,2251,true
25491,19229,2252,false
25492,19230,2252,true
25493,19231,2253,true
25494,19232,2207,true
25495,19232,2208,true
25496,19233,2209,true
25497,19234,2254,true
25498,19235,2255,true
25499,19236,2256,true
25500,19237,2185,true
25501,19238,2186,true
25502,19239,2187,true
25503,19240,2184,true
25504,19241,2188,true
25505,19242,2189,true
25506,19243,2190,true
25507,19244,2191,true
25508,19245,2184,true
25509,19245,2191,true
25510,19245,2198,true
25511,19245,2207,true
25512,19245,2209,true
25513,19246,2193,true
25514,19247,2194,true
25515,19248,2195,true
25516,19249,2196,true
25517,19250,2197,true
25518,19251,2198,true
25519,19252,2199,true
25520,19253,2201,true
25521,19254,2202,true
25522,19255,2203,true
25523,19256,2203,true
25524,19257,2205,true
25525,19258,2206,true
25526,19259,2207,true
25527,19260,2210,true
25528,19261,2211,true
25529,19262,2212,true
25530,19263,2212,true
25531,19263,2213,true
25532,19264,2212,true
25533,19264,2213,true
25534,19265,2214,true
25535,19266,2215,true
25536,19267,2216,true
25537,19268,2217,true
25538,19269,2218,true
25539,19270,2219,true
25540,19271,2220,true
25541,19272,2222,true
25542,19273,2667,false
25543,19274,2225,true
25544,19275,2226,true
25545,19276,2227,true
25546,19277,2228,true
25547,19278,2229,true
25548,19279,2231,true
25549,19280,2232,true
25550,19281,2233,true
25551,19282,2233,true
25552,19283,2234,true
25553,19284,2235,true
25554,19285,2237,true
25555,19286,2238,true
25556,19287,2239,true
25557,19288,2240,true
25558,19289,2241,true
25559,19290,2243,true
25560,19291,2244,true
25561,19292,2210,true
25562,19293,2249,true
25563,19294,2250,true
25564,19295,2184,false
25565,19295,2185,false
25566,19295,2186,false
25567,19295,2187,false
25568,19295,2188,false
25569,19295,2189,false
25570,19295,2190,false
25571,19295,2191,false
25572,19295,2192,false
25573,19295,2193,false
25574,19295,2194,false
25575,19295,2195,false
25576,19295,2196,false
25577,19295,2197,false
25578,19295,2198,false
25579,19295,2199,false
25580,19295,2200,false
25581,19295,2201,false
25582,19295,2202,false
25583,19295,2203,false
25584,19295,2204,false
25585,19295,2205,false
25586,19295,2206,false
25587,19295,2207,false
25588,19295,2208,false
25589,19295,2209,false
25590,19295,2210,false
25591,19295,2211,false
25592,19295,2212,false
25593,19295,2213,false
25594,19295,2215,false
25595,19295,2216,false
25596,19295,2217,false
25597,19295,2219,false
25598,19295,2221,false
25599,19295,2222,false
25600,19295,2223,false
25601,19295,2225,false
25602,19295,2226,false
25603,19295,2227,false
25604,19295,2228,false
25605,19295,2229,false
25606,19295,2231,false
25607,19295,2232,false
25608,19295,2233,false
25609,19295,2234,false
25610,19295,2235,false
25611,19295,2237,false
25612,19295,2238,false
25613,19295,2239,false
25614,19295,2240,false
25615,19295,2241,false
25616,19295,2243,false
25617,19295,2244,false
25618,19295,2245,false
25619,19295,2249,false
25620,19295,2250,false
25621,19295,2251,false
25622,19295,2252,false
25623,19295,2253,false
25624,19295,2254,false
25625,19295,2256,false
25626,19296,2251,true
25627,19297,2208,true
25628,19298,2209,true
25629,19299,2254,true
25630,19300,2255,true
25631,19301,2256,true
25632,19302,2212,true
25633,19302,2213,true
25634,19303,2200,true
25635,19304,2185,true
25636,19305,2186,true
25637,19306,2187,true
25638,19307,2184,true
25639,19308,2188,true
25640,19309,2189,true
25641,19310,2190,true
25642,19311,2191,true
25643,19312,2192,true
25644,19313,2192,true
25645,19314,2193,true
25646,19315,2193,true
25647,19316,2193,true
25648,19317,2194,true
25649,19318,2195,true
25650,19319,2196,true
25651,19320,2197,true
25652,19321,2198,true
25653,19322,2199,true
25654,19323,2200,true
25655,19324,2201,true
25656,19325,2202,true
25657,19326,2203,true
25658,19327,2204,true
25659,19328,2205,true
25660,19329,2206,true
25661,19330,2207,true
25662,19331,2210,true
25663,19332,2210,true
25664,19333,2211,true
25665,19334,2212,true
25666,19335,2212,true
25667,19335,2213,true
25668,19336,2214,true
25669,19337,2215,true
25670,19338,2216,true
25671,19339,2217,true
25672,19340,2218,true
25673,19341,2219,true
25674,19342,2220,true
25675,19343,2221,true
25676,19344,2222,true
25677,19345,2667,false
25678,19346,2223,true
25679,19347,2667,false
25680,19348,2225,true
25681,19349,2226,true
25682,19350,2227,true
25683,19351,2228,true
25684,19352,2229,true
25685,19353,2230,true
25686,19354,2231,true
25687,19355,2232,true
25688,19356,2233,true
25689,19357,2234,true
25690,19358,2235,true
25691,19359,2237,true
25692,19360,2238,true
25693,19361,2239,true
25694,19362,2240,true
25695,19363,2241,true
25696,19364,2242,true
25697,19365,2242,true
25698,19366,2243,true
25699,19367,2244,true
25700,19368,2245,true
25701,19369,2249,true
25702,19370,2250,true
25703,19371,2256,true
25704,19372,2251,true
25705,19373,2252,true
25706,19374,2252,true
25707,19375,2253,true
25708,19376,2208,true
25709,19377,2209,true
25710,19378,2254,true
25711,19379,2255,true
25712,19380,2256,true
25713,19381,2193,true
25714,19382,2667,false
25715,19383,2208,true
25716,19383,2209,true
25717,19383,2243,true
25718,19384,2667,false
25719,19385,2667,false
25720,19386,2200,true
25721,19387,2201,true
25722,19388,2200,true
25723,19389,2667,false
25724,19390,2233,true
25725,19391,2210,true
25726,19392,2667,false
25727,19393,2221,true
25728,19394,2667,false
25729,19395,2212,true
25730,19395,2213,true
25731,19396,2205,true
25732,19396,2219,false
25733,19397,2205,true
25734,19398,2205,true
25735,19398,2219,false
25736,19399,2667,false
25737,19400,2667,false
25738,19401,2667,false
25739,19402,2667,false
25740,19403,2667,false
25741,19404,2217,true
25742,19404,2218,true
25743,19405,2667,false
25744,19406,2667,false
25745,19407,2667,false
25746,19408,2667,false
25747,19409,2667,false
25748,19410,2667,false
25749,19411,2193,true
25750,19412,2193,true
25751,19413,2667,false
25752,19414,2667,false
25753,19415,2667,false
25754,19416,2667,false
25755,19417,2667,false
25756,19418,2667,false
25757,19419,2667,false
25758,19420,2667,false
25759,19421,2667,false
25760,19422,2667,false
25761,19423,2667,false
25762,19424,2667,false
25763,19425,2667,false
25764,19426,2667,false
25765,19427,2667,false
25766,19428,2667,false
25767,19429,2667,false
25768,19430,2212,true
25769,19430,2213,true
25770,19431,2212,true
25771,19432,2667,false
25772,19433,2667,false
25773,19434,2667,false
25774,19435,2667,false
25775,19436,2217,true
25776,19437,2667,false
25777,19438,2667,false
25778,19439,2667,false
25779,19440,2667,false
25780,19441,2667,false
25781,19442,2667,false
25782,19443,2667,false
25783,19444,2667,false
25784,19445,2256,true
25785,19446,2667,false
25786,19447,2667,false
25787,19448,2667,false
25788,19449,2667,false
25789,19450,2229,true
25790,19451,2229,true
25791,19452,2667,false
25792,19453,2667,false
25793,19454,2667,false
25794,19455,2667,false
25795,19456,2232,false
25796,19457,2667,false
25797,19458,2667,false
25798,19459,2667,false
25799,19460,2667,false
25800,19461,2667,false
25801,19462,2667,false
25802,19463,2667,false
25803,19464,2667,false
25804,19465,2667,false
25805,19466,2667,false
25806,19467,2242,true
25807,19468,2241,true
25808,19469,2242,true
25809,19470,2241,true
25810,19471,2667,false
25811,19472,2667,false
25812,19473,2667,false
25813,19474,2210,true
25814,19475,2667,false
25815,19476,2667,false
25816,19477,2667,false
25817,19478,2667,false
25818,19479,2667,false
25819,19480,2184,false
25820,19480,2185,false
25821,19480,2186,false
25822,19480,2187,false
25823,19480,2188,false
25824,19480,2189,false
25825,19480,2190,false
25826,19480,2191,false
25827,19480,2192,false
25828,19480,2193,false
25829,19480,2194,false
25830,19480,2195,false
25831,19480,2196,false
25832,19480,2197,false
25833,19480,2198,false
25834,19480,2199,false
25835,19480,2200,false
25836,19480,2201,false
25837,19480,2202,false
25838,19480,2203,false
25839,19480,2204,false
25840,19480,2205,false
25841,19480,2206,false
25842,19480,2207,false
25843,19480,2208,false
25844,19480,2209,false
25845,19480,2210,false
25846,19480,2211,false
25847,19480,2212,false
25848,19480,2213,false
25849,19480,2215,false
25850,19480,2216,false
25851,19480,2217,false
25852,19480,2219,false
25853,19480,2221,false
25854,19480,2222,false
25855,19480,2223,false
25856,19480,2225,false
25857,19480,2226,false
25858,19480,2227,false
25859,19480,2228,false
25860,19480,2229,false
25861,19480,2231,false
25862,19480,2232,false
25863,19480,2233,false
25864,19480,2234,false
25865,19480,2235,false
25866,19480,2237,false
25867,19480,2238,false
25868,19480,2239,false
25869,19480,2240,false
25870,19480,2241,false
25871,19480,2242,false
25872,19480,2243,false
25873,19480,2244,false
25874,19480,2245,false
25875,19480,2249,false
25876,19480,2250,false
25877,19480,2251,false
25878,19480,2252,false
25879,19480,2253,false
25880,19480,2254,false
25881,19480,2256,false
25882,19481,2667,false
25883,19482,2216,true
25884,19483,2667,false
25885,19484,2667,false
25886,19485,2667,false
25887,19486,2667,false
25888,19487,2245,true
25889,19488,2667,false
25890,19489,2667,false
25891,19490,2667,false
25892,19491,2667,false
25893,19492,2233,true
25894,19493,2210,true
25895,19494,2667,false
25896,19495,2200,true
25897,19496,2667,false
25898,19497,2242,true
25899,19498,2222,true
25900,19499,2222,true
25901,19500,2667,false
25902,19501,2667,false
25903,19502,2200,true
25904,19503,2242,true
25905,19504,2242,true
25906,19505,2193,true
25907,19506,2203,true
25908,19507,2211,true
25909,19508,2220,true
25910,19509,2226,true
25911,19510,2235,true
25912,19511,2237,true
25913,19512,2241,true
25914,19513,2249,true
25915,19514,2185,true
25916,19515,2186,true
25917,19516,2192,true
25918,19517,2196,true
25919,19518,2203,true
25920,19519,2204,true
25921,19520,2214,true
25922,19521,2216,true
25923,19522,2220,true
25924,19523,2221,true
25925,19524,2222,true
25926,19525,2223,true
25927,19526,2226,true
25928,19527,2235,true
25929,19528,2237,true
25930,19529,2239,true
25931,19530,2242,true
25932,19531,2243,true
25933,19532,2251,true
25934,19533,2253,true
25935,19534,2212,true
25936,19534,2213,true
25937,19535,2184,true
25938,19536,2190,true
25939,19537,2191,true
25940,19538,2193,true
25941,19538,2245,false
25942,19538,2252,false
25943,19539,2194,true
25944,19540,2193,true
25945,19541,2195,true
25946,19542,2197,true
25947,19543,2198,true
25948,19544,2201,true
25949,19545,2200,true
25950,19546,2202,true
25951,19547,2205,true
25952,19547,2206,true
25953,19548,2205,true
25954,19549,2207,true
25955,19550,2210,true
25956,19551,2210,true
25957,19552,2212,true
25958,19553,2212,true
25959,19553,2213,true
25960,19554,2212,true
25961,19554,2213,true
25962,19555,2217,true
25963,19556,2218,true
25964,19557,2219,true
25965,19558,2219,true
25966,19559,2220,true
25967,19560,2225,true
25968,19561,2226,true
25969,19562,2229,true
25970,19563,2232,true
25971,19564,2235,true
25972,19564,2236,true
25973,19565,2235,true
25974,19566,2237,true
25975,19567,2238,true
25976,19568,2240,true
25977,19569,2241,true
25978,19570,2242,true
25979,19571,2241,true
25980,19572,2244,true
25981,19573,2222,true
25982,19574,2249,true
25983,19575,2251,true
25984,19576,2208,true
25985,19577,2209,true
25986,19578,2254,true
25987,19579,2255,true
25988,19580,2256,true
25989,19581,2257,true
25990,19582,2259,true
25991,19583,2257,true
25992,19584,2259,true
25993,19585,2257,true
25994,19586,2258,true
25995,19587,2257,true
25996,19588,2259,true
25997,19589,2732,false
25998,19590,2732,false
25999,19591,2257,false
26000,19591,2258,false
26001,19591,2259,false
26002,19592,2732,false
26003,19593,2732,false
26004,19594,2257,true
26005,19595,2259,true
26006,19596,2257,true
26007,19597,2259,true
26008,19598,2257,false
26009,19598,2258,false
26010,19598,2259,false
26011,19599,2257,false
26012,19599,2258,false
26013,19599,2259,false
26014,19600,2520,false
26015,19601,2260,true
26016,19602,2260,true
26017,19603,2260,true
26018,19604,2260,true
26019,19605,2260,true
26020,19606,2260,true
26021,19607,2260,true
26022,19608,2260,true
26023,19609,2260,true
26024,19610,2260,true
26025,19611,2260,true
26026,19612,2260,true
26027,19613,2260,true
26028,19614,2260,true
26029,19615,2260,true
26030,19616,2260,true
26031,19617,2260,true
26032,19618,2260,true
26033,19619,2260,true
26034,19620,2260,true
26035,19621,2260,true
26036,19622,2260,true
26037,19623,2260,true
26038,19624,2260,true
26039,19625,2260,true
26040,19626,2260,true
26041,19627,2260,true
26042,19628,2260,true
26043,19629,2260,true
26044,19630,2260,true
26045,19631,2260,true
26046,19632,2260,true
26047,19633,2260,true
26048,19634,2260,true
26049,19635,2260,true
26050,19636,2260,true
26051,19637,2260,true
26052,19638,2260,true
26053,19639,2260,true
26054,19640,2260,true
26055,19641,2260,true
26056,19642,2260,true
26057,19643,2260,true
26058,19644,2260,true
26059,19645,2260,true
26060,19646,2260,true
26061,19647,2260,true
26062,19648,2260,true
26063,19649,2260,true
26064,19650,2260,true
26065,19651,2260,true
26066,19652,2260,true
26067,19653,2260,true
26068,19654,2260,true
26069,19655,2260,true
26070,19656,2260,true
26071,19657,2260,true
26072,19658,2260,true
26073,19659,2260,true
26074,19660,2260,true
26075,19661,2261,true
26076,19662,2261,true
26077,19663,2261,true
26078,19664,2668,false
26079,19665,2261,true
26080,19666,2668,false
26081,19667,2262,true
26082,19668,2261,true
26083,19669,2261,true
26084,19670,2261,true
26085,19671,2668,false
26086,19672,2261,true
26087,19673,2262,true
26088,19674,2262,true
26089,19675,2668,false
26090,19676,2668,false
26091,19677,2261,true
26092,19678,2261,true
26093,19679,2262,true
26094,19680,2668,false
26095,19681,2668,false
26096,19682,2668,false
26097,19683,2668,false
26098,19684,2261,false
26099,19684,2262,false
26100,19685,2668,false
26101,19686,2261,false
26102,19686,2262,false
26103,19687,2261,false
26104,19687,2262,false
26105,19688,2261,true
26106,19689,2668,false
26107,19690,2262,true
26108,19691,2262,true
26109,19692,2263,true
26110,19693,2264,true
26111,19694,2265,true
26112,19695,2265,true
26113,19696,2266,true
26114,19697,2267,true
26115,19698,2269,true
26116,19699,2268,true
26117,19700,2270,true
26118,19701,2263,true
26119,19702,2264,true
26120,19703,2265,true
26121,19704,2266,true
26122,19705,2267,true
26123,19706,2269,true
26124,19707,2268,true
26125,19708,2270,true
26126,19709,2265,true
26127,19710,2263,true
26128,19711,2264,true
26129,19712,2265,true
26130,19713,2265,true
26131,19714,2266,true
26132,19715,2266,true
26133,19716,2266,true
26134,19717,2266,true
26135,19718,2266,true
26136,19719,2266,true
26137,19720,2267,true
26138,19721,2265,true
26139,19722,2269,true
26140,19723,2268,true
26141,19724,2270,true
26142,19725,2828,false
26143,19726,2828,false
26144,19727,2265,true
26145,19728,2828,false
26146,19729,2828,false
26147,19730,2828,false
26148,19731,2828,false
26149,19732,2828,false
26150,19733,2265,true
26151,19734,2828,false
26152,19735,2828,false
26153,19736,2263,false
26154,19736,2264,false
26155,19736,2266,false
26156,19736,2267,false
26157,19736,2268,false
26158,19736,2269,false
26159,19736,2270,false
26160,19737,2828,false
26161,19738,2265,true
26162,19739,2265,true
26163,19740,2266,true
26164,19741,2266,true
26165,19742,2265,true
26166,19743,2266,true
26167,19744,2266,true
26168,19745,2263,false
26169,19745,2264,false
26170,19745,2265,false
26171,19745,2266,false
26172,19745,2267,false
26173,19745,2268,false
26174,19745,2269,false
26175,19745,2270,false
26176,19746,2263,false
26177,19746,2264,false
26178,19746,2265,false
26179,19746,2266,false
26180,19746,2267,false
26181,19746,2268,false
26182,19746,2269,false
26183,19746,2270,false
26184,19747,2266,true
26185,19748,2267,true
26186,19749,2269,true
26187,19750,2268,true
26188,19751,2270,true
26189,19752,2277,true
26190,19753,2271,false
26191,19753,2277,false
26192,19754,2276,true
26193,19755,2271,true
26194,19755,2274,false
26195,19755,2279,false
26196,19756,2271,true
26197,19757,2272,true
26198,19758,2272,true
26199,19759,2273,true
26200,19760,2274,true
26201,19761,2277,true
26202,19762,2277,true
26203,19763,2277,true
26204,19764,2282,true
26205,19765,2521,false
26206,19766,2521,false
26207,19767,2521,false
26208,19768,2283,true
26209,19769,2271,true
26210,19769,2277,true
26211,19769,2282,true
26212,19769,2283,true
26213,19770,2271,true
26214,19771,2271,true
26215,19772,2272,true
26216,19773,2272,true
26217,19774,2273,true
26218,19775,2274,true
26219,19776,2277,true
26220,19777,2277,true
26221,19778,2282,true
26222,19779,2280,true
26223,19780,2283,false
26224,19781,2283,true
26225,19782,2271,true
26226,19782,2277,true
26227,19782,2282,true
26228,19782,2283,true
26229,19783,2277,true
26230,19784,2521,false
26231,19785,2521,false
26232,19786,2271,true
26233,19787,2271,true
26234,19788,2272,true
26235,19789,2272,true
26236,19790,2273,true
26237,19791,2521,false
26238,19792,2274,true
26239,19793,2274,true
26240,19794,2521,false
26241,19795,2275,true
26242,19796,2521,false
26243,19797,2277,true
26244,19798,2521,false
26245,19799,2277,true
26246,19800,2277,true
26247,19801,2282,true
26248,19802,2276,true
26249,19803,2278,true
26250,19804,2521,false
26251,19805,2280,true
26252,19806,2283,true
26253,19807,2283,false
26254,19808,2283,true
26255,19809,2521,false
26256,19810,2521,false
26257,19811,2272,true
26258,19812,2521,false
26259,19813,2521,false
26260,19814,2521,false
26261,19815,2521,false
26262,19816,2521,false
26263,19817,2277,true
26264,19818,2521,false
26265,19819,2521,false
26266,19820,2521,false
26267,19821,2521,false
26268,19822,2277,false
26269,19823,2283,true
26270,19824,2271,true
26271,19824,2277,true
26272,19824,2282,true
26273,19825,2283,false
26274,19826,2271,false
26275,19826,2272,false
26276,19826,2273,false
26277,19826,2274,false
26278,19826,2275,false
26279,19826,2277,false
26280,19826,2279,false
26281,19826,2282,false
26282,19826,2283,false
26283,19827,2283,true
26284,19828,2521,false
26285,19829,2521,false
26286,19830,2521,false
26287,19831,2521,false
26288,19832,2521,false
26289,19833,2521,false
26290,19834,2521,false
26291,19835,2271,true
26292,19835,2279,false
26293,19836,2271,true
26294,19836,2274,false
26295,19837,2271,true
26296,19838,2271,true
26297,19839,2271,true
26298,19840,2271,true
26299,19841,2271,true
26300,19842,2274,true
26301,19843,2274,true
26302,19844,2521,false
26303,19845,2521,false
26304,19846,2271,false
26305,19846,2277,true
26306,19847,2277,true
26307,19848,2277,true
26308,19849,2277,true
26309,19850,2277,true
26310,19851,2283,false
26311,19852,2283,true
26312,19853,2271,false
26313,19853,2277,true
26314,19853,2282,true
26315,19854,2273,true
26316,19854,2277,false
26317,19855,2271,false
26318,19855,2277,true
26319,19855,2282,false
26320,19856,2271,false
26321,19856,2272,false
26322,19856,2273,false
26323,19856,2274,false
26324,19856,2275,false
26325,19856,2277,false
26326,19856,2279,false
26327,19856,2282,false
26328,19856,2283,false
26329,19857,2282,true
26330,19858,2271,false
26331,19858,2272,false
26332,19858,2273,false
26333,19858,2274,false
26334,19858,2275,false
26335,19858,2277,false
26336,19858,2279,false
26337,19858,2282,false
26338,19858,2283,false
26339,19859,2271,true
26340,19860,2271,true
26341,19861,2272,true
26342,19862,2272,true
26343,19863,2273,true
26344,19864,2277,true
26345,19865,2282,true
26346,19866,2283,true
26347,19867,2281,true
26348,19867,2283,true
26349,19868,2284,true
26350,19869,2284,true
26351,19870,2284,true
26352,19871,2284,true
26353,19872,2284,true
26354,19873,2284,true
26355,19874,2284,true
26356,19875,2284,true
26357,19876,2284,true
26358,19877,2284,true
26359,19878,2284,true
26360,19879,2284,true
26361,19880,2284,true
26362,19881,2284,true
26363,19882,2284,true
26364,19883,2284,true
26365,19884,2733,false
26366,19885,2284,true
26367,19886,2284,false
26368,19887,2284,true
26369,19888,2284,true
26370,19889,2284,true
26371,19890,2284,true
26372,19891,2284,true
26373,19892,2733,false
26374,19893,2284,true
26375,19894,2284,true
26376,19895,2284,true
26377,19896,2284,true
26378,19897,2284,true
26379,19898,2284,true
26380,19899,2284,true
26381,19900,2284,true
26382,19901,2284,false
26383,19902,2284,true
26384,19903,2284,true
26385,19904,2284,true
26386,19905,2284,true
26387,19906,2284,false
26388,19907,2285,true
26389,19908,2285,true
26390,19909,2285,true
26391,19910,2285,true
26392,19911,2285,true
26393,19912,2285,true
26394,19913,2285,true
26395,19914,2286,true
26396,19915,2734,false
26397,19916,2285,false
26398,19917,2285,true
26399,19918,2285,true
26400,19919,2285,true
26401,19920,2735,false
26402,19921,2735,false
26403,19922,2735,false
26404,19923,2735,false
26405,19924,2287,true
26406,19925,2287,true
26407,19926,2288,true
26408,19927,2735,false
26409,19928,2287,true
26410,19929,2288,true
26411,19930,2735,false
26412,19931,2735,false
26413,19932,2735,false
26414,19933,2735,false
26415,19934,2735,false
26416,19935,2735,false
26417,19936,2735,false
26418,19937,2287,false
26419,19937,2288,false
26420,19938,2735,false
26421,19939,2735,false
26422,19940,2735,false
26423,19941,2735,false
26424,19942,2287,false
26425,19942,2288,false
26426,19943,2287,false
26427,19943,2288,false
26428,19944,2287,true
26429,19945,2829,false
26430,19946,2291,true
26431,19947,2289,true
26432,19948,2829,false
26433,19949,2291,true
26434,19950,2289,true
26435,19951,2290,true
26436,19952,2291,true
26437,19953,2829,false
26438,19954,2829,false
26439,19955,2289,true
26440,19956,2829,false
26441,19957,2290,true
26442,19958,2291,true
26443,19959,2290,true
26444,19960,2829,false
26445,19961,2829,false
26446,19962,2829,false
26447,19963,2829,false
26448,19964,2291,true
26449,19965,2829,false
26450,19966,2289,true
26451,19967,2289,true
26452,19967,2290,true
26453,19967,2291,true
26454,19968,2291,true
26455,19969,2829,false
26456,19970,2291,true
26457,19971,2829,false
26458,19972,2291,true
26459,19973,2291,true
26460,19974,2289,true
26461,19974,2290,true
26462,19974,2291,true
26463,19975,2291,true
26464,19976,2289,true
26465,19976,2290,true
26466,19976,2291,true
26467,19977,2829,false
26468,19978,2289,true
26469,19979,2290,true
26470,19980,2291,true
26471,19981,2291,true
26472,19982,2292,true
26473,19983,2295,false
26474,19984,2295,false
26475,19985,2830,false
26476,19986,2292,true
26477,19987,2293,true
26478,19988,2294,true
26479,19989,2292,true
26480,19990,2293,true
26481,19991,2294,true
26482,19992,2295,true
26483,19993,2830,false
26484,19994,2830,false
26485,19995,2830,false
26486,19996,2293,true
26487,19997,2830,false
26488,19998,2292,false
26489,19998,2293,false
26490,19998,2294,false
26491,19998,2295,false
26492,19999,2293,true
26493,19999,2294,false
26494,20000,2294,true
26495,20001,2292,true
26496,20002,2292,false
26497,20002,2293,false
26498,20002,2294,false
26499,20002,2295,false
26500,20003,2292,false
26501,20003,2293,false
26502,20003,2294,false
26503,20003,2295,false
26504,20004,2293,true
26505,20004,2295,false
26506,20005,2294,true
26507,20005,2295,false
26508,20006,2669,false
26509,20007,2669,false
26510,20008,2669,false
26511,20009,2669,false
26512,20010,2669,false
26513,20011,2296,true
26514,20012,2297,true
26515,20013,2298,true
26516,20014,2299,true
26517,20015,2300,true
26518,20016,2301,true
26519,20017,2302,true
26520,20018,2303,true
26521,20019,2304,true
26522,20020,2298,true
26523,20021,2296,true
26524,20022,2297,true
26525,20023,2299,true
26526,20024,2669,false
26527,20025,2300,true
26528,20026,2301,true
26529,20027,2302,true
26530,20028,2303,true
26531,20029,2304,true
26532,20030,2669,false
26533,20031,2669,false
26534,20032,2669,false
26535,20033,2669,false
26536,20034,2669,false
26537,20035,2669,false
26538,20036,2669,false
26539,20037,2669,false
26540,20038,2669,false
26541,20039,2669,false
26542,20040,2669,false
26543,20041,2669,false
26544,20042,2669,false
26545,20043,2669,false
26546,20044,2669,false
26547,20045,2669,false
26548,20046,2669,false
26549,20047,2669,false
26550,20048,2669,false
26551,20049,2669,false
26552,20050,2669,false
26553,20051,2669,false
26554,20052,2669,false
26555,20053,2296,true
26556,20054,2301,true
26557,20055,2303,true
26558,20056,2304,true
26559,20057,2305,false
26560,20058,2305,false
26561,20059,2306,false
26562,20060,2670,false
26563,20061,2305,false
26564,20062,2306,false
26565,20063,2306,false
26566,20064,2670,false
26567,20065,2670,false
26568,20066,2305,false
26569,20066,2306,false
26570,20067,2670,false
26571,20068,2670,false
26572,20069,2305,false
26573,20069,2306,false
26574,20070,2670,false
26575,20071,2305,false
26576,20071,2306,false
26577,20072,2306,false
26578,20073,2305,false
26579,20073,2306,false
26580,20074,2305,false
26581,20074,2306,false
26582,20075,2305,false
26583,20076,2307,true
26584,20076,2310,false
26585,20076,2314,false
26586,20076,2315,false
26587,20077,2309,true
26588,20078,2308,false
26589,20078,2310,false
26590,20078,2312,false
26591,20079,2312,true
26592,20080,2313,true
26593,20081,2314,true
26594,20082,2315,true
26595,20083,2310,true
26596,20083,2315,true
26597,20083,2316,true
26598,20084,2314,true
26599,20084,2315,true
26600,20084,2317,true
26601,20085,2315,true
26602,20085,2318,true
26603,20086,2319,true
26604,20087,2307,true
26605,20088,2314,false
26606,20088,2315,false
26607,20089,2308,true
26608,20090,2309,true
26609,20091,2310,true
26610,20092,2311,true
26611,20093,2312,true
26612,20094,2310,false
26613,20094,2314,false
26614,20094,2315,false
26615,20095,2313,true
26616,20096,2314,true
26617,20097,2315,true
26618,20098,2316,true
26619,20099,2317,true
26620,20100,2318,true
26621,20101,2319,true
26622,20102,2319,true
26623,20103,2307,true
26624,20104,2314,false
26625,20104,2315,false
26626,20105,2308,true
26627,20106,2309,true
26628,20107,2310,true
26629,20108,2312,true
26630,20109,2310,false
26631,20109,2314,false
26632,20109,2315,false
26633,20110,2313,true
26634,20111,2314,true
26635,20112,2315,true
26636,20113,2316,true
26637,20114,2317,true
26638,20115,2318,true
26639,20116,2319,true
26640,20117,2671,false
26641,20118,2671,false
26642,20119,2671,false
26643,20120,2671,false
26644,20121,2671,false
26645,20122,2671,false
26646,20123,2671,false
26647,20124,2671,false
26648,20125,2671,false
26649,20126,2671,false
26650,20127,2671,false
26651,20128,2671,false
26652,20129,2671,false
26653,20130,2671,false
26654,20131,2671,false
26655,20132,2319,true
26656,20133,2314,false
26657,20133,2315,false
26658,20134,2310,false
26659,20134,2314,false
26660,20134,2315,false
26661,20135,2319,true
26662,20136,2308,true
26663,20137,2307,false
26664,20137,2308,false
26665,20137,2309,false
26666,20137,2310,false
26667,20137,2311,false
26668,20137,2312,false
26669,20137,2313,false
26670,20137,2314,false
26671,20137,2315,false
26672,20137,2316,false
26673,20137,2317,false
26674,20137,2318,false
26675,20137,2319,false
26676,20138,2307,false
26677,20138,2308,false
26678,20138,2309,false
26679,20138,2310,false
26680,20138,2311,false
26681,20138,2312,false
26682,20138,2313,false
26683,20138,2314,false
26684,20138,2315,false
26685,20138,2316,false
26686,20138,2317,false
26687,20138,2318,false
26688,20138,2319,false
26689,20139,2307,true
26690,20140,2309,true
26691,20141,2310,true
26692,20142,2312,true
26693,20143,2313,true
26694,20144,2314,true
26695,20145,2315,true
26696,20146,2318,true
26697,20147,2319,true
26698,20148,2321,true
26699,20149,2320,true
26700,20150,2322,true
26701,20151,2322,true
26702,20152,2737,false
26703,20153,2322,true
26704,20153,2323,true
26705,20154,2322,true
26706,20155,2322,true
26707,20156,2322,true
26708,20157,2322,true
26709,20158,2323,true
26710,20159,2322,true
26711,20160,2322,true
26712,20161,2322,true
26713,20162,2322,true
26714,20163,2323,true
26715,20164,2322,true
26716,20165,2322,true
26717,20166,2322,true
26718,20167,2322,true
26719,20168,2322,true
26720,20169,2322,true
26721,20170,2737,false
26722,20171,2737,false
26723,20172,2322,true
26724,20173,2322,true
26725,20174,2322,true
26726,20175,2322,true
26727,20176,2322,true
26728,20177,2322,true
26729,20178,2322,true
26730,20179,2322,true
26731,20180,2322,true
26732,20181,2831,false
26733,20182,2831,false
26734,20183,2831,false
26735,20184,2831,false
26736,20185,2831,false
26737,20186,2831,false
26738,20187,2831,false
26739,20188,2831,false
26740,20189,2831,false
26741,20190,2831,false
26742,20191,2831,false
26743,20192,2831,false
26744,20193,2831,false
26745,20194,2831,false
26746,20195,2831,false
26747,20196,2831,false
26748,20197,2831,false
26749,20198,2831,false
26750,20199,2831,false
26751,20200,2831,false
26752,20201,2831,false
26753,20202,2831,false
26754,20203,2831,false
26755,20204,2831,false
26756,20205,2831,false
26757,20206,2831,false
26758,20207,2831,false
26759,20208,2831,false
26760,20209,2831,false
26761,20210,2831,false
26762,20211,2831,false
26763,20212,2831,false
26764,20213,2831,false
26765,20214,2831,false
26766,20215,2831,false
26767,20216,2831,false
26768,20217,2831,false
26769,20218,2831,false
26770,20219,2831,false
26771,20220,2831,false
26772,20221,2831,false
26773,20222,2831,false
26774,20223,2831,false
26775,20224,2831,false
26776,20225,2325,true
26777,20226,2325,true
26778,20227,2325,true
26779,20228,2672,false
26780,20229,2325,true
26781,20230,2325,true
26782,20231,2325,true
26783,20232,2325,true
26784,20233,2325,true
26785,20234,2325,true
26786,20235,2325,true
26787,20236,2325,true
26788,20237,2325,true
26789,20238,2325,true
26790,20239,2325,true
26791,20240,2325,true
26792,20241,2325,true
26793,20242,2325,true
26794,20243,2672,false
26795,20244,2325,true
26796,20245,2325,true
26797,20246,2325,true
26798,20247,2325,true
26799,20248,2325,true
26800,20249,2325,true
26801,20250,2325,true
26802,20251,2325,true
26803,20252,2325,true
26804,20253,2325,true
26805,20254,2325,true
26806,20255,2325,true
26807,20256,2325,true
26808,20257,2325,true
26809,20258,2326,true
26810,20259,2326,true
26811,20260,2326,true
26812,20261,2326,true
26813,20262,2326,true
26814,20263,2326,true
26815,20264,2326,true
26816,20265,2832,false
26817,20266,2326,true
26818,20267,2326,true
26819,20268,2832,false
26820,20269,2326,true
26821,20270,2326,true
26822,20271,2326,true
26823,20272,2326,true
26824,20273,2326,true
26825,20274,2326,true
26826,20275,2326,true
26827,20276,2832,false
26828,20277,2326,true
26829,20278,2326,true
26830,20279,2326,true
26831,20280,2326,true
26832,20281,2326,true
26833,20282,2326,true
26834,20283,2326,true
26835,20284,2326,true
26836,20285,2326,true
26837,20286,2326,true
26838,20287,2326,true
26839,20288,2326,true
26840,20289,2326,true
26841,20290,2326,true
26842,20291,2326,true
26843,20292,2326,true
26844,20293,2326,true
26845,20294,2326,true
26846,20295,2326,true
26847,20296,2326,true
26848,20297,2326,true
26849,20298,2326,true
26850,20299,2326,true
26851,20300,2326,true
26852,20301,2326,true
26853,20302,2326,true
26854,20303,2326,true
26855,20304,2326,true
26856,20305,2326,true
26857,20306,2326,true
26858,20307,2326,true
26859,20308,2326,true
26860,20309,2326,true
26861,20310,2326,true
26862,20311,2326,true
26863,20312,2326,true
26864,20313,2326,true
26865,20314,2326,true
26866,20315,2326,true
26867,20316,2326,true
26868,20317,2326,true
26869,20318,2326,true
26870,20319,2326,true
26871,20320,2326,true
26872,20321,2832,false
26873,20322,2326,true
26874,20323,2326,true
26875,20324,2326,true
26876,20325,2326,true
26877,20326,2326,true
26878,20327,2326,true
26879,20328,2326,true
26880,20329,2326,true
26881,20330,2326,true
26882,20331,2326,true
26883,20332,2326,true
26884,20333,2326,true
26885,20334,2326,true
26886,20335,2326,true
26887,20336,2326,true
26888,20337,2326,true
26889,20338,2326,true
26890,20339,2326,true
26891,20340,2326,true
26892,20341,2326,true
26893,20342,2326,true
26894,20343,2326,true
26895,20344,2326,true
26896,20345,2326,true
26897,20346,2326,true
26898,20347,2326,true
26899,20348,2326,true
26900,20349,2326,true
26901,20350,2327,true
26902,20351,2327,true
26903,20352,2674,false
26904,20353,2329,true
26905,20353,2330,true
26906,20354,2330,true
26907,20354,2335,true
26908,20355,2331,true
26909,20355,2333,true
26910,20356,2335,true
26911,20357,2334,true
26912,20358,2674,false
26913,20359,2330,true
26914,20360,2674,false
26915,20361,2674,false
26916,20362,2330,true
26917,20362,2333,true
26918,20363,2674,false
26919,20364,2334,true
26920,20365,2332,true
26921,20365,2334,true
26922,20366,2333,true
26923,20366,2334,true
26924,20367,2330,true
26925,20367,2332,true
26926,20367,2333,true
26927,20368,2330,true
26928,20368,2332,true
26929,20368,2336,true
26930,20369,2674,false
26931,20370,2330,true
26932,20371,2330,true
26933,20372,2329,true
26934,20373,2335,true
26935,20374,2674,false
26936,20375,2332,true
26937,20376,2334,true
26938,20377,2333,true
26939,20378,2330,true
26940,20379,2674,false
26941,20380,2674,false
26942,20381,2331,true
26943,20382,2674,false
26944,20383,2332,true
26945,20384,2330,true
26946,20385,2330,true
26947,20386,2330,true
26948,20387,2329,true
26949,20388,2674,false
26950,20389,2674,false
26951,20390,2334,true
26952,20391,2335,true
26953,20392,2674,false
26954,20393,2333,true
26955,20394,2674,false
26956,20395,2674,false
26957,20396,2334,true
26958,20397,2674,false
26959,20398,2333,true
26960,20399,2674,false
26961,20400,2674,false
26962,20401,2336,true
26963,20402,2674,false
26964,20403,2329,true
26965,20404,2330,true
26966,20404,2335,true
26967,20405,2331,true
26968,20405,2333,true
26969,20406,2674,false
26970,20407,2330,true
26971,20408,2674,false
26972,20409,2674,false
26973,20410,2674,false
26974,20411,2674,false
26975,20412,2332,true
26976,20412,2333,true
26977,20413,2674,false
26978,20414,2330,true
26979,20415,2330,true
26980,20416,2330,true
26981,20417,2330,true
26982,20418,2330,true
26983,20419,2330,true
26984,20420,2330,true
26985,20421,2330,true
26986,20422,2333,true
26987,20423,2333,true
26988,20424,2333,true
26989,20425,2333,true
26990,20426,2330,true
26991,20427,2674,false
26992,20428,2333,true
26993,20429,2335,true
26994,20430,2333,true
26995,20431,2336,true
26996,20432,2333,true
26997,20433,2336,true
26998,20434,2330,true
26999,20435,2333,true
27000,20436,2336,true
27001,20437,2674,false
27002,20438,2330,true
27003,20439,2329,true
27004,20440,2335,true
27005,20441,2332,true
27006,20441,2334,true
27007,20442,2334,true
27008,20443,2336,true
27009,20444,2522,false
27010,20445,2522,false
27011,20446,2522,false
27012,20447,2522,false
27013,20448,2522,false
27014,20449,2522,false
27015,20450,2522,false
27016,20451,2522,false
27017,20452,2522,false
27018,20453,2522,false
27019,20454,2522,false
27020,20455,2522,false
27021,20456,2522,false
27022,20457,2522,false
27023,20458,2522,false
27024,20459,2522,false
27025,20460,2522,false
27026,20461,2337,true
27027,20461,2342,true
27028,20462,2338,true
27029,20462,2342,true
27030,20463,2340,true
27031,20463,2342,true
27032,20464,2341,true
27033,20464,2342,true
27034,20465,2342,true
27035,20465,2343,true
27036,20466,2342,true
27037,20466,2344,true
27038,20467,2342,true
27039,20467,2345,true
27040,20468,2342,true
27041,20468,2346,true
27042,20469,2833,false
27043,20470,2833,false
27044,20471,2339,true
27045,20471,2342,true
27046,20472,2833,false
27047,20473,2833,false
27048,20474,2833,false
27049,20475,2833,false
27050,20476,2833,false
27051,20477,2833,false
27052,20478,2833,false
27053,20479,2337,true
27054,20480,2338,true
27055,20481,2339,true
27056,20481,2342,true
27057,20482,2340,true
27058,20483,2341,true
27059,20484,2342,true
27060,20485,2343,true
27061,20486,2344,true
27062,20487,2345,true
27063,20488,2346,true
27064,20489,2342,true
27065,20490,2342,true
27066,20491,2342,true
27067,20492,2342,true
27068,20493,2342,true
27069,20494,2342,true
27070,20495,2342,true
27071,20496,2342,true
27072,20497,2342,true
27073,20498,2337,true
27074,20499,2338,true
27075,20500,2339,true
27076,20501,2340,true
27077,20502,2341,true
27078,20503,2342,true
27079,20504,2342,true
27080,20505,2342,true
27081,20506,2343,true
27082,20507,2344,true
27083,20508,2344,true
27084,20509,2345,true
27085,20510,2346,true
27086,20511,2833,false
27087,20512,2833,false
27088,20513,2339,true
27089,20514,2833,false
27090,20515,2833,false
27091,20516,2833,false
27092,20517,2833,false
27093,20518,2342,true
27094,20519,2833,false
27095,20520,2833,false
27096,20521,2833,false
27097,20522,2833,false
27098,20523,2833,false
27099,20524,2337,false
27100,20524,2338,false
27101,20524,2339,false
27102,20524,2340,false
27103,20524,2341,false
27104,20524,2342,false
27105,20524,2343,false
27106,20524,2344,false
27107,20524,2345,false
27108,20524,2346,false
27109,20525,2337,false
27110,20525,2338,false
27111,20525,2339,false
27112,20525,2340,false
27113,20525,2341,false
27114,20525,2342,false
27115,20525,2343,false
27116,20525,2344,false
27117,20525,2345,false
27118,20525,2346,false
27119,20526,2337,true
27120,20527,2338,true
27121,20528,2339,true
27122,20528,2342,true
27123,20529,2340,true
27124,20530,2341,true
27125,20531,2342,true
27126,20532,2343,true
27127,20533,2344,true
27128,20534,2345,true
27129,20535,2346,true
27130,20536,2834,false
27131,20537,2347,true
27132,20538,2348,true
27133,20539,2347,true
27134,20540,2347,true
27135,20541,2348,true
27136,20542,2349,true
27137,20543,2834,false
27138,20544,2834,false
27139,20545,2834,false
27140,20546,2347,false
27141,20546,2348,false
27142,20546,2349,false
27143,20547,2347,false
27144,20547,2348,false
27145,20547,2349,false
27146,20548,2347,false
27147,20548,2348,false
27148,20548,2349,false
27149,20549,2347,true
27150,20550,2348,true
27151,20551,2349,true
27152,20552,2350,true
27153,20553,2350,true
27154,20554,2351,true
27155,20555,2352,true
27156,20556,2352,true
27157,20557,2353,true
27158,20558,2350,true
27159,20559,2352,true
27160,20560,2351,true
27161,20561,2352,true
27162,20562,2350,true
27163,20563,2350,true
27164,20564,2351,true
27165,20565,2352,true
27166,20566,2352,true
27167,20567,2353,true
27168,20568,2352,true
27169,20569,2352,true
27170,20570,2350,true
27171,20571,2354,true
27172,20572,2354,true
27173,20573,2354,true
27174,20574,2354,true
27175,20575,2354,true
27176,20576,2354,true
27177,20577,2676,false
27178,20578,2354,true
27179,20579,2354,true
27180,20580,2354,true
27181,20581,2354,true
27182,20582,2354,true
27183,20583,2354,true
27184,20584,2354,true
27185,20585,2354,true
27186,20586,2354,true
27187,20587,2354,true
27188,20588,2354,true
27189,20589,2354,true
27190,20590,2354,true
27191,20591,2354,true
27192,20592,2676,false
27193,20593,2354,true
27194,20594,2354,true
27195,20595,2354,true
27196,20596,2354,true
27197,20597,2354,true
27198,20598,2354,true
27199,20599,2354,true
27200,20600,2354,true
27201,20601,2676,false
27202,20602,2676,false
27203,20603,2354,true
27204,20604,2354,true
27205,20605,2354,true
27206,20606,2354,true
27207,20607,2676,false
27208,20608,2354,true
27209,20609,2354,true
27210,20610,2354,true
27211,20611,2354,true
27212,20612,2354,true
27213,20613,2354,true
27214,20614,2354,true
27215,20615,2354,true
27216,20616,2354,true
27217,20617,2354,true
27218,20618,2354,true
27219,20619,2354,true
27220,20620,2676,false
27221,20621,2354,true
27222,20622,2354,true
27223,20623,2354,true
27224,20624,2354,true
27225,20625,2354,false
27226,20626,2354,true
27227,20627,2354,true
27228,20628,2354,true
27229,20629,2676,false
27230,20630,2354,true
27231,20631,2676,false
27232,20632,2354,true
27233,20633,2354,false
27234,20634,2354,false
27235,20635,2354,true
27236,20636,2354,true
27237,20637,2676,false
27238,20638,2354,true
27239,20639,2354,true
27240,20640,2354,true
27241,20641,2354,true
27242,20642,2354,true
27243,20643,2354,true
27244,20644,2354,true
27245,20645,2739,false
27246,20646,2739,false
27247,20647,2739,false
27248,20648,2739,false
27249,20649,2739,false
27250,20650,2739,false
27251,20651,2739,false
27252,20652,2739,false
27253,20653,2739,false
27254,20654,2739,false
27255,20655,2739,false
27256,20656,2739,false
27257,20657,2739,false
27258,20658,2357,true
27259,20659,2355,true
27260,20660,2356,true
27261,20661,2356,true
27262,20662,2355,true
27263,20663,2355,true
27264,20664,2356,true
27265,20665,2835,false
27266,20666,2835,false
27267,20667,2357,true
27268,20668,2835,false
27269,20669,2835,false
27270,20670,2835,false
27271,20671,2835,false
27272,20672,2835,false
27273,20673,2835,false
27274,20674,2835,false
27275,20675,2355,true
27276,20676,2355,true
27277,20677,2835,false
27278,20678,2835,false
27279,20679,2355,true
27280,20680,2358,true
27281,20681,2836,false
27282,20682,2358,true
27283,20683,2359,true
27284,20684,2358,true
27285,20685,2358,true
27286,20686,2359,true
27287,20687,2359,true
27288,20688,2358,true
27289,20689,2359,true
27290,20690,2359,true
27291,20691,2359,true
27292,20692,2836,false
27293,20693,2836,false
27294,20694,2358,false
27295,20694,2359,false
27296,20695,2836,false
27297,20696,2358,true
27298,20697,2359,true
27299,20698,2359,true
27300,20699,2358,true
27301,20700,2359,true
27302,20701,2359,true
27303,20702,2358,false
27304,20702,2359,false
27305,20703,2358,false
27306,20703,2359,false
27307,20704,2358,true
27308,20705,2359,true
27309,20706,2837,false
27310,20707,2837,false
27311,20708,2837,false
27312,20709,2837,false
27313,20710,2837,false
27314,20711,2837,false
27315,20712,2837,false
27316,20713,2837,false
27317,20714,2837,false
27318,20715,2360,false
27319,20716,2360,false
27320,20717,2837,false
27321,20718,2837,false
27322,20719,2360,false
27323,20720,2837,false
27324,20721,2837,false
27325,20722,2837,false
27326,20723,2837,false
27327,20724,2360,false
27328,20725,2360,false
27329,20726,2837,false
27330,20727,2837,false
27331,20728,2837,false
27332,20729,2837,false
27333,20730,2837,false
27334,20731,2837,false
