action_condition_key_id,action_resource_type_id,action_id,condition_key_id
1,172,100,179
2,221,132,181
3,263,160,179
4,408,249,147
5,448,276,180
6,452,277,180
7,484,292,180
8,486,293,180
9,551,316,180
10,601,339,180
11,616,351,180
12,694,407,181
13,964,635,179
14,970,639,181
15,1071,718,181
16,1091,731,179
17,1105,738,181
18,214,129,181
19,1305,896,181
20,218,131,181
21,224,133,181
22,338,210,181
23,1351,923,210
24,1387,935,181
25,1397,940,180
26,1446,972,181
27,1450,973,180
28,399,246,181
29,1599,1085,180
30,406,248,146
31,408,249,148
32,421,261,179
33,425,264,179
34,1626,1103,179
35,459,280,180
36,601,339,181
37,694,407,180
38,713,420,141
39,1626,1103,53
40,770,469,181
41,1626,1103,55
42,1636,1110,179
43,773,472,179
44,1637,1111,181
45,864,560,181
46,875,570,179
47,1696,1149,179
48,1699,1152,180
49,959,632,179
50,1700,1152,179
51,1705,1155,181
52,1010,676,179
53,1039,697,181
54,1707,1157,181
55,1230,837,192
56,1237,843,181
57,1345,922,180
58,1712,1159,180
59,1351,923,205
60,1713,1160,181
61,1352,923,179
62,1893,1266,181
63,1401,943,180
64,1901,1270,179
65,1411,951,180
66,1446,972,180
67,1572,1070,179
68,1590,1080,180
69,1607,1089,180
70,1635,1109,179
71,1674,1139,179
72,1908,1275,179
73,1682,1143,180
74,1911,1277,179
75,1912,1278,179
76,1698,1151,179
77,1923,1285,181
78,1699,1152,181
79,1929,1290,181
80,1969,1305,179
81,1970,1306,181
82,1982,1313,1254
83,1701,1153,179
84,2049,1362,325
85,1705,1155,180
86,1706,1156,179
87,1707,1157,180
88,2049,1362,323
89,1712,1159,181
90,2113,1411,330
91,1713,1160,180
92,1845,1240,179
93,2167,1454,181
94,1850,1243,179
95,2178,1458,347
96,2207,1480,352
97,2207,1480,356
98,1851,1244,179
99,2262,1580,179
100,1859,1248,181
101,2340,1689,179
102,1866,1252,179
103,1871,1255,181
104,1891,1265,181
105,2340,1689,525
106,1896,1268,179
107,1899,1269,179
108,2340,1689,643
109,1916,1282,179
110,2340,1689,640
111,2340,1689,428
112,2340,1689,430
113,2340,1689,498
114,2340,1689,521
115,1922,1284,179
116,2522,1832,179
117,1932,1292,181
118,1982,1313,1252
119,2178,1458,344
120,2564,1868,181
121,2178,1458,181
122,2687,1969,682
123,2202,1477,179
124,2460,1787,181
125,2611,1909,181
126,2652,1942,181
127,2705,1978,681
128,2705,1978,695
129,2705,1978,690
130,2719,1987,179
131,2719,1987,698
132,2775,2039,180
133,2757,2021,179
134,2776,2039,179
135,2869,2118,179
136,2937,2168,181
137,3021,2235,180
138,3027,2238,180
139,3068,2266,181
140,3072,2268,180
141,3077,2271,180
142,2758,2022,180
143,3117,2305,179
144,3317,2434,835
145,3320,2436,179
146,2883,2130,179
147,2897,2138,181
148,2920,2151,179
149,3323,2439,180
150,3449,2527,181
151,2939,2169,179
152,3505,2568,179
153,3603,2639,795
154,3623,2648,181
155,3068,2266,180
156,3632,2649,181
157,3838,2800,181
158,3851,2806,181
159,3208,2361,179
160,3854,2807,181
161,4040,2957,857
162,4070,2972,857
163,3220,2372,181
164,4078,2975,1362
165,4146,3019,1352
166,4146,3019,1353
167,4165,3028,179
168,4170,3032,181
169,4193,3053,179
170,4294,3115,180
171,4294,3115,178
172,4351,3142,181
173,4380,3152,180
174,4380,3152,178
175,4526,3240,181
176,4536,3245,179
177,4541,3248,179
178,4542,3249,179
179,3317,2434,179
180,3320,2436,835
181,4608,3301,181
182,4619,3303,181
183,3323,2439,181
184,4649,3322,180
185,3449,2527,180
186,3478,2551,790
187,4703,3358,181
188,3478,2551,804
189,4719,3365,181
190,4726,3368,181
191,3502,2566,181
192,4733,3372,181
193,3815,2784,181
194,3836,2799,181
195,4888,3473,179
196,3872,2818,179
197,3877,2822,179
198,3882,2824,179
199,5009,3530,181
200,5132,3626,179
201,3888,2826,181
202,5275,3714,181
203,3957,2877,181
204,5314,3748,179
205,4040,2957,853
206,5376,3794,220
207,5378,3795,220
208,5475,3865,179
209,4062,2968,847
210,5537,3918,249
211,4062,2968,848
212,4070,2972,853
213,4089,2982,1362
214,5602,3949,179
215,4146,3019,1355
216,5619,3955,181
217,5644,3964,249
218,5807,4040,249
219,5853,4067,249
220,4155,3022,1362
221,5990,4146,179
222,4164,3027,179
223,4294,3115,186
224,6163,4223,180
225,4300,3118,180
226,6285,4312,181
227,6385,4398,181
228,6562,4523,179
229,4300,3118,178
230,6660,4589,1322
231,4351,3142,180
232,4351,3142,178
233,4368,3148,179
234,6724,4626,181
235,4383,3153,180
236,6877,4776,313
237,6887,4780,313
238,6919,4790,313
239,4383,3153,178
240,6976,4823,299
241,4441,3186,180
242,6993,4834,181
243,4441,3186,178
244,4515,3234,181
245,4649,3322,181
246,4706,3359,181
247,6996,4836,179
248,4717,3364,179
249,7020,4854,298
250,4993,3522,181
251,5144,3634,181
252,5151,3639,181
253,7043,4869,298
254,5265,3713,179
255,7168,4971,181
256,7174,4974,179
257,7178,4976,181
258,5283,3722,179
259,7359,5098,181
260,7368,5103,181
261,7603,5288,181
262,5303,3740,179
263,7603,5288,334
264,5366,3787,180
265,5449,3849,181
266,5451,3850,181
267,5476,3866,179
268,7737,5358,179
269,5477,3867,181
270,5540,3919,249
271,5584,3940,179
272,7768,5381,181
273,7815,5416,179
274,5595,3945,179
275,5596,3946,179
276,7842,5439,181
277,7981,5528,181
278,5614,3953,179
279,6063,4183,181
280,6091,4188,248
281,6116,4197,248
282,8151,5645,181
283,6163,4223,181
284,6320,4337,181
285,6896,4783,313
286,8153,5647,353
287,8379,5809,181
288,6928,4792,313
289,6935,4794,309
290,6937,4795,313
291,6939,4796,315
292,6949,4801,315
293,8465,5855,180
294,8513,5878,181
295,8689,5986,388
296,8705,5995,392
297,8709,5997,422
298,6988,4831,181
299,6996,4836,298
300,8709,5997,437
301,7043,4869,299
302,7139,4952,298
303,7186,4980,181
304,7190,4982,181
305,7191,4983,181
306,7235,5021,179
307,7267,5044,180
308,7284,5059,179
309,8709,5997,444
310,7329,5087,181
311,8709,5997,458
312,8709,5997,515
313,7346,5093,181
314,8709,5997,464
315,7364,5100,181
316,7478,5192,341
317,7686,5319,181
318,7732,5355,179
319,7773,5382,181
320,8709,5997,472
321,8709,5997,478
322,7778,5387,179
323,7942,5500,179
324,8056,5585,181
325,8709,5997,505
326,8713,5999,392
327,8120,5626,181
328,8135,5631,333
329,8143,5638,179
330,8716,6001,422
331,8716,6001,437
332,8266,5731,181
333,8270,5733,179
334,8415,5827,179
335,8716,6001,444
336,8716,6001,458
337,8514,5879,181
338,8677,5979,530
339,8716,6001,515
340,8716,6001,464
341,8716,6001,472
342,8716,6001,478
343,8678,5980,388
344,8716,6001,505
345,8720,6003,530
346,8733,6010,530
347,8753,6021,523
348,8763,6026,530
349,8766,6028,530
350,8698,5991,530
351,8705,5995,530
352,8709,5997,388
353,8709,5997,393
354,8709,5997,394
355,8870,6122,541
356,8889,6137,543
357,8990,6217,181
358,9004,6229,179
359,9181,6358,179
360,8709,5997,420
361,9211,6386,181
362,9270,6436,181
363,9272,6437,180
364,9275,6438,180
365,9311,6472,180
366,9312,6473,180
367,8709,5997,452
368,9355,6498,181
369,9472,6599,813
370,9536,6642,179
371,9633,6695,181
372,8709,5997,456
373,9807,6797,181
374,9946,6921,626
375,8709,5997,424
376,9964,6932,626
377,9996,6955,624
378,8709,5997,427
379,10046,6975,180
380,8709,5997,513
381,10075,7001,181
382,10118,7039,181
383,8709,5997,471
384,10130,7045,180
385,10149,7057,181
386,8709,5997,481
387,8711,5998,388
388,10162,7063,638
389,8711,5998,393
390,10167,7066,638
391,8711,5998,394
392,10180,7071,639
393,8713,5999,530
394,10203,7085,180
395,10203,7085,638
396,10319,7156,179
397,10323,7158,180
398,10323,7158,638
399,10346,7165,180
400,10346,7165,638
401,8716,6001,420
402,10375,7181,181
403,10456,7219,179
404,8716,6001,452
405,8716,6001,456
406,8716,6001,424
407,10513,7267,180
408,10625,7347,181
409,8716,6001,427
410,8716,6001,513
411,8716,6001,471
412,10774,7439,179
413,10861,7488,180
414,10957,7562,710
415,8716,6001,481
416,8722,6004,388
417,10957,7562,707
418,10957,7562,711
419,11000,7587,708
420,8722,6004,536
421,11041,7622,181
422,11046,7627,179
423,11094,7671,181
424,8739,6014,386
425,8739,6014,530
426,11254,7772,181
427,11258,7774,179
428,8747,6018,530
429,8753,6021,388
430,11294,7807,181
431,8915,6157,538
432,11341,7837,179
433,8990,6217,180
434,11368,7853,180
435,11368,7853,1214
436,11379,7859,1218
437,8999,6225,181
438,9090,6294,181
439,9166,6348,179
440,11379,7859,1219
441,9262,6431,179
442,11384,7862,1212
443,9265,6432,181
444,11384,7862,1208
445,11520,7985,179
446,11653,8096,179
447,11666,8104,1129
448,11666,8104,1133
449,9270,6436,180
450,11666,8104,1134
451,11666,8104,1136
452,11666,8104,1138
453,9272,6437,181
454,11666,8104,1150
455,11666,8104,1164
456,11666,8104,1166
457,9275,6438,181
458,11666,8104,1167
459,11666,8104,1170
460,11666,8104,1178
461,11666,8104,1183
462,9311,6472,181
463,9312,6473,181
464,9314,6474,180
465,11666,8104,1188
466,9403,6545,181
467,9462,6591,817
468,9462,6591,180
469,9472,6599,179
470,9541,6645,181
471,11666,8104,1189
472,9545,6646,179
473,11666,8104,1342
474,10007,6958,624
475,11668,8105,720
476,11668,8105,179
477,10037,6968,624
478,10046,6975,181
479,11677,8111,181
480,11751,8172,181
481,11816,8215,181
482,10130,7045,181
483,11898,8279,1247
484,11898,8279,1248
485,11954,8327,181
486,10173,7068,642
487,12097,8439,179
488,12196,8509,181
489,12224,8525,181
490,10203,7085,181
491,12293,8579,181
492,12443,8720,180
493,12463,8751,180
494,12479,8772,180
495,10246,7108,638
496,12492,8793,180
497,12725,9009,179
498,12740,9018,180
499,10252,7111,638
500,12781,9036,181
501,12793,9046,179
502,12800,9051,179
503,10266,7120,638
504,12801,9052,180
505,12829,9079,179
506,12925,9141,180
507,13075,9275,181
508,10266,7120,645
509,10311,7151,638
510,13169,9353,181
511,13241,9413,181
512,10346,7165,181
513,10351,7167,638
514,13312,9455,180
515,10402,7192,179
516,10474,7236,179
517,13393,9493,181
518,10513,7267,181
519,10546,7292,179
520,13502,9549,180
521,13578,9614,181
522,13665,9682,179
523,10602,7335,181
524,13716,9712,179
525,13717,9713,181
526,13719,9715,181
527,10612,7340,179
528,10614,7341,179
529,10615,7342,179
530,13721,9717,179
531,10623,7346,181
532,10779,7442,180
533,13996,9849,181
534,10793,7450,180
535,10803,7456,179
536,14000,9851,108
537,14026,9859,132
538,10861,7488,181
539,14074,9872,180
540,14138,9903,180
541,14146,9910,179
542,10868,7493,181
543,10874,7497,181
544,10928,7546,181
545,14176,9934,181
546,10957,7562,697
547,10957,7562,706
548,11000,7587,180
549,11182,7721,181
550,11186,7723,179
551,11316,7825,179
552,14239,9968,181
553,14297,9999,180
554,11339,7836,179
555,14395,10056,180
556,11357,7847,180
557,14427,10072,151
558,11368,7853,1218
559,11368,7853,1219
560,11372,7855,1212
561,11372,7855,1208
562,11379,7859,180
563,14455,10089,179
564,11379,7859,1214
565,14536,10151,181
566,14586,10194,179
567,11386,7863,1212
568,11386,7863,1208
569,11388,7864,1212
570,14601,10204,179
571,11388,7864,1208
572,11390,7865,1212
573,14608,10207,179
574,11390,7865,1208
575,11517,7982,181
576,14647,10225,181
577,11518,7983,181
578,11666,8104,1181
579,14770,10323,181
580,11666,8104,1184
581,11666,8104,1186
582,11666,8104,1175
583,15001,10427,181
584,11666,8104,1132
585,11666,8104,1163
586,11666,8104,1180
587,11666,8104,1187
588,15007,10430,257
589,11666,8104,179
590,11668,8105,49
591,11668,8105,1342
592,11752,8173,181
593,11758,8177,179
594,11816,8215,180
595,11846,8234,181
596,15010,10433,181
597,15180,10531,255
598,11899,8280,1247
599,11899,8280,1248
600,15180,10531,250
601,11964,8334,1247
602,11964,8334,1248
603,15202,10537,181
604,15240,10553,263
605,12051,8403,1285
606,15253,10561,180
607,15274,10578,180
608,15296,10593,181
609,15358,10637,181
610,12076,8422,179
611,12083,8427,181
612,15362,10640,181
613,15370,10648,179
614,12438,8715,181
615,15832,10982,181
616,15836,10986,181
617,15856,11006,179
618,12639,8935,181
619,16090,11237,179
620,12756,9026,180
621,16090,11237,377
622,12801,9052,181
623,12867,9102,181
624,12929,9143,180
625,16213,11336,181
626,12937,9147,180
627,13271,9431,181
628,16262,11371,181
629,16420,11495,618
630,16455,11513,179
631,16494,11542,179
632,13308,9453,180
633,13310,9454,180
634,13369,9481,180
635,16501,11544,181
636,13377,9483,180
637,16524,11560,180
638,16530,11563,181
639,16562,11580,180
640,16629,11626,181
641,16711,11675,180
642,16899,11852,181
643,13381,9486,180
644,16904,11854,179
645,16981,11905,728
646,13386,9488,180
647,214,129,179
648,218,131,179
649,224,133,179
650,338,210,179
651,406,248,143
652,421,261,181
653,425,264,181
654,601,339,179
655,770,469,179
656,773,472,181
657,864,560,179
658,875,570,181
659,959,632,181
660,1010,676,181
661,1039,697,179
662,1237,843,179
663,1351,923,225
664,1352,923,181
665,1391,937,180
666,1413,952,180
667,1483,1002,181
668,1572,1070,181
669,1582,1076,180
670,1605,1088,180
671,1626,1103,56
672,1626,1103,54
673,1635,1109,181
674,1674,1139,181
675,1680,1142,180
676,1696,1149,180
677,1698,1151,181
678,1699,1152,179
679,1700,1152,180
680,1701,1153,181
681,1706,1156,181
682,1712,1159,179
683,1845,1240,181
684,1850,1243,181
685,1851,1244,181
686,1859,1248,179
687,1866,1252,181
688,1871,1255,179
689,1891,1265,179
690,1896,1268,181
691,1899,1269,181
692,1908,1275,295
693,1911,1277,295
694,1912,1278,295
695,1916,1282,181
696,1921,1283,180
697,1922,1284,181
698,1932,1292,179
699,1978,1311,1254
700,1985,1314,1251
701,2009,1331,181
702,2178,1458,338
703,2178,1458,179
704,2180,1460,347
705,2202,1477,181
706,2340,1689,431
707,2340,1689,432
708,2460,1787,179
709,2461,1788,648
710,2611,1909,179
711,2652,1942,179
712,2652,1942,693
713,2652,1942,696
714,2705,1978,680
715,2719,1987,180
716,2754,2018,737
717,2776,2039,181
718,2869,2118,181
719,2937,2168,179
720,3004,2223,180
721,3031,2240,180
722,3102,2293,180
723,3117,2305,181
724,3174,2340,778
725,3174,2340,781
726,3174,2340,783
727,3208,2361,180
728,3317,2434,180
729,3320,2436,181
730,3323,2439,835
731,3449,2527,179
732,3505,2568,181
733,3568,2616,807
734,3623,2648,179
735,3838,2800,179
736,3851,2806,179
737,3854,2807,179
738,4050,2962,853
739,4062,2968,857
740,4066,2970,853
741,4096,2987,1362
742,4110,2998,1362
743,4146,3019,1348
744,4165,3028,181
745,4170,3032,179
746,4193,3053,181
747,4292,3114,180
748,4292,3114,178
749,4306,3121,180
750,4306,3121,178
751,4306,3121,185
752,4328,3135,180
753,4328,3135,178
754,4351,3142,179
755,4368,3148,180
756,4368,3148,178
757,4476,3196,186
758,4526,3240,179
759,4536,3245,181
760,4541,3248,181
761,4542,3249,181
762,4608,3301,179
763,4703,3358,179
764,4719,3365,179
765,4726,3368,179
766,4733,3372,179
767,4888,3473,181
768,4914,3490,181
769,5009,3530,179
770,5132,3626,181
771,5283,3722,180
772,5303,3740,180
773,5306,3741,180
774,5314,3748,181
775,5351,3776,181
776,5368,3788,180
777,5376,3794,230
778,5378,3795,230
779,5475,3865,181
780,5555,3922,249
781,5565,3928,249
782,5602,3949,181
783,5619,3955,179
784,5619,3955,259
785,5619,3955,258
786,5619,3955,256
787,5644,3964,248
788,5655,3968,249
789,5692,3984,180
790,5807,4040,248
791,5990,4146,181
792,6063,4183,249
793,6211,4254,181
794,6285,4312,179
795,6368,4382,181
796,6385,4398,179
797,6493,4472,181
798,6562,4523,181
799,6662,4590,1322
800,6698,4613,1322
801,6877,4776,309
802,6887,4780,309
803,6896,4783,315
804,6906,4786,313
805,6939,4796,313
806,6949,4801,313
807,6993,4834,179
808,6996,4836,181
809,7168,4971,179
810,7174,4974,181
811,7279,5055,180
812,7284,5059,180
813,7359,5098,179
814,7368,5103,179
815,7603,5288,179
816,7603,5288,340
817,7629,5309,328
818,7737,5358,181
819,7768,5381,179
820,7815,5416,181
821,7842,5439,179
822,7981,5528,179
823,8151,5645,179
824,8363,5803,180
825,8379,5809,179
826,8513,5878,179
827,8677,5979,388
828,8698,5991,388
829,8705,5995,388
830,8705,5995,393
831,8705,5995,394
832,8709,5997,448
833,8709,5997,450
834,8709,5997,426
835,8709,5997,436
836,8709,5997,447
837,8709,5997,461
838,8709,5997,495
839,8709,5997,509
840,8709,5997,514
841,8709,5997,465
842,8709,5997,470
843,8709,5997,476
844,8709,5997,482
845,8709,5997,492
846,8709,5997,530
847,8711,5998,530
848,8713,5999,388
849,8713,5999,393
850,8713,5999,394
851,8716,6001,448
852,8716,6001,450
853,8716,6001,426
854,8716,6001,436
855,8716,6001,447
856,8716,6001,461
857,8716,6001,495
858,8716,6001,509
859,8716,6001,514
860,8716,6001,465
861,8716,6001,470
862,8716,6001,476
863,8716,6001,482
864,8716,6001,492
865,8722,6004,530
866,8739,6014,388
867,8747,6018,388
868,8747,6018,393
869,8747,6018,394
870,8753,6021,530
871,8990,6217,179
872,9004,6229,181
873,9181,6358,181
874,9211,6386,179
875,9270,6436,179
876,9341,6489,180
877,9355,6498,179
878,9400,6543,181
879,9436,6573,181
880,9472,6599,817
881,9472,6599,180
882,9536,6642,181
883,9714,6743,602
884,10118,7039,179
885,10149,7057,179
886,10180,7071,180
887,10180,7071,638
888,10295,7141,638
889,10313,7152,638
890,10319,7156,181
891,10346,7165,642
892,10375,7181,179
893,10456,7219,181
894,10542,7289,181
895,10625,7347,179
896,10639,7359,667
897,10774,7439,181
898,10781,7443,180
899,10797,7452,180
900,10948,7557,702
901,10957,7562,708
902,10957,7562,703
903,10998,7586,181
904,11000,7587,710
905,11000,7587,711
906,11046,7627,181
907,11094,7671,179
908,11161,7708,181
909,11170,7713,180
910,11254,7772,179
911,11258,7774,181
912,11294,7807,179
913,11341,7837,181
914,11368,7853,1212
915,11368,7853,1208
916,11372,7855,1218
917,11372,7855,1219
918,11384,7862,180
919,11384,7862,1214
920,11386,7863,1218
921,11386,7863,1219
922,11388,7864,1218
923,11388,7864,1190
924,11388,7864,1219
925,11390,7865,1218
926,11390,7865,1219
927,11520,7985,181
928,11653,8096,181
929,11656,8097,180
930,11666,8104,1125
931,11666,8104,1131
932,11666,8104,1142
933,11666,8104,1168
934,11666,8104,1182
935,11668,8105,719
936,11668,8105,79
937,11668,8105,181
938,11668,8105,1346
939,11668,8105,1344
940,11677,8111,179
941,11751,8172,179
942,11816,8215,179
943,11879,8263,1247
944,11879,8263,1248
945,11884,8268,1247
946,11884,8268,1248
947,12097,8439,181
948,12185,8505,1328
949,12196,8509,179
950,12224,8525,179
951,12452,8737,180
952,12725,9009,181
953,12759,9027,180
954,12781,9036,179
955,12793,9046,181
956,12800,9051,181
957,12829,9079,181
958,12923,9140,180
959,12933,9145,180
960,13075,9275,179
961,13143,9332,181
962,13169,9353,179
963,13343,9470,180
964,13393,9493,179
965,13396,9495,180
966,13453,9525,180
967,13471,9536,180
968,13486,9541,181
969,13554,9593,180
970,13626,9653,181
971,13665,9682,181
972,13699,9700,181
973,13716,9712,181
974,13717,9713,179
975,13719,9715,179
976,13721,9717,181
977,13996,9849,105
978,13996,9849,179
979,14146,9910,181
980,14232,9967,180
981,14313,10008,180
982,14348,10035,180
983,14363,10047,180
984,14427,10072,180
985,14427,10072,178
986,14455,10089,181
987,14586,10194,181
988,14601,10204,181
989,14608,10207,181
990,14647,10225,179
991,14770,10323,179
992,15001,10427,179
993,15007,10430,253
994,15010,10433,179
995,15169,10526,252
996,15169,10526,255
997,15202,10537,179
998,15244,10556,180
999,15254,10562,266
1000,15262,10568,180
1001,15358,10637,179
1002,15362,10640,179
1003,15370,10648,181
1004,15694,10873,181
1005,15832,10982,179
1006,15836,10986,179
1007,15856,11006,181
1008,16090,11237,181
1009,16213,11336,179
1010,16220,11338,181
1011,16262,11371,179
1012,16455,11513,181
1013,16494,11542,181
1014,16509,11550,181
1015,16537,11567,180
1016,16547,11571,181
1017,16558,11577,180
1018,16629,11626,179
1019,16634,11629,180
1020,16644,11635,180
1021,16704,11672,180
1022,16896,11851,728
1023,16899,11852,179
1024,16904,11854,181
1025,16904,11854,727
1026,16904,11854,722
1027,16904,11854,730
1028,16992,11910,181
1029,16992,11910,726
1030,16998,11913,728
1031,17036,11924,181
1032,17043,11926,727
1033,17043,11926,730
1034,17091,11961,180
1035,17108,11968,754
1036,17118,11971,180
1037,17137,11979,181
1038,17162,11989,179
1039,17162,11989,754
1040,17185,12000,181
1041,17198,12005,179
1042,17198,12005,754
1043,17245,12021,180
1044,17336,12065,754
1045,17398,12095,180
1046,17403,12097,772
1047,17435,12110,754
1048,17439,12112,743
1049,17457,12118,754
1050,17466,12121,754
1051,17552,12166,180
1052,17677,12215,754
1053,17738,12241,745
1054,17745,12244,180
1055,17753,12248,743
1056,17782,12250,776
1057,17811,12253,180
1058,17813,12254,754
1059,17842,12269,754
1060,17871,12281,180
1061,17891,12288,754
1062,17919,12301,754
1063,17921,12302,754
1064,18031,12350,776
1065,18057,12365,181
1066,18194,12449,181
1067,18296,12499,181
1068,18316,12515,180
1069,18330,12527,181
1070,18379,12573,179
1071,18688,12872,180
1072,18707,12882,179
1073,18726,12891,892
1074,18726,12891,893
1075,18770,12928,881
1076,18804,12950,873
1077,18804,12950,894
1078,18845,12983,789
1079,18870,13000,1196
1080,18874,13002,180
1081,18874,13002,1112
1082,18876,13003,180
1083,18876,13003,1112
1084,18877,13003,180
1085,18877,13003,1112
1086,18877,13003,1162
1087,18892,13009,180
1088,18892,13009,1112
1089,18898,13012,940
1090,18898,13012,941
1091,18898,13012,956
1092,18898,13012,1010
1093,18898,13012,1017
1094,18898,13012,1042
1095,18898,13012,1045
1096,18904,13014,941
1097,18913,13017,940
1098,18913,13017,941
1099,18913,13017,956
1100,18913,13017,1010
1101,18913,13017,1017
1102,18913,13017,1042
1103,18913,13017,1045
1104,18918,13020,180
1105,18918,13020,1112
1106,18930,13023,180
1107,18930,13023,1112
1108,18967,13035,180
1109,18967,13035,1112
1110,18971,13037,180
1111,18971,13037,1112
1112,18974,13038,971
1113,18974,13038,1009
1114,18974,13038,1014
1115,18974,13038,1043
1116,18974,13038,1044
1117,18974,13038,1091
1118,18982,13041,181
1119,18987,13042,180
1120,18987,13042,1112
1121,19018,13059,179
1122,19018,13059,976
1123,19018,13059,1155
1124,19024,13062,962
1125,19024,13062,971
1126,19024,13062,1011
1127,19045,13070,181
1128,19058,13076,179
1129,19058,13076,971
1130,19058,13076,1009
1131,19058,13076,1014
1132,19062,13076,940
1133,19062,13076,941
1134,19065,13077,1160
1135,19067,13077,180
1136,19067,13077,1112
1137,19072,13077,1199
1138,19075,13079,1053
1139,19079,13080,180
1140,19079,13080,995
1141,19079,13080,1112
1142,19079,13080,1119
1143,19096,13086,181
1144,19103,13089,181
1145,19125,13097,1050
1146,19125,13097,1149
1147,19133,13099,180
1148,19133,13099,1112
1149,19169,13110,180
1150,19169,13110,1112
1151,19170,13110,180
1152,19170,13110,1112
1153,19180,13112,1160
1154,19190,13116,179
1155,19190,13116,1155
1156,19208,13123,1123
1157,19214,13125,179
1158,19224,13128,976
1159,19224,13128,1155
1160,19231,13131,180
1161,19231,13131,1112
1162,19236,13133,179
1163,19248,13133,1053
1164,19248,13133,1095
1165,19253,13133,179
1166,19257,13133,181
1167,19259,13133,179
1168,19262,13133,181
1169,19265,13133,181
1170,19266,13133,181
1171,19269,13133,179
1172,19275,13133,179
1173,19282,13133,181
1174,19284,13133,179
1175,19288,13133,180
1176,19288,13133,1112
1177,19307,13133,180
1178,19307,13133,1112
1179,19309,13133,179
1180,19309,13133,976
1181,19309,13133,1155
1182,19315,13133,179
1183,19315,13133,911
1184,19320,13133,179
1185,19325,13133,179
1186,19329,13133,180
1187,19329,13133,1112
1188,19336,13133,180
1189,19336,13133,996
1190,19336,13133,1112
1191,19336,13133,1126
1192,19343,13136,1160
1193,19347,13136,180
1194,19347,13136,1112
1195,19354,13139,179
1196,19384,13148,1199
1197,19389,13150,180
1198,19389,13150,1112
1199,19390,13150,179
1200,19391,13150,180
1201,19391,13150,1112
1202,19397,13151,1151
1203,19412,13156,180
1204,19412,13156,1112
1205,19415,13157,940
1206,19415,13157,941
1207,19433,13162,1162
1208,19443,13164,1199
1209,19449,13167,180
1210,19449,13167,1112
1211,19500,13192,180
1212,19500,13192,1112
1213,19537,13210,180
1214,19537,13210,1112
1215,19548,13215,1110
1216,19557,13219,180
1217,19557,13219,1112
1218,19578,13229,180
1219,19578,13229,1112
1220,19586,13229,179
1221,19596,13229,181
1222,19599,13229,180
1223,19599,13229,1112
1224,19603,13229,181
1225,19605,13229,181
1226,19624,13229,179
1227,19629,13229,180
1228,19629,13229,1112
1229,19630,13229,181
1230,19638,13229,181
1231,19641,13229,181
1232,19650,13229,180
1233,19650,13229,1112
1234,19666,13229,180
1235,19666,13229,1112
1236,19669,13229,179
1237,19724,13252,180
1238,19724,13252,1112
1239,19736,13257,1165
1240,19757,13269,1050
1241,19757,13269,1149
1242,19760,13270,940
1243,19760,13270,1042
1244,19788,13293,180
1245,19788,13293,945
1246,19788,13293,952
1247,19788,13293,964
1248,19788,13293,1112
1249,19788,13293,1128
1250,19805,13308,180
1251,19805,13308,1112
1252,20006,13477,940
1253,20006,13477,941
1254,20006,13477,1010
1255,20006,13477,1017
1256,20006,13477,1045
1257,20027,13487,1050
1258,20027,13487,1149
1259,20037,13491,180
1260,20037,13491,1000
1261,20037,13491,1012
1262,20037,13491,1112
1263,20037,13491,1119
1264,20047,13495,919
1265,20049,13496,180
1266,20049,13496,1030
1267,20049,13496,1112
1268,20079,13506,919
1269,20147,13545,971
1270,20147,13545,1009
1271,20147,13545,1014
1272,20147,13545,1043
1273,20147,13545,1044
1274,20147,13545,1091
1275,20171,13561,180
1276,20171,13561,1112
1277,20177,13564,180
1278,20177,13564,1112
1279,20181,13566,180
1280,20181,13566,1112
1281,20253,13604,180
1282,20253,13604,1112
1283,20257,13606,995
1284,20257,13606,1119
1285,20261,13607,940
1286,20261,13607,956
1287,20261,13607,1042
1288,20262,13607,1156
1289,20262,13607,1157
1290,20263,13607,1160
1291,20288,13621,1153
1292,20290,13621,922
1293,20296,13624,180
1294,20296,13624,1112
1295,20319,13634,1002
1296,20319,13634,1084
1297,20319,13634,1153
1298,20321,13635,971
1299,20321,13635,1009
1300,20321,13635,1014
1301,20321,13635,1043
1302,20321,13635,1044
1303,20321,13635,1091
1304,20323,13636,180
1305,20323,13636,1112
1306,20372,13656,180
1307,20372,13656,1112
1308,20375,13657,922
1309,20375,13657,940
1310,20375,13657,1017
1311,20393,13664,180
1312,20393,13664,1112
1313,20443,13684,1151
1314,20450,13686,922
1315,20450,13686,1165
1316,20456,13689,922
1317,20499,13710,971
1318,20499,13710,1009
1319,20499,13710,1014
1320,20499,13710,1043
1321,20499,13710,1044
1322,20499,13710,1091
1323,20501,13711,181
1324,20511,13715,1084
1325,20511,13715,1153
1326,20516,13717,180
1327,20516,13717,1112
1328,20555,13733,1035
1329,20555,13733,1036
1330,20558,13733,1157
1331,20564,13734,1053
1332,20564,13734,1095
1333,20579,13739,180
1334,20579,13739,1000
1335,20579,13739,1012
1336,20579,13739,1112
1337,20579,13739,1119
1338,20612,13751,180
1339,20612,13751,1034
1340,20612,13751,1112
1341,20613,13751,180
1342,20613,13751,1112
1343,20659,13772,180
1344,20659,13772,958
1345,20659,13772,1026
1346,20659,13772,1027
1347,20659,13772,1033
1348,20659,13772,1112
1349,20659,13772,1146
1350,20664,13774,1160
1351,20675,13782,180
1352,20690,13793,181
1353,20691,13794,168
1354,20722,13822,168
1355,20731,13831,180
1356,20733,13832,163
1357,20749,13846,181
1358,20751,13847,181
1359,20871,13921,180
1360,20871,13921,1112
1361,20871,13921,909
1362,20897,13944,181
1363,20953,13980,181
1364,20988,14023,180
1365,21031,14064,181
1366,21123,14145,1231
1367,21145,14159,180
1368,21160,14167,1234
1369,21162,14169,180
1370,21189,14184,1233
1371,21195,14187,180
1372,21195,14187,1240
1373,21226,14198,1244
1374,21235,14203,1238
1375,21235,14203,1258
1376,21235,14203,1232
1377,21235,14203,1255
1378,21235,14203,1257
1379,21235,14203,1259
1380,21305,14251,181
1381,21309,14254,181
1382,21420,14320,179
1383,21674,14506,181
1384,21676,14507,181
1385,21683,14511,181
1386,21725,14550,181
1387,21731,14556,179
1388,21732,14559,181
1389,21746,14588,181
1390,21755,14600,179
1391,21759,14602,179
1392,21853,14660,181
1393,21857,14662,179
1394,21861,14664,179
1395,22099,14785,179
1396,22150,14800,181
1397,22151,14801,179
1398,22390,14984,180
1399,22395,14989,181
1400,22678,15223,181
1401,22823,15311,179
1402,22825,15312,179
1403,22907,15357,181
1404,22914,15358,181
1405,22941,15376,181
1406,22971,15393,179
1407,22995,15411,181
1408,23005,15420,179
1409,23035,15448,181
1410,23036,15449,180
1411,23067,15476,180
1412,23102,15502,181
1413,23136,15534,181
1414,23335,15693,179
1415,23398,15741,181
1416,23548,15861,181
1417,23753,15997,181
1418,23903,16110,181
1419,24098,16258,179
1420,24113,16265,180
1421,24193,16304,180
1422,24307,16388,181
1423,24310,16388,179
1424,24334,16402,180
1425,24376,16444,180
1426,24403,16473,180
1427,24411,16481,179
1428,24423,16493,1305
1429,24504,16559,180
1430,24522,16568,180
1431,24807,16759,85
1432,24923,16865,181
1433,25029,16968,181
1434,25158,17074,179
1435,25196,17099,1265
1436,25208,17107,1265
1437,25353,17204,310
1438,25508,17284,671
1439,25514,17286,668
1440,25556,17308,668
1441,25559,17309,668
1442,25597,17330,181
1443,25601,17333,179
1444,25605,17336,181
1445,25693,17400,75
1446,25759,17438,674
1447,25772,17448,179
1448,25815,17472,179
1449,25821,17475,179
1450,26037,17642,687
1451,26037,17642,689
1452,26201,17736,179
1453,26232,17744,179
1454,26260,17754,181
1455,26260,17754,761
1456,26575,17925,179
1457,26576,17926,181
1458,26716,18015,796
1459,26719,18016,796
1460,26776,18067,771
1461,26776,18067,769
1462,26862,18135,181
1463,26884,18148,179
1464,26893,18154,179
1465,27044,18284,831
1466,27098,18336,179
1467,27169,18389,179
1468,27212,18418,181
1469,27319,18487,907
1470,27319,18487,905
1471,27319,18487,906
1472,27319,18487,936
1473,27322,18488,907
1474,27322,18488,905
1475,27322,18488,906
1476,27322,18488,936
1477,27322,18488,944
1478,27322,18488,947
1479,27328,18491,907
1480,27328,18491,905
1481,27328,18491,906
1482,27328,18491,936
1483,27328,18491,179
1484,27334,18494,907
1485,27334,18494,905
1486,27334,18494,906
1487,27334,18494,936
1488,27334,18494,944
1489,27334,18494,947
1490,27334,18494,951
1491,27334,18494,179
1492,27339,18497,880
1493,27339,18497,931
1494,27351,18504,880
1495,27351,18504,931
1496,27374,18514,931
1497,27386,18519,931
1498,27394,18523,907
1499,27394,18523,905
1500,27394,18523,906
1501,27394,18523,936
1502,27406,18530,907
1503,27406,18530,905
1504,27406,18530,906
1505,27406,18530,936
1506,27414,18534,907
1507,27414,18534,905
1508,27414,18534,906
1509,27414,18534,936
1510,27414,18534,882
1511,27455,18552,907
1512,27455,18552,905
1513,27455,18552,906
1514,27455,18552,936
1515,27477,18563,885
1516,27477,18563,932
1517,27508,18574,931
1518,27517,18578,931
1519,27523,18581,932
1520,27529,18584,932
1521,27532,18586,907
1522,27532,18586,905
1523,27532,18586,906
1524,27532,18586,936
1525,27534,18588,931
1526,27535,18589,907
1527,27535,18589,905
1528,27535,18589,906
1529,27535,18589,936
1530,27552,18598,931
1531,27565,18602,932
1532,27570,18605,931
1533,27593,18617,932
1534,27595,18618,932
1535,27597,18619,907
1536,27597,18619,905
1537,27597,18619,906
1538,27597,18619,936
1539,27635,18635,931
1540,27635,18635,946
1541,27645,18640,931
1542,27685,18654,978
1543,27685,18654,179
1544,27690,18656,979
1545,27694,18658,980
1546,27696,18659,967
1547,27702,18662,967
1548,27704,18663,978
1549,27706,18664,980
1550,27708,18665,978
1551,27733,18677,978
1552,27741,18684,242
1553,27812,18732,842
1554,27829,18741,1005
1555,27842,18750,1005
1556,27859,18762,1005
1557,27867,18766,1007
1558,27905,18787,181
1559,27924,18796,180
1560,27924,18796,1008
1561,27938,18803,180
1562,27938,18803,1008
1563,27965,18816,858
1564,27965,18816,862
1565,27970,18819,851
1566,27970,18819,850
1567,27977,18823,851
1568,27977,18823,850
1569,27981,18825,868
1570,27987,18828,868
1571,28003,18836,852
1572,28003,18836,860
1573,28013,18842,858
1574,28013,18842,862
1575,28016,18844,851
1576,28016,18844,850
1577,28018,18845,858
1578,28018,18845,862
1579,28281,19014,179
1580,28281,19014,1074
1581,28281,19014,1086
1582,28281,19014,1089
1583,28281,19014,1121
1584,28321,19033,179
1585,28329,19038,179
1586,28339,19043,181
1587,28339,19043,1073
1588,28346,19046,1118
1589,28346,19046,1120
1590,28365,19058,179
1591,28365,19058,1086
1592,28365,19058,1089
1593,28365,19058,1121
1594,28365,19058,1074
1595,28371,19062,1093
1596,28380,19065,179
1597,28420,19092,179
1598,28857,19385,1118
1599,28857,19385,1120
1600,28869,19394,1073
1601,28869,19394,1067
1602,28941,19443,180
1603,28956,19458,180
1604,28980,19482,180
1605,28989,19490,181
1606,29012,19510,179
1607,29022,19517,181
1608,29028,19523,179
1609,29150,19589,1266
1610,29171,19599,1265
1611,29179,19603,1265
1612,29191,19609,1265
1613,29193,19610,1265
1614,29205,19617,1265
1615,29268,19655,1265
1616,29286,19663,180
1617,29288,19664,180
1618,29299,19670,180
1619,29308,19674,1275
1620,29314,19676,1265
1621,29314,19676,1269
1622,29336,19680,1265
1623,29340,19682,180
1624,29342,19683,1265
1625,29347,19686,1265
1626,29396,19717,5
1627,29419,19735,1347
1628,29513,19811,181
1629,29587,19871,10
1630,29587,19871,180
1631,29598,19881,179
1632,29631,19902,179
1633,29643,19907,181
1634,29643,19907,27
1635,29649,19909,181
1636,29649,19909,35
1637,29667,19917,180
1638,29671,19919,180
1639,29714,19940,180
1640,29716,19941,180
1641,29720,19943,180
1642,29725,19948,32
1643,29730,19953,35
1644,29776,19967,180
1645,29788,19973,181
1646,29788,19973,35
1647,29890,20069,179
1648,30208,20341,181
1649,30209,20342,179
1650,30290,20401,181
1651,30371,20457,180
1652,30394,20474,180
1653,30425,20500,181
1654,170,98,179
1655,201,122,181
1656,210,127,179
1657,213,128,181
1658,342,212,181
1659,418,259,181
1660,525,303,180
1661,646,375,180
1662,689,406,180
1663,774,473,179
1664,887,572,589
1665,889,573,179
1666,1087,728,181
1667,1094,732,181
1668,1100,735,181
1669,1284,878,179
1670,1307,897,181
1671,1419,956,181
1672,1478,1001,180
1673,1502,1017,179
1674,1557,1059,181
1675,1611,1091,179
1676,1695,1149,179
1677,1711,1159,179
1678,1855,1246,179
1679,1865,1251,181
1680,1870,1254,179
1681,1883,1261,181
1682,1888,1263,181
1683,1927,1289,179
1684,1980,1312,1254
1685,1988,1315,1261
1686,2008,1330,179
1687,2012,1333,1252
1688,2020,1339,312
1689,2020,1339,325
1690,2030,1346,325
1691,2064,1374,337
1692,2064,1374,338
1693,2064,1374,179
1694,2162,1452,179
1695,2170,1456,347
1696,2217,1490,181
1697,2256,1573,179
1698,2264,1582,179
1699,2267,1622,179
1700,2332,1682,379
1701,2332,1682,554
1702,2332,1682,555
1703,2332,1682,559
1704,2332,1682,614
1705,2332,1682,631
1706,2332,1682,480
1707,2332,1682,475
1708,2332,1682,413
1709,2366,1708,179
1710,2471,1797,665
1711,2561,1867,181
1712,2574,1877,179
1713,2624,1916,181
1714,2651,1941,181
1715,2709,1980,179
1716,2710,1981,179
1717,2727,1991,179
1718,2752,2016,737
1719,2778,2040,181
1720,2864,2115,181
1721,2881,2129,179
1722,3071,2267,180
1723,3162,2334,181
1724,3177,2342,181
1725,3211,2363,179
1726,3217,2369,181
1727,3277,2410,181
1728,3307,2427,835
1729,3321,2437,180
1730,3327,2441,181
1731,3328,2442,180
1732,3330,2443,180
1733,3331,2444,835
1734,3333,2445,835
1735,3496,2563,179
1736,3575,2621,807
1737,3949,2869,179
1738,4085,2980,179
1739,4103,2993,1362
1740,4111,2999,1362
1741,4139,3014,1362
1742,4302,3119,179
1743,4302,3119,182
1744,4302,3119,1368
1745,4354,3143,180
1746,4354,3143,178
1747,4365,3147,179
1748,4389,3156,180
1749,4389,3156,178
1750,4443,3187,180
1751,4443,3187,178
1752,4567,3271,181
1753,4644,3319,179
1754,4647,3320,179
1755,4648,3321,181
1756,4711,3361,179
1757,4871,3461,181
1758,4886,3471,181
1759,4910,3489,179
1760,5099,3604,181
1761,5106,3607,181
1762,5150,3638,179
1763,5313,3747,179
1764,5519,3906,181
1765,5587,3941,181
1766,5594,3944,249
1767,5620,3956,179
1768,5649,3966,179
1769,5651,3967,179
1770,5762,4015,248
1771,5843,4065,249
1772,5999,4149,248
1773,6109,4193,249
1774,6159,4219,180
1775,6223,4266,181
1776,6224,4267,181
1777,6325,4341,180
1778,6379,4393,181
1779,6383,4396,179
1780,6386,4399,179
1781,6388,4401,181
1782,6585,4536,1322
1783,6719,4625,179
1784,6908,4787,313
1785,6942,4798,313
1786,7003,4840,298
1787,7048,4873,292
1788,7048,4873,293
1789,7150,4960,303
1790,7164,4969,179
1791,7210,4998,303
1792,7219,5005,179
1793,7371,5105,181
1794,7607,5292,181
1795,7871,5455,181
1796,7966,5513,179
1797,7978,5525,179
1798,8098,5607,181
1799,8261,5727,181
1800,8413,5826,181
1801,8418,5829,181
1802,8509,5877,181
1803,8683,5983,388
1804,8683,5983,393
1805,8683,5983,394
1806,8683,5983,420
1807,8683,5983,452
1808,8683,5983,456
1809,8683,5983,424
1810,8683,5983,427
1811,8683,5983,513
1812,8683,5983,471
1813,8683,5983,481
1814,8692,5988,388
1815,8715,6000,410
1816,8724,6005,388
1817,8726,6006,395
1818,8729,6008,388
1819,8736,6012,388
1820,8743,6016,530
1821,8745,6017,517
1822,8755,6022,411
1823,8755,6022,530
1824,8950,6178,560
1825,9001,6227,179
1826,9107,6305,179
1827,9116,6308,181
1828,9145,6331,179
1829,9176,6354,181
1830,9443,6580,181
1831,9459,6590,813
1832,9688,6726,181
1833,9696,6730,181
1834,9932,6911,179
1835,10043,6973,181
1836,10112,7035,179
1837,10126,7043,181
1838,10166,7065,180
1839,10166,7065,638
1840,10187,7075,179
1841,10221,7094,642
1842,10231,7099,642
1843,10239,7104,638
1844,10241,7105,638
1845,10275,7125,639
1846,10356,7170,180
1847,10356,7170,638
1848,10413,7199,646
1849,10413,7199,660
1850,10584,7324,179
1851,10585,7325,179
1852,10597,7332,667
1853,10606,7337,179
1854,10610,7339,181
1855,10732,7418,181
1856,10788,7447,181
1857,10846,7480,181
1858,10942,7554,697
1859,10942,7554,706
1860,10951,7559,180
1861,10973,7571,702
1862,10990,7583,702
1863,11068,7648,179
1864,11178,7719,179
1865,11252,7771,181
1866,11343,7838,181
1867,11364,7851,1212
1868,11364,7851,1208
1869,11375,7857,180
1870,11375,7857,1214
1871,11382,7861,180
1872,11382,7861,1214
1873,11392,7866,180
1874,11392,7866,1214
1875,11396,7868,181
1876,11396,7868,1218
1877,11396,7868,1219
1878,11508,7975,1223
1879,11635,8082,181
1880,11637,8084,181
1881,11664,8103,179
1882,11664,8103,720
1883,11664,8103,1181
1884,11664,8103,1184
1885,11664,8103,1186
1886,11683,8115,1341
1887,11742,8165,1224
1888,11845,8233,181
1889,11927,8306,1247
1890,11927,8306,1248
1891,12018,8376,181
1892,12133,8470,1328
1893,12158,8487,1328
1894,12187,8507,179
1895,12213,8519,179
1896,12215,8520,179
1897,12227,8526,181
1898,12431,8706,179
1899,12433,8710,179
1900,12434,8711,179
1901,12437,8714,181
1902,12459,8747,180
1903,12497,8801,180
1904,12513,8819,180
1905,12517,8824,1296
1906,12518,8825,179
1907,12526,8839,179
1908,12533,8846,180
1909,12534,8847,1147
1910,12540,8856,1321
1911,12642,8936,181
1912,12646,8940,179
1913,12656,8949,181
1914,12658,8950,181
1915,12743,9019,180
1916,12777,9034,181
1917,12796,9048,181
1918,13173,9356,179
1919,13301,9448,180
1920,13329,9464,71
1921,13379,9484,180
1922,13409,9501,180
1923,13433,9514,180
1924,13454,9526,180
1925,13492,9544,180
1926,13494,9545,180
1927,13582,9618,179
1928,13651,9673,179
1929,13724,9719,181
1930,13880,9837,179
1931,13998,9850,107
1932,14027,9859,180
1933,14113,9882,108
1934,14380,10053,181
1935,14388,10054,181
1936,14430,10073,180
1937,14430,10073,178
1938,14571,10182,181
1939,14599,10203,181
1940,14643,10224,181
1941,14925,10396,181
1942,14990,10421,252
1943,15009,10432,253
1944,15015,10437,247
1945,15023,10442,179
1946,15247,10558,271
1947,15270,10574,180
1948,15298,10594,180
1949,15359,10638,179
1950,15365,10643,181
1951,15374,10652,179
1952,15667,10868,179
1953,15678,10869,179
1954,15995,11124,181
1955,16144,11273,179
1956,16183,11310,179
1957,16259,11369,179
1958,16349,11451,181
1959,16451,11511,181
1960,16552,11574,180
1961,16625,11623,181
1962,16627,11624,181
1963,16649,11638,180
1964,16656,11642,181
1965,16682,11660,181
1966,16894,11850,179
1967,16978,11904,728
1968,16983,11906,181
1969,16983,11906,727
1970,16983,11906,726
1971,16983,11906,730
1972,17072,11952,754
1973,17086,11959,754
1974,17093,11962,754
1975,17114,11970,180
1976,17139,11980,180
1977,17158,11987,751
1978,17166,11991,180
1979,17178,11997,181
1980,17249,12023,181
1981,17276,12036,754
1982,17279,12037,754
1983,17289,12042,754
1984,17306,12050,180
1985,17310,12052,180
1986,17326,12060,180
1987,17326,12060,745
1988,17328,12061,180
1989,17346,12070,754
1990,17405,12098,754
1991,17426,12106,754
1992,17480,12128,754
1993,17490,12133,180
1994,17497,12137,754
1995,17501,12139,180
1996,17501,12139,745
1997,17514,12145,754
1998,17520,12148,754
1999,17652,12203,754
2000,17652,12203,763
2001,17663,12208,754
2002,17687,12220,754
2003,17700,12227,181
2004,17700,12227,776
2005,17729,12238,776
2006,17743,12243,743
2007,17751,12247,180
2008,17751,12247,745
2009,17777,12249,179
2010,17815,12255,180
2011,17815,12255,745
2012,17823,12259,754
2013,17827,12261,180
2014,17829,12262,754
2015,17831,12263,180
2016,17831,12263,753
2017,17833,12264,776
2018,17876,12283,180
2019,17938,12309,754
2020,18050,12361,179
2021,18205,12450,181
2022,18665,12853,808
2023,18684,12870,181
2024,18724,12890,873
2025,18764,12923,895
2026,18785,12939,895
2027,18790,12942,874
2028,18821,12960,892
2029,18821,12960,893
2030,18862,12996,181
2031,18862,12996,1097
2032,18866,12998,1153
2033,18883,13005,179
2034,18890,13008,180
2035,18890,13008,945
2036,18890,13008,952
2037,18890,13008,964
2038,18890,13008,1112
2039,18890,13008,1128
2040,18899,13012,940
2041,18899,13012,1042
2042,18924,13021,180
2043,18924,13021,1112
2044,18928,13023,180
2045,18928,13023,1112
2046,18928,13023,1123
2047,18936,13024,1160
2048,18969,13036,1087
2049,19049,13073,971
2050,19049,13073,1014
2051,19049,13073,1043
2052,19049,13073,1044
2053,19066,13077,1050
2054,19066,13077,1149
2055,19068,13077,180
2056,19068,13077,1112
2057,19073,13078,181
2058,19085,13081,180
2059,19085,13081,1112
2060,19086,13082,179
2061,19089,13083,940
2062,19089,13083,941
2063,19089,13083,956
2064,19089,13083,1010
2065,19089,13083,1017
2066,19089,13083,1042
2067,19089,13083,1045
2068,19097,13087,179
2069,19106,13090,181
2070,19111,13091,179
2071,19143,13102,180
2072,19143,13102,1112
2073,19177,13111,1151
2074,19218,13126,1135
2075,19229,13131,181
2076,19229,13131,1032
2077,19235,13133,179
2078,19238,13133,180
2079,19238,13133,1112
2080,19239,13133,180
2081,19239,13133,1112
2082,19242,13133,180
2083,19242,13133,1112
2084,19250,13133,179
2085,19250,13133,994
2086,19263,13133,180
2087,19263,13133,1112
2088,19272,13133,180
2089,19272,13133,1112
2090,19274,13133,179
2091,19276,13133,180
2092,19276,13133,1112
2093,19290,13133,179
2094,19293,13133,181
2095,19294,13133,181
2096,19294,13133,1160
2097,19319,13133,181
2098,19322,13133,965
2099,19323,13133,181
2100,19326,13133,179
2101,19328,13133,179
2102,19328,13133,1206
2103,19330,13133,179
2104,19334,13133,180
2105,19334,13133,1112
2106,19359,13141,179
2107,19373,13145,180
2108,19373,13145,1112
2109,19385,13149,1196
2110,19399,13151,180
2111,19399,13151,1112
2112,19407,13155,940
2113,19407,13155,941
2114,19407,13155,1055
2115,19418,13158,1153
2116,19444,13164,179
2117,19444,13164,988
2118,19444,13164,999
2119,19444,13164,1068
2120,19444,13164,1070
2121,19486,13185,180
2122,19486,13185,1112
2123,19492,13188,180
2124,19492,13188,1112
2125,19502,13193,1042
2126,19504,13194,180
2127,19504,13194,1112
2128,19525,13204,1046
2129,19543,13213,1088
2130,19553,13217,180
2131,19553,13217,1112
2132,19553,13217,1123
2133,19572,13227,1160
2134,19576,13229,181
2135,19581,13229,179
2136,19583,13229,180
2137,19583,13229,1112
2138,19584,13229,179
2139,19585,13229,179
2140,19595,13229,180
2141,19595,13229,1112
2142,19597,13229,179
2143,19600,13229,180
2144,19600,13229,1112
2145,19602,13229,179
2146,19607,13229,181
2147,19610,13229,181
2148,19616,13229,181
2149,19620,13229,181
2150,19621,13229,179
2151,19632,13229,179
2152,19633,13229,181
2153,19640,13229,181
2154,19644,13229,180
2155,19644,13229,1112
2156,19647,13229,179
2157,19648,13229,179
2158,19651,13229,181
2159,19663,13229,180
2160,19663,13229,1112
2161,19665,13229,181
2162,19673,13229,181
2163,19689,13235,1196
2164,19712,13246,180
2165,19712,13246,1112
2166,19749,13264,180
2167,19749,13264,1112
2168,19786,13292,180
2169,19786,13292,1112
2170,19942,13436,976
2171,19942,13436,1155
2172,19990,13466,965
2173,20012,13480,180
2174,20012,13480,1112
2175,20012,13480,1123
2176,20030,13488,940
2177,20030,13488,982
2178,20030,13488,983
2179,20030,13488,1006
2180,20030,13488,1017
2181,20030,13488,1052
2182,20039,13492,180
2183,20039,13492,1112
2184,20045,13495,1160
2185,20055,13497,1151
2186,20063,13500,1151
2187,20089,13513,1053
2188,20089,13513,1095
2189,20108,13524,1196
2190,20109,13524,1210
2191,20114,13526,1156
2192,20114,13526,1157
2193,20116,13527,1153
2194,20141,13542,180
2195,20164,13557,940
2196,20164,13557,941
2197,20164,13557,956
2198,20164,13557,1010
2199,20164,13557,1017
2200,20164,13557,1042
2201,20164,13557,1045
2202,20167,13559,971
2203,20167,13559,1009
2204,20167,13559,1014
2205,20167,13559,1043
2206,20167,13559,1044
2207,20167,13559,1091
2208,20185,13568,180
2209,20185,13568,1112
2210,20187,13569,180
2211,20187,13569,1112
2212,20198,13574,180
2213,20198,13574,1112
2214,20200,13575,180
2215,20200,13575,1112
2216,20215,13581,1160
2217,20305,13629,180
2218,20305,13629,995
2219,20305,13629,1112
2220,20305,13629,1119
2221,20307,13630,971
2222,20307,13630,1009
2223,20307,13630,1014
2224,20307,13630,1043
2225,20307,13630,1044
2226,20307,13630,1091
2227,20310,13630,1135
2228,20311,13631,971
2229,20311,13631,1009
2230,20311,13631,1014
2231,20311,13631,1043
2232,20311,13631,1044
2233,20311,13631,1091
2234,20332,13641,1002
2235,20332,13641,1084
2236,20332,13641,1153
2237,20346,13646,180
2238,20346,13646,1112
2239,20363,13653,1160
2240,20364,13653,971
2241,20364,13653,1009
2242,20364,13653,1014
2243,20364,13653,1043
2244,20364,13653,1044
2245,20364,13653,1091
2246,20367,13653,1135
2247,20384,13661,1157
2248,20390,13663,1160
2249,20411,13670,922
2250,20411,13670,1196
2251,20412,13670,940
2252,20412,13670,941
2253,20421,13673,180
2254,20421,13673,1112
2255,20425,13675,922
2256,20435,13680,922
2257,20461,13691,922
2258,20461,13691,929
2259,20461,13691,993
2260,20461,13691,1103
2261,20465,13693,180
2262,20465,13693,1112
2263,20473,13698,1084
2264,20473,13698,1153
2265,20475,13699,180
2266,20475,13699,1112
2267,20475,13699,1158
2268,20475,13699,1159
2269,20508,13714,1050
2270,20508,13714,1149
2271,20525,13721,965
2272,20528,13723,180
2273,20528,13723,1112
2274,20530,13724,971
2275,20530,13724,1009
2276,20530,13724,1014
2277,20530,13724,1043
2278,20530,13724,1044
2279,20530,13724,1091
2280,20543,13729,180
2281,20543,13729,1112
2282,20581,13740,1050
2283,20581,13740,1149
2284,20583,13741,180
2285,20583,13741,1112
2286,20592,13746,976
2287,20594,13747,1156
2288,20594,13747,1157
2289,20602,13751,994
2290,20602,13751,1039
2291,20604,13751,179
2292,20604,13751,934
2293,20604,13751,1039
2294,20604,13751,1050
2295,20604,13751,1149
2296,20609,13751,1035
2297,20609,13751,1036
2298,20609,13751,1039
2299,20610,13751,1039
2300,20615,13751,179
2301,20615,13751,976
2302,20615,13751,1039
2303,20615,13751,1155
2304,20626,13756,971
2305,20626,13756,1009
2306,20626,13756,1014
2307,20626,13756,1043
2308,20626,13756,1044
2309,20642,13763,180
2310,20642,13763,1000
2311,20642,13763,1012
2312,20642,13763,1112
2313,20642,13763,1119
2314,20646,13765,971
2315,20646,13765,1009
2316,20646,13765,1014
2317,20646,13765,1043
2318,20646,13765,1044
2319,20646,13765,1091
2320,20678,13784,160
2321,20678,13784,170
2322,20678,13784,179
2323,20682,13786,179
2324,20687,13791,168
2325,20719,13820,168
2326,20725,13825,180
2327,20727,13827,168
2328,20740,13839,168
2329,20745,13843,180
2330,20762,13852,181
2331,20762,13852,317
2332,20860,13916,181
2333,20867,13919,317
2334,20910,13952,181
2335,20910,13952,200
2336,20950,13977,180
2337,20954,13981,181
2338,20958,13985,181
2339,20978,14010,180
2340,21009,14049,180
2341,21014,14052,180
2342,21022,14056,179
2343,21022,14056,901
2344,21022,14056,902
2345,21114,14140,1249
2346,21115,14141,180
2347,21116,14141,179
2348,21118,14142,181
2349,21118,14142,1258
2350,21118,14142,1255
2351,21118,14142,1257
2352,21118,14142,1259
2353,21133,14151,180
2354,21135,14152,1253
2355,21136,14153,180
2356,21149,14161,180
2357,21164,14171,180
2358,21165,14172,180
2359,21222,14196,181
2360,21424,14324,179
2361,21565,14444,204
2362,21609,14473,181
2363,21609,14473,204
2364,21616,14476,207
2365,21652,14494,180
2366,21658,14497,180
2367,21845,14656,179
2368,21847,14657,179
2369,21997,14726,179
2370,22003,14730,181
2371,22033,14748,180
2372,22087,14779,181
2373,22138,14792,179
2374,22181,14830,181
2375,22182,14831,181
2376,22339,14940,179
2377,22360,14957,179
2378,22392,14986,181
2379,22635,15197,181
2380,22640,15198,181
2381,22651,15205,181
2382,22666,15217,179
2383,22668,15218,179
2384,22670,15219,179
2385,22748,15272,181
2386,22802,15297,181
2387,22826,15313,179
2388,22828,15314,179
2389,22830,15315,181
2390,23034,15447,180
2391,23044,15456,180
2392,23051,15462,180
2393,23058,15468,180
2394,23065,15474,180
2395,23073,15480,181
2396,23074,15480,181
2397,23075,15481,180
2398,23099,15501,181
2399,23223,15597,179
2400,23583,15884,179
2401,23585,15885,179
2402,23707,15969,181
2403,23984,16175,179
2404,24082,16248,181
2405,24101,16259,179
2406,24151,16284,180
2407,24176,16296,181
2408,24318,16392,179
2409,24330,16400,181
2410,24392,16460,180
2411,24401,16471,180
2412,24496,16556,181
2413,24529,16572,180
2414,24564,16589,180
2415,24696,16670,180
2416,24723,16683,180
2417,24725,16684,180
2418,24806,16758,181
2419,25042,16976,180
2420,25046,16978,181
2421,25155,17072,181
2422,25163,17078,179
2423,25167,17080,181
2424,25169,17081,181
2425,25175,17085,179
2426,25189,17095,1265
2427,25230,17120,180
2428,25282,17154,310
2429,25351,17203,181
2430,25511,17285,671
2431,25520,17289,668
2432,25523,17290,671
2433,25528,17292,668
2434,25538,17296,671
2435,25609,17338,179
2436,25691,17399,75
2437,25761,17439,674
2438,25788,17455,179
2439,25837,17485,179
2440,25908,17547,181
2441,25995,17617,181
2442,26115,17687,181
2443,26119,17689,181
2444,26203,17737,181
2445,26203,17737,761
2446,26218,17740,724
2447,26244,17748,179
2448,26265,17756,181
2449,26265,17756,761
2450,26268,17757,744
2451,26477,17875,181
2452,26477,17875,761
2453,26477,17875,734
2454,26495,17878,179
2455,26528,17894,181
2456,26532,17896,181
2457,26542,17903,793
2458,26561,17917,179
2459,26580,17928,812
2460,26586,17933,181
2461,26641,17958,181
2462,26763,18057,181
2463,26799,18081,181
2464,27129,18359,181
2465,27201,18413,179
2466,27205,18415,181
2467,27229,18428,181
2468,27294,18475,179
2469,27324,18489,932
2470,27324,18489,181
2471,27336,18495,907
2472,27336,18495,905
2473,27336,18495,906
2474,27336,18495,936
2475,27344,18500,932
2476,27366,18511,931
2477,27368,18512,880
2478,1626,1103,51
2479,2123,1419,349
2480,2340,1689,636
2481,2340,1689,423
2482,2705,1978,685
2483,4040,2957,846
2484,4070,2972,846
2485,8705,5995,518
2486,8709,5997,449
2487,8713,5999,518
2488,8716,6001,449
2489,11668,8105,715
2490,11668,8105,47
2491,11668,8105,48
2492,12483,8779,1291
2493,14000,9851,113
2494,14026,9859,122
2495,17118,11971,770
2496,17643,12198,770
2497,17646,12200,770
2498,17665,12209,770
2499,18876,13003,1161
2500,18877,13003,1109
2501,18879,13004,1099
2502,18884,13006,1099
2503,18911,13016,1099
2504,19041,13068,1099
2505,19123,13096,1099
2506,19132,13099,1099
2507,19136,13100,1099
2508,19341,13135,1099
2509,19350,13137,1099
2510,19355,13139,1099
2511,19391,13150,1161
2512,19433,13162,1109
2513,19475,13179,1099
2514,19491,13187,1099
2515,19499,13191,1099
2516,19530,13206,1099
2517,19546,13214,1099
2518,19564,13222,1099
2519,19724,13252,1161
2520,19799,13302,1099
2521,19809,13310,1099
2522,19817,13317,1099
2523,19843,13341,1099
2524,19853,13351,1099
2525,19859,13357,1099
2526,19878,13376,1099
2527,19887,13385,1099
2528,19893,13391,1099
2529,19959,13450,1099
2530,20001,13474,1099
2531,20008,13478,1099
2532,20014,13481,1099
2533,20049,13496,1161
2534,20080,13507,1099
2535,20081,13508,1099
2536,20093,13515,1099
2537,20101,13520,1099
2538,20136,13537,1099
2539,20161,13554,1099
2540,20230,13591,1099
2541,20262,13607,1154
2542,20272,13610,1099
2543,20287,13620,1099
2544,20290,13621,926
2545,20359,13651,1099
2546,20375,13657,926
2547,20404,13668,926
2548,20450,13686,926
2549,20455,13688,1099
2550,20456,13689,926
2551,20498,13709,1099
2552,20503,13711,1099
2553,20511,13715,1013
2554,20535,13726,1099
2555,20591,13745,1099
2556,20596,13748,1099
2557,20651,13767,1099
2558,25353,17204,316
2559,27412,18533,884
2560,27497,18570,889
2561,27774,18713,844
2562,27776,18714,844
2563,27778,18715,844
2564,27786,18719,844
2565,27816,18734,844
2566,28003,18836,864
2567,29730,19953,38
2568,29788,19973,38
2569,9,4,46
2570,2332,1682,630
2571,2332,1682,494
2572,2332,1682,440
2573,2332,1682,419
2574,4038,2956,846
2575,4042,2958,846
2576,7048,4873,300
2577,8683,5983,429
2578,8683,5983,443
2579,8683,5983,518
2580,8724,6005,518
2581,9459,6590,816
2582,9459,6590,815
2583,10166,7065,641
2584,16942,11884,725
2585,18875,13002,1099
2586,18927,13022,1099
2587,18933,13023,1099
2588,18961,13033,1099
2589,19023,13061,1099
2590,19030,13064,1099
2591,19048,13072,1099
2592,19078,13079,1099
2593,19114,13092,1099
2594,19148,13103,1099
2595,19204,13121,1099
2596,19221,13127,1099
2597,19225,13128,1099
2598,19319,13133,949
2599,19346,13136,1099
2600,19402,13152,1099
2601,19404,13153,1099
2602,19487,13185,1099
2603,19489,13186,1099
2604,19520,13201,1099
2605,19528,13205,1099
2606,19536,13209,1099
2607,19560,13220,1099
2608,19719,13249,1099
2609,19729,13254,1099
2610,19735,13257,1099
2611,19801,13304,1099
2612,19832,13330,1099
2613,19860,13358,1099
2614,19863,13361,1099
2615,19907,13403,1099
2616,19911,13406,1099
2617,19954,13446,1099
2618,19962,13453,1099
2619,20030,13488,942
2620,20082,13509,1099
2621,20088,13512,1099
2622,20114,13526,1154
2623,20152,13548,1099
2624,20158,13552,1099
2625,20199,13574,1099
2626,20236,13595,1099
2627,20254,13604,1099
2628,20281,13617,1099
2629,20292,13622,1099
2630,20306,13629,1099
2631,20326,13637,1099
2632,20327,13638,926
2633,20336,13642,1099
2634,20349,13647,1099
2635,20411,13670,926
2636,20425,13675,926
2637,20429,13677,1099
2638,20432,13678,1099
2639,20435,13680,926
2640,20461,13691,926
2641,20461,13691,1072
2642,20472,13697,1099
2643,20473,13698,1013
2644,20517,13717,1099
2645,20582,13740,1099
2646,20594,13747,1154
2647,20620,13753,1099
2648,20653,13768,1099
2649,20660,13772,1099
2650,21298,14248,1280
2651,23573,15878,239
2652,25282,17154,316
2653,8709,5997,438
2654,8716,6001,438
2655,10426,7206,657
2656,10447,7214,657
2657,11666,8104,1173
2658,11898,8279,1241
2659,18874,13002,1185
2660,19336,13133,961
2661,19788,13293,1139
2662,21604,14470,208
2663,27690,18656,981
2664,27696,18659,981
2665,27702,18662,981
2666,29414,19732,1356
2667,2332,1682,580
2668,2371,1711,647
2669,2429,1760,647
2670,7048,4873,290
2671,8683,5983,474
2672,8953,6180,542
2673,9443,6580,820
2674,9480,6601,820
2675,10390,7188,657
2676,10422,7204,657
2677,11854,8239,1241
2678,18890,13008,1139
2679,19016,13058,1144
2680,20583,13741,1144
2681,4292,3114,184
2682,10992,7584,700
2683,19336,13133,1069
2684,27694,18658,989
2685,27706,18664,989
2686,2332,1682,627
2687,10951,7559,700
2688,18963,13034,1022
2689,24787,16739,87
2690,27694,18658,990
2691,27706,18664,990
2692,12483,8779,1292
2693,12504,8808,1292
2694,12456,8742,1292
2695,27368,18512,931
2696,27377,18515,931
2697,27384,18518,931
2698,27388,18520,932
2699,27396,18524,932
2700,27402,18527,931
2701,27402,18527,180
2702,27405,18529,907
2703,27405,18529,905
2704,27405,18529,906
2705,27405,18529,936
2706,27405,18529,882
2707,27430,18541,932
2708,27433,18542,932
2709,27471,18560,931
2710,27475,18562,880
2711,27475,18562,931
2712,27502,18572,932
2713,27515,18577,931
2714,27533,18587,907
2715,27533,18587,905
2716,27533,18587,906
2717,27533,18587,936
2718,27537,18590,930
2719,27537,18590,932
2720,27547,18595,907
2721,27547,18595,905
2722,27547,18595,906
2723,27575,18608,932
2724,27577,18609,907
2725,27577,18609,905
2726,27577,18609,906
2727,27577,18609,936
2728,27581,18611,935
2729,27581,18611,948
2730,27607,18624,932
2731,27609,18625,932
2732,27623,18631,931
2733,27623,18631,946
2734,27629,18633,931
2735,27629,18633,928
2736,27632,18634,900
2737,27638,18636,932
2738,27643,18639,931
2739,27647,18641,932
2740,27647,18641,959
2741,27654,18644,880
2742,27654,18644,931
2743,27674,18649,932
2744,27676,18650,931
2745,27678,18651,931
2746,27681,18652,931
2747,27692,18657,972
2748,27692,18657,973
2749,27723,18673,978
2750,27730,18676,980
2751,27770,18711,842
2752,27794,18723,842
2753,27794,18723,849
2754,27818,18735,841
2755,27823,18738,1001
2756,27838,18748,1007
2757,27863,18764,1005
2758,27912,18790,180
2759,27912,18790,1008
2760,27947,18807,181
2761,27952,18809,851
2762,27952,18809,850
2763,27961,18814,858
2764,27961,18814,862
2765,27963,18815,868
2766,27968,18818,858
2767,27968,18818,862
2768,27972,18820,851
2769,27972,18820,850
2770,27993,18831,852
2771,27993,18831,865
2772,27995,18832,858
2773,27995,18832,862
2774,27999,18834,858
2775,27999,18834,862
2776,28008,18838,868
2777,28011,18840,851
2778,28011,18840,850
2779,28022,18847,858
2780,28022,18847,862
2781,28026,18849,852
2782,28030,18851,851
2783,28030,18851,850
2784,28030,18851,856
2785,28032,18852,852
2786,28032,18852,865
2787,28034,18853,868
2788,28061,18877,1265
2789,28065,18881,1265
2790,28077,18893,1265
2791,28082,18898,1265
2792,28099,18906,1265
2793,28099,18906,1269
2794,28103,18907,1265
2795,28103,18907,1269
2796,28112,18916,1265
2797,28116,18920,1265
2798,28118,18922,1265
2799,28169,18972,179
2800,28255,19003,179
2801,28255,19003,1111
2802,28255,19003,1113
2803,28258,19005,181
2804,28263,19007,1118
2805,28263,19007,1120
2806,28267,19008,181
2807,28267,19008,1073
2808,28308,19027,179
2809,28311,19028,181
2810,28340,19044,1021
2811,28340,19044,1020
2812,28342,19044,181
2813,28342,19044,1024
2814,28350,19048,1018
2815,28350,19048,1031
2816,28350,19048,1118
2817,28350,19048,1120
2818,28355,19051,179
2819,28369,19060,181
2820,28377,19064,179
2821,28377,19064,1074
2822,28377,19064,1086
2823,28377,19064,1089
2824,28377,19064,1121
2825,28377,19064,1047
2826,28385,19067,179
2827,28391,19070,179
2828,28580,19189,1092
2829,28791,19331,1096
2830,28791,19331,180
2831,28832,19366,1073
2832,28832,19366,1040
2833,28832,19366,1067
2834,28832,19366,1019
2835,28853,19383,1024
2836,28917,19422,179
2837,28942,19444,180
2838,28951,19453,180
2839,28959,19461,180
2840,29052,19538,180
2841,29101,19570,179
2842,29131,19579,179
2843,29165,19596,1265
2844,29195,19611,180
2845,29200,19614,1265
2846,29202,19615,1265
2847,29228,19631,1265
2848,29240,19641,1266
2849,29263,19650,1265
2850,29276,19658,1265
2851,29344,19684,180
2852,29350,19687,180
2853,29405,19724,1347
2854,29546,19830,181
2855,29547,19831,179
2856,29549,19833,181
2857,29590,19874,179
2858,29591,19875,11
2859,29591,19875,181
2860,29633,19903,181
2861,29633,19903,31
2862,29661,19914,180
2863,29678,19922,180
2864,29688,19927,35
2865,29758,19964,179
2866,29793,19976,22
2867,29819,19999,181
2868,29914,20091,181
2869,29916,20092,181
2870,30015,20190,179
2871,30069,20236,181
2872,30075,20240,181
2873,30078,20241,179
2874,30205,20338,181
2875,30296,20404,180
2876,30321,20415,180
2877,30367,20455,179
2878,30395,20475,179
2879,30460,20528,181
2880,503,296,179
2881,535,309,181
2882,540,311,179
2883,639,370,180
2884,643,373,180
2885,715,421,141
2886,727,430,179
2887,729,431,181
2888,863,559,179
2889,865,561,181
2890,1013,677,180
2891,1033,693,179
2892,1098,734,181
2893,1102,736,181
2894,1280,876,181
2895,1356,924,181
2896,1375,928,181
2897,1525,1036,179
2898,1639,1112,180
2899,1643,1114,180
2900,1697,1150,180
2901,1840,1238,181
2902,1861,1249,179
2903,1876,1257,179
2904,1878,1258,179
2905,1882,1260,181
2906,1890,1264,181
2907,1895,1267,181
2908,1903,1271,179
2909,1905,1272,179
2910,1914,1280,181
2911,1915,1281,181
2912,1924,1286,181
2913,1931,1291,181
2914,2027,1344,304
2915,2061,1372,337
2916,2061,1372,338
2917,2061,1372,179
2918,2070,1377,338
2919,2070,1377,179
2920,2184,1462,181
2921,2205,1478,181
2922,2221,1496,181
2923,2242,1560,179
2924,2281,1639,181
2925,2281,1639,435
2926,2281,1639,425
2927,2330,1681,379
2928,2330,1681,554
2929,2330,1681,555
2930,2330,1681,559
2931,2330,1681,614
2932,2330,1681,631
2933,2330,1681,480
2934,2330,1681,475
2935,2330,1681,413
2936,2344,1691,179
2937,2349,1694,549
2938,2457,1785,179
2939,2511,1822,664
2940,2576,1878,179
2941,2644,1935,181
2942,2707,1979,180
2943,2721,1988,181
2944,2866,2116,181
2945,2868,2117,179
2946,2906,2139,181
2947,2984,2210,179
2948,2994,2216,179
2949,3115,2304,179
2950,3187,2347,778
2951,3187,2347,781
2952,3216,2368,179
2953,3222,2374,181
2954,3326,2440,181
2955,3571,2618,807
2956,3834,2797,181
2957,3879,2823,179
2958,3958,2878,179
2959,4090,2982,181
2960,4168,3030,179
2961,4235,3082,179
2962,4359,3145,179
2963,4359,3145,1368
2964,4363,3146,180
2965,4363,3146,178
2966,4372,3150,180
2967,4372,3150,178
2968,4387,3155,180
2969,4387,3155,178
2970,4506,3226,179
2971,4531,3242,179
2972,4538,3247,181
2973,4701,3357,181
2974,4723,3367,179
2975,4730,3371,179
2976,4866,3458,179
2977,4893,3477,181
2978,4924,3495,181
2979,5031,3544,181
2980,5066,3577,181
2981,5146,3636,179
2982,5154,3641,181
2983,5156,3643,179
2984,5236,3699,181
2985,5312,3746,181
2986,5345,3775,181
2987,5361,3783,179
2988,5402,3808,181
2989,5446,3847,181
2990,5657,3969,181
2991,5739,4002,249
2992,5848,4066,249
2993,5903,4095,248
2994,5928,4101,249
2995,6160,4220,179
2996,6162,4222,180
2997,6220,4263,179
2998,6222,4265,179
2999,6381,4394,179
3000,6391,4403,181
3001,6884,4779,314
3002,6899,4784,313
3003,6998,4837,181
3004,7042,4868,299
3005,7141,4953,298
3006,7142,4954,298
3007,7198,4988,298
3008,7220,5006,179
3009,7248,5030,181
3010,7264,5042,179
3011,7286,5060,180
3012,7351,5094,181
3013,7739,5359,179
3014,7867,5454,179
3015,8140,5635,181
3016,8259,5726,181
3017,8262,5728,181
3018,8421,5831,181
3019,8478,5858,181
3020,8502,5873,179
3021,8622,5959,181
3022,8680,5981,401
3023,8680,5981,530
3024,8686,5984,388
3025,8691,5987,388
3026,8691,5987,420
3027,8691,5987,452
3028,8691,5987,456
3029,8691,5987,424
3030,8691,5987,427
3031,8691,5987,513
3032,8691,5987,471
3033,8691,5987,481
3034,8707,5996,448
3035,8707,5996,450
3036,8707,5996,426
3037,8707,5996,436
3038,8707,5996,447
3039,8707,5996,461
3040,8707,5996,495
3041,8707,5996,509
3042,8707,5996,514
3043,8707,5996,465
3044,8707,5996,470
3045,8707,5996,476
3046,8707,5996,482
3047,8707,5996,492
3048,8707,5996,530
3049,8731,6009,388
3050,8741,6015,530
3051,8758,6024,179
3052,8768,6029,388
3053,8770,6030,411
3054,8770,6030,530
3055,8772,6031,410
3056,8840,6097,179
3057,8840,6097,560
3058,8842,6099,181
3059,8857,6110,541
3060,9109,6306,179
3061,9139,6326,180
3062,9141,6327,180
3063,9259,6430,175
3064,9259,6430,179
3065,9273,6437,181
3066,9338,6488,179
3067,9343,6490,180
3068,9441,6578,813
3069,9477,6600,817
3070,9477,6600,180
3071,9671,6717,179
3072,9675,6719,181
3073,9958,6930,629
3074,9958,6930,628
3075,9970,6936,624
3076,10150,7058,180
3077,10182,7072,638
3078,10190,7077,181
3079,10196,7081,638
3080,10210,7089,638
3081,10244,7107,638
3082,10315,7154,638
3083,10321,7157,180
3084,10321,7157,638
3085,10330,7162,180
3086,10330,7162,638
3087,10350,7166,642
3088,10370,7179,654
3089,10441,7212,179
3090,10514,7268,180
3091,10561,7303,181
3092,10786,7446,179
3093,10804,7457,179
3094,10805,7458,181
3095,10848,7481,180
3096,10850,7482,180
3097,10857,7486,179
3098,10857,7486,713
3099,10859,7487,713
3100,10863,7489,713
3101,10979,7576,708
3102,10995,7585,181
3103,11092,7670,181
3104,11366,7852,1200
3105,11366,7852,1201
3106,11366,7852,1208
3107,11400,7870,1218
3108,11400,7870,1219
3109,11402,7871,1212
3110,11402,7871,1217
3111,11402,7871,1208
3112,11802,8210,180
3113,12081,8426,181
3114,12183,8504,181
3115,12202,8513,181
3116,12326,8606,181
3117,12436,8713,179
3118,12439,8716,179
3119,12447,8727,180
3120,12521,8834,1320
3121,12525,8838,180
3122,12527,8840,179
3123,12539,8852,1147
3124,12583,8892,181
3125,12827,9078,179
3126,12889,9112,16
3127,13008,9215,179
3128,13047,9252,179
3129,13054,9258,179
3130,13068,9271,181
3131,13073,9274,181
3132,13079,9278,179
3133,13138,9331,181
3134,13167,9352,181
3135,13277,9432,179
3136,13355,9476,181
3137,13360,9477,181
3138,13387,9489,181
3139,13390,9491,181
3140,13476,9538,180
3141,13658,9678,180
3142,13816,9801,179
3143,13993,9848,179
3144,14102,9875,181
3145,14164,9927,179
3146,14182,9939,181
3147,14241,9969,180
3148,14279,9989,179
3149,14285,9992,179
3150,14293,9996,180
3151,14367,10049,180
3152,14447,10083,181
3153,14546,10160,181
3154,14590,10196,179
3155,14607,10206,181
3156,14632,10219,179
3157,14638,10222,181
3158,14648,10226,181
3159,14761,10319,179
3160,15008,10431,181
3161,15275,10579,179
3162,15344,10629,179
3163,16093,11239,366
3164,16176,11304,181
3165,16181,11308,179
3166,16513,11553,181
3167,16516,11555,8
3168,16539,11568,181
3169,16578,11588,180
3170,16654,11641,181
3171,16678,11658,180
3172,16680,11659,180
3173,16690,11664,180
3174,16710,11674,180
3175,16719,11682,709
3176,16724,11687,704
3177,16801,11761,180
3178,16868,11827,179
3179,16898,11852,181
3180,16902,11853,181
3181,16902,11853,727
3182,16902,11853,730
3183,17102,11966,180
3184,17129,11975,180
3185,17133,11977,764
3186,17144,11982,180
3187,17152,11985,181
3188,17182,11999,181
3189,17194,12003,754
3190,17206,12007,179
3191,17206,12007,754
3192,17218,12011,179
3193,17218,12011,754
3194,17226,12014,754
3195,17226,12014,179
3196,17259,12028,180
3197,17263,12030,754
3198,17265,12031,180
3199,17271,12034,180
3200,17285,12040,180
3201,17318,12056,754
3202,17324,12059,754
3203,17339,12067,180
3204,17342,12068,754
3205,17353,12073,742
3206,17353,12073,754
3207,17373,12083,180
3208,17388,12089,754
3209,17401,12096,180
3210,17422,12105,180
3211,17431,12108,754
3212,17494,12135,754
3213,17505,12141,764
3214,17507,12142,754
3215,17523,12149,754
3216,17538,12157,754
3217,17558,12169,754
3218,17627,12192,180
3219,17635,12195,181
3220,17639,12196,754
3221,17641,12197,743
3222,17681,12217,754
3223,17696,12225,754
3224,17707,12229,754
3225,17734,12239,180
3226,17736,12240,754
3227,17821,12258,754
3228,17835,12265,754
3229,17850,12272,754
3230,17852,12273,742
3231,17852,12273,754
3232,17861,12277,754
3233,17893,12289,754
3234,17959,12317,776
3235,18048,12360,179
3236,18052,12362,181
3237,18174,12441,181
3238,18178,12443,181
3239,18685,12871,179
3240,18694,12875,180
3241,18780,12937,874
3242,18782,12938,874
3243,18863,12997,1084
3244,18863,12997,1153
3245,18894,13010,1160
3246,18901,13012,180
3247,18901,13012,1112
3248,18902,13013,1084
3249,18902,13013,1153
3250,18907,13015,963
3251,18908,13015,1153
3252,18940,13026,1160
3253,18947,13028,180
3254,18947,13028,1112
3255,18953,13031,1032
3256,18953,13031,1153
3257,18959,13033,180
3258,18959,13033,1000
3259,18959,13033,1012
3260,18959,13033,1112
3261,18959,13033,1119
3262,18960,13033,1153
3263,18985,13042,181
3264,18998,13049,180
3265,18998,13049,1112
3266,19000,13050,994
3267,19013,13057,1053
3268,19014,13057,179
3269,19026,13063,179
3270,19035,13066,941
3271,19057,13076,181
3272,19059,13076,1053
3273,19059,13076,1095
3274,19076,13079,971
3275,19076,13079,1009
3276,19076,13079,1014
3277,19076,13079,1043
3278,19076,13079,1044
3279,19076,13079,1091
3280,19082,13081,1151
3281,19088,13083,181
3282,19113,13092,181
3283,19129,13098,180
3284,19129,13098,1112
3285,19154,13106,179
3286,19158,13106,919
3287,19166,13110,181
3288,19167,13110,971
3289,19167,13110,1009
3290,19167,13110,1014
3291,19167,13110,1043
3292,19167,13110,1044
3293,19167,13110,1091
3294,19182,13113,180
3295,19182,13113,1112
3296,19195,13118,1053
3297,19203,13121,1151
3298,19206,13122,181
3299,19222,13128,180
3300,19222,13128,1112
3301,19222,13128,1119
3302,19223,13128,1052
3303,19223,13128,1060
3304,19223,13128,1141
3305,19244,13133,181
3306,19252,13133,180
3307,19252,13133,1112
3308,19264,13133,179
3309,19268,13133,181
3310,19277,13133,179
3311,19280,13133,181
3312,19280,13133,1160
3313,19281,13133,180
3314,19281,13133,1112
3315,19285,13133,179
3316,19292,13133,180
3317,19292,13133,1112
3318,19295,13133,181
3319,19297,13133,180
3320,19297,13133,1112
3321,19300,13133,180
3322,19300,13133,1112
3323,19304,13133,180
3324,19304,13133,1112
3325,19305,13133,181
3326,19310,13133,181
3327,19310,13133,1153
3328,19312,13133,181
3329,19313,13133,179
3330,19314,13133,180
3331,19314,13133,1112
3332,19317,13133,180
3333,19317,13133,1112
3334,19318,13133,957
3335,19321,13133,180
3336,19321,13133,975
3337,19321,13133,1112
3338,19331,13133,180
3339,19331,13133,1112
3340,19335,13133,181
3341,19337,13133,181
3342,19339,13134,179
3343,19344,13136,181
3344,19353,13138,179
3345,19353,13138,1199
3346,19368,13143,1199
3347,19408,13155,1053
3348,19408,13155,1060
3349,19410,13156,1030
3350,19423,13159,180
3351,19423,13159,1112
3352,19426,13159,181
3353,19426,13159,1174
3354,19426,13159,1176
3355,19430,13161,1177
3356,19435,13163,179
3357,19455,13170,1160
3358,19470,13177,180
3359,19470,13177,1112
3360,19513,13198,180
3361,19513,13198,1112
3362,19539,13211,180
3363,19539,13211,1112
3364,19568,13224,180
3365,19568,13224,1112
3366,19575,13229,179
3367,19589,13229,179
3368,19592,13229,180
3369,19592,13229,1112
3370,19594,13229,180
3371,19594,13229,1112
3372,19606,13229,181
3373,19612,13229,179
3374,19613,13229,181
3375,19615,13229,181
3376,19617,13229,180
3377,19617,13229,1112
3378,19623,13229,181
3379,19635,13229,180
3380,19635,13229,1112
3381,19643,13229,179
3382,19653,13229,179
3383,19657,13229,179
3384,19659,13229,180
3385,19659,13229,1112
3386,19662,13229,181
3387,19667,13229,181
3388,19675,13229,179
3389,19737,13258,180
3390,19737,13258,1112
3391,19737,13258,1162
3392,19739,13259,180
3393,19739,13259,1112
3394,19773,13281,940
3395,19773,13281,982
3396,19773,13281,983
3397,19773,13281,1006
3398,19773,13281,1017
3399,19773,13281,1052
3400,19904,13401,180
3401,19904,13401,1112
3402,19973,13460,1153
3403,19976,13461,1160
3404,19999,13473,994
3405,20004,13476,180
3406,20004,13476,995
3407,20004,13476,1112
3408,20004,13476,1119
3409,20017,13483,1196
3410,20020,13484,1160
3411,20029,13487,965
3412,20061,13499,940
3413,20061,13499,941
3414,20084,13511,180
3415,20084,13511,995
3416,20084,13511,1112
3417,20084,13511,1119
3418,20087,13512,180
3419,20087,13512,1112
3420,20096,13517,971
3421,20096,13517,1009
3422,20096,13517,1014
3423,20096,13517,1043
3424,20096,13517,1044
3425,20121,13529,180
3426,20121,13529,945
3427,20121,13529,952
3428,20121,13529,964
3429,20121,13529,1112
3430,20121,13529,1128
3431,20125,13531,994
3432,20145,13544,940
3433,20145,13544,941
3434,20145,13544,956
3435,20145,13544,1010
3436,20145,13544,1017
3437,20145,13544,1042
3438,20145,13544,1045
3439,20160,13554,1053
3440,20160,13554,1095
3441,20194,13572,971
3442,20194,13572,1009
3443,20194,13572,1014
3444,20194,13572,1043
3445,20194,13572,1044
3446,20194,13572,1091
3447,20210,13579,180
3448,20210,13579,1112
3449,20214,13581,180
3450,20214,13581,1112
3451,20269,13609,1053
3452,20269,13609,1060
3453,20269,13609,1141
3454,20279,13616,180
3455,20279,13616,1112
3456,20282,13617,1097
3457,20294,13624,180
3458,20294,13624,1112
3459,20308,13630,940
3460,20308,13630,941
3461,20308,13630,1042
3462,20308,13630,1055
3463,20312,13631,180
3464,20333,13641,180
3465,20333,13641,1112
3466,20341,13644,180
3467,20341,13644,1112
3468,20357,13651,1160
3469,20403,13667,922
3470,20405,13668,180
3471,20405,13668,1112
3472,20420,13673,180
3473,20420,13673,1112
3474,20431,13678,1156
3475,20431,13678,1157
3476,20445,13684,1160
3477,20468,13695,940
3478,20468,13695,941
3479,20468,13695,956
3480,20468,13695,1010
3481,20468,13695,1017
3482,20468,13695,1042
3483,20468,13695,1045
3484,20476,13699,1002
3485,20476,13699,1153
3486,20536,13727,180
3487,20536,13727,1112
3488,20538,13728,1160
3489,20544,13729,940
3490,20544,13729,941
3491,20548,13730,1196
3492,20554,13733,994
3493,20557,13733,1087
3494,20559,13733,1151
3495,20562,13733,1135
3496,20567,13734,1088
3497,20568,13734,1052
3498,20568,13734,1053
3499,20568,13734,1060
3500,20568,13734,1141
3501,20575,13737,180
3502,20575,13737,1112
3503,20577,13738,994
3504,20590,13745,1053
3505,20590,13745,1060
3506,20590,13745,1141
3507,20601,13750,1160
3508,20603,13751,179
3509,20603,13751,971
3510,20603,13751,1009
3511,20603,13751,1014
3512,20603,13751,1039
3513,20603,13751,1043
3514,20603,13751,1044
3515,20603,13751,1091
3516,20605,13751,1160
3517,20617,13751,180
3518,20617,13751,975
3519,20617,13751,1034
3520,20617,13751,1112
3521,20618,13751,1039
3522,20631,13759,971
3523,20631,13759,1009
3524,20631,13759,1014
3525,20631,13759,1043
3526,20631,13759,1044
3527,20640,13762,1165
3528,20648,13766,180
3529,20648,13766,1112
3530,20656,13770,971
3531,20656,13770,1009
3532,20656,13770,1014
3533,20656,13770,1043
3534,20656,13770,1044
3535,20656,13770,1091
3536,20668,13777,170
3537,20671,13779,180
3538,20715,13818,168
3539,20717,13819,168
3540,20724,13824,180
3541,20737,13836,168
3542,20739,13838,168
3543,20760,13851,179
3544,20766,13854,179
3545,20885,13934,179
3546,20956,13983,180
3547,20964,13991,180
3548,20974,14006,180
3549,20989,14024,180
3550,20995,14033,180
3551,21001,14040,180
3552,21003,14042,179
3553,21007,14047,180
3554,21064,14096,1226
3555,21109,14137,179
3556,21117,14142,1234
3557,21120,14143,181
3558,21120,14143,1258
3559,21120,14143,1238
3560,21120,14143,1232
3561,21120,14143,1255
3562,21120,14143,1257
3563,21120,14143,1259
3564,21125,14146,180
3565,21127,14147,180
3566,21131,14150,1234
3567,21144,14159,1234
3568,21191,14185,181
3569,21290,14242,181
3570,21300,14249,181
3571,21300,14249,1293
3572,21303,14250,179
3573,21313,14256,179
3574,21401,14307,1282
3575,21401,14307,1273
3576,21724,14549,179
3577,21730,14555,179
3578,21764,14605,179
3579,21864,14666,181
3580,21867,14667,181
3581,21869,14668,181
3582,21951,14721,179
3583,22013,14733,181
3584,22020,14736,181
3585,22021,14737,179
3586,22396,14990,180
3587,22786,15285,181
3588,22944,15377,181
3589,22967,15392,181
3590,22974,15394,181
3591,23040,15452,180
3592,23043,15455,180
3593,23057,15468,180
3594,23059,15469,180
3595,23343,15698,181
3596,23383,15729,179
3597,23577,15881,181
3598,23703,15968,181
3599,23755,15998,181
3600,23832,16057,181
3601,23906,16112,179
3602,23995,16185,179
3603,24117,16267,180
3604,24119,16268,180
3605,24121,16269,180
3606,24157,16287,180
3607,24222,16316,179
3608,24231,16321,179
3609,24271,16358,179
3610,24374,16442,180
3611,24377,16445,180
3612,24382,16450,181
3613,24415,16485,180
3614,24433,16503,179
3615,24450,16518,181
3616,24470,16536,595
3617,24552,16584,180
3618,24577,16596,179
3619,24598,16613,613
3620,24630,16634,613
3621,24676,16658,180
3622,24706,16676,180
3623,24779,16732,85
3624,24782,16734,85
3625,25031,16969,181
3626,25037,16973,181
3627,25145,17064,179
3628,25171,17083,179
3629,25193,17097,1265
3630,25210,17108,180
3631,25228,17119,1265
3632,25234,17122,180
3633,25235,17123,1265
3634,25244,17128,1276
3635,25335,17195,179
3636,25337,17196,179
3637,25339,17197,179
3638,25349,17202,179
3639,25356,17206,181
3640,25535,17295,671
3641,25540,17297,668
3642,25544,17299,668
3643,25573,17314,668
3644,25576,17315,668
3645,25598,17331,181
3646,25615,17341,181
3647,25802,17465,179
3648,25853,17499,181
3649,25945,17578,181
3650,25951,17582,181
3651,26023,17631,179
3652,26073,17664,179
3653,26121,17690,179
3654,26238,17745,179
3655,26242,17747,179
3656,26253,17751,181
3657,26253,17751,761
3658,26489,17877,181
3659,26489,17877,761
3660,26489,17877,732
3661,26526,17893,180
3662,26563,17918,179
3663,26709,18009,793
3664,26783,18071,771
3665,26783,18071,769
3666,26889,18152,179
3667,26891,18153,179
3668,26966,18218,179
3669,27217,18422,181
3670,27225,18426,179
3671,27317,18486,931
3672,27331,18493,907
3673,27331,18493,905
3674,27331,18493,906
3675,27331,18493,936
3676,27340,18498,932
3677,27340,18498,181
3678,27353,18505,880
3679,27353,18505,931
3680,27353,18505,180
3681,27355,18506,880
3682,27355,18506,931
3683,27371,18513,877
3684,27371,18513,907
3685,27371,18513,905
3686,27371,18513,906
3687,27371,18513,936
3688,27380,18516,907
3689,27380,18516,905
3690,27380,18516,906
3691,27380,18516,933
3692,27380,18516,936
3693,27440,18545,931
3694,27444,18547,931
3695,27453,18551,931
3696,27459,18554,931
3697,27459,18554,180
3698,27465,18557,932
3699,27469,18559,931
3700,27485,18566,877
3701,27485,18566,907
3702,27485,18566,905
3703,27485,18566,906
3704,27485,18566,936
3705,27505,18573,877
3706,27505,18573,907
3707,27505,18573,905
3708,27505,18573,906
3709,27505,18573,933
3710,27505,18573,936
3711,27567,18603,931
3712,27567,18603,180
3713,27583,18612,907
3714,27583,18612,905
3715,27583,18612,906
3716,27583,18612,936
3717,27585,18613,907
3718,27585,18613,905
3719,27585,18613,906
3720,27585,18613,936
3721,27587,18614,931
3722,27599,18620,907
3723,27599,18620,905
3724,27599,18620,906
3725,27599,18620,936
3726,27601,18621,932
3727,27640,18637,931
3728,27641,18638,931
3729,27672,18648,907
3730,27672,18648,905
3731,27672,18648,906
3732,27672,18648,936
3733,27689,18656,977
3734,27700,18661,980
3735,27719,18671,972
3736,27719,18671,973
3737,27772,18712,841
3738,27782,18717,842
3739,27790,18721,842
3740,27790,18721,849
3741,27792,18722,842
3742,27792,18722,849
3743,27806,18729,842
3744,27825,18739,1001
3745,27861,18763,1007
3746,27894,18782,1005
3747,27940,18804,180
3748,27940,18804,1008
3749,27954,18810,852
3750,27959,18813,851
3751,27959,18813,850
3752,27974,18821,852
3753,27974,18821,865
3754,27975,18822,852
3755,27991,18830,854
3756,27991,18830,858
3757,27991,18830,862
3758,27997,18833,854
3759,27997,18833,858
3760,27997,18833,862
3761,28006,18837,858
3762,28006,18837,862
3763,28024,18848,868
3764,28028,18850,854
3765,28028,18850,858
3766,28028,18850,862
3767,28036,18854,868
3768,28041,18857,1265
3769,28055,18871,1265
3770,28063,18879,1265
3771,28079,18895,1265
3772,28093,18904,1270
3773,28104,18908,1265
3774,28253,19002,179
3775,28270,19009,179
3776,28279,19013,179
3777,28283,19015,181
3778,28289,19018,181
3779,28296,19021,179
3780,28296,19021,1086
3781,28296,19021,1121
3782,28302,19024,1122
3783,28330,19038,1096
3784,28330,19038,180
3785,28344,19045,181
3786,28348,19047,179
3787,28348,19047,1074
3788,28348,19047,1086
3789,28348,19047,1089
3790,28348,19047,1121
3791,28352,19049,179
3792,28354,19050,181
3793,28367,19059,179
3794,28388,19069,179
3795,28388,19069,1113
3796,28852,19383,1021
3797,28852,19383,1020
3798,28871,19395,1073
3799,28875,19398,1113
3800,28890,19408,180
3801,28907,19418,181
3802,28921,19423,181
3803,28937,19439,180
3804,28944,19446,180
3805,28950,19452,180
3806,28954,19456,180
3807,28986,19487,181
3808,29023,19518,181
3809,29034,19527,179
3810,29117,19574,179
3811,29135,19581,1265
3812,29143,19585,179
3813,29149,19588,1265
3814,29149,19588,181
3815,29152,19591,179
3816,29169,19598,1265
3817,29207,19618,1265
3818,29235,19636,1265
3819,29237,19638,1265
3820,29244,19644,1265
3821,29301,19671,180
3822,29346,19685,180
3823,29359,19693,1354
3824,29374,19701,1347
3825,29438,19752,181
3826,29502,19803,179
3827,29517,19813,181
3828,29539,19827,180
3829,29548,19832,179
3830,29550,19834,180
3831,29710,19938,180
3832,29926,20102,76
3833,30084,20243,179
3834,30085,20243,181
3835,30207,20340,179
3836,30317,20414,180
3837,172,100,181
3838,221,132,179
3839,263,160,181
3840,406,248,142
3841,723,428,141
3842,731,432,181
3843,959,632,180
3844,964,635,181
3845,970,639,179
3846,1079,723,196
3847,1091,731,181
3848,1105,738,179
3849,1192,817,183
3850,1192,817,194
3851,1287,879,181
3852,1305,896,179
3853,1355,924,225
3854,1387,935,179
3855,1482,1002,180
3856,1592,1081,180
3857,1626,1103,181
3858,1626,1103,52
3859,1636,1110,181
3860,1637,1111,179
3861,1647,1117,180
3862,1661,1128,180
3863,1696,1149,181
3864,1698,1151,180
3865,1700,1152,181
3866,1701,1153,180
3867,1705,1155,179
3868,1706,1156,180
3869,1707,1157,179
3870,1713,1160,179
3871,1893,1266,179
3872,1901,1270,181
3873,1908,1275,181
3874,1911,1277,181
3875,1912,1278,181
3876,1921,1283,181
3877,1923,1285,179
3878,1929,1290,179
3879,1969,1305,181
3880,1970,1306,179
3881,1985,1314,1261
3882,2016,1336,1254
3883,2018,1337,1254
3884,2049,1362,304
3885,30380,20463,180
3886,2151,1445,338
3887,30400,20478,179
3888,2207,1480,350
3889,30401,20479,181
3890,36,16,45
3891,2258,1574,181
3892,2262,1580,181
3893,2340,1689,181
3894,2340,1689,435
3895,2340,1689,425
3896,49,29,179
3897,88,61,181
3898,348,213,143
3899,350,214,181
3900,352,215,181
3901,352,215,147
3902,392,245,179
3903,423,262,181
3904,491,294,181
3905,537,310,179
3906,603,341,181
3907,663,389,180
3908,775,474,179
3909,849,546,179
3910,1036,694,179
3911,1090,730,181
3912,1278,875,181
3913,1314,899,181
3914,1347,922,205
3915,1347,922,213
3916,1347,922,179
3917,1407,948,180
3918,2479,1803,670
3919,1421,957,180
3920,16992,11910,179
3921,17137,11979,179
3922,17137,11979,754
3923,17162,11989,181
3924,17168,11992,180
3925,17168,11992,753
3926,17170,11993,180
3927,17176,11996,754
3928,17185,12000,754
3929,17185,12000,179
3930,17198,12005,181
3931,17255,12026,754
3932,17266,12032,180
3933,17269,12033,180
3934,17280,12038,754
3935,17293,12044,754
3936,17312,12053,754
3937,17320,12057,754
3938,17330,12062,180
3939,17330,12062,753
3940,17338,12066,180
3941,17356,12075,754
3942,17363,12078,180
3943,17367,12080,180
3944,17377,12085,180
3945,17439,12112,180
3946,17439,12112,745
3947,17450,12115,180
3948,17468,12122,180
3949,17484,12130,180
3950,17532,12154,754
3951,17548,12163,180
3952,17738,12241,743
3953,17753,12248,745
3954,17782,12250,754
3955,17841,12268,754
3956,17854,12274,772
3957,17886,12287,754
3958,17908,12296,180
3959,17915,12299,180
3960,17931,12306,754
3961,17940,12310,180
3962,17948,12313,754
3963,17970,12322,776
3964,18057,12365,179
3965,18194,12449,179
3966,18296,12499,179
3967,18379,12573,181
3968,18381,12574,181
3969,18583,12774,181
3970,18707,12882,181
3971,18770,12928,878
3972,18787,12940,892
3973,18870,13000,180
3974,18870,13000,1112
3975,18874,13002,1165
3976,18892,13009,940
3977,18892,13009,1042
3978,18898,13012,180
3979,18898,13012,1000
3980,18898,13012,1012
3981,18898,13012,1112
3982,18898,13012,1119
3983,18904,13014,180
3984,18904,13014,1112
3985,18913,13017,180
3986,18913,13017,1000
3987,18913,13017,1012
3988,18913,13017,1112
3989,18913,13017,1119
3990,18951,13030,180
3991,18951,13030,1112
3992,18964,13034,1153
3993,18967,13035,940
3994,18967,13035,1042
3995,18974,13038,1002
3996,18974,13038,1084
3997,18974,13038,1153
3998,18977,13039,180
3999,18977,13039,1112
4000,18981,13040,180
4001,18981,13040,945
4002,18981,13040,952
4003,18981,13040,964
4004,1444,971,179
4005,18981,13040,1112
4006,1452,975,179
4007,18981,13040,1128
4008,18982,13041,179
4009,1530,1037,181
4010,18987,13042,1135
4011,19007,13053,180
4012,19007,13053,1112
4013,13403,9498,180
4014,13407,9500,180
4015,13438,9517,180
4016,13442,9519,180
4017,13447,9522,180
4018,13481,9540,181
4019,13490,9543,72
4020,13554,9593,179
4021,13617,9647,573
4022,13623,9652,179
4023,13647,9670,179
4024,13663,9681,179
4025,13671,9686,180
4026,13982,9841,179
4027,14000,9851,109
4028,14000,9851,100
4029,14098,9874,181
4030,14138,9903,181
4031,14171,9932,181
4032,14184,9940,179
4033,14191,9944,179
4034,14232,9967,179
4035,14239,9968,180
4036,14245,9971,180
4037,14340,10032,180
4038,14349,10036,180
4039,14391,10055,180
4040,14408,10063,180
4041,14408,10063,178
4042,14411,10064,180
4043,14411,10064,178
4044,14421,10068,151
4045,14621,10213,181
4046,15001,10427,253
4047,15007,10430,179
4048,15010,10433,180
4049,15134,10512,252
4050,15134,10512,255
4051,15144,10519,250
4052,15252,10560,180
4053,15274,10578,181
4054,15357,10636,181
4055,15377,10655,179
4056,15984,11121,181
4057,16089,11236,181
4058,16154,11283,181
4059,16228,11344,179
4060,16265,11373,181
4061,16354,11454,181
4062,16416,11492,181
4063,16420,11495,179
4064,16453,11512,179
4065,16524,11560,181
4066,16530,11563,180
4067,16607,11606,181
4068,16673,11655,179
4069,16686,11662,180
4070,16697,11668,180
4071,16701,11671,180
4072,16704,11672,179
4073,16896,11851,179
4074,16981,11905,181
4075,16981,11905,727
4076,16981,11905,726
4077,16981,11905,730
4078,16987,11907,179
4079,16998,11913,179
4080,17020,11923,181
4081,17091,11961,754
4082,17108,11968,180
4083,17118,11971,754
4084,17142,11981,754
4085,17188,12001,179
4086,17188,12001,754
4087,17245,12021,754
4088,17301,12048,180
4089,17336,12065,180
4090,17398,12095,754
4091,17407,12099,754
4092,17435,12110,180
4093,17439,12112,776
4094,17455,12117,754
4095,17457,12118,180
4096,17466,12121,180
4097,17527,12151,754
4098,17601,12182,754
4099,17643,12198,754
4100,17646,12200,754
4101,17665,12209,754
4102,17738,12241,754
4103,17753,12248,181
4104,17753,12248,776
4105,2480,1804,670
4106,2501,1816,181
4107,2522,1832,181
4108,2646,1936,181
4109,2705,1978,692
4110,2719,1987,181
4111,2757,2021,181
4112,2883,2130,181
4113,2897,2138,179
4114,2920,2151,181
4115,2939,2169,181
4116,3015,2231,180
4117,3102,2293,181
4118,3119,2306,777
4119,3203,2358,778
4120,3203,2358,781
4121,3208,2361,181
4122,3220,2372,179
4123,3317,2434,181
4124,3320,2436,180
4125,1597,1084,180
4126,17782,12250,743
4127,17811,12253,754
4128,17841,12268,764
4129,17842,12269,180
4130,17854,12274,754
4131,17871,12281,754
4132,17891,12288,180
4133,17921,12302,180
4134,18059,12366,181
4135,18285,12494,180
4136,18688,12872,179
4137,18707,12882,180
4138,18787,12940,873
4139,18787,12940,894
4140,18804,12950,895
4141,19018,13059,181
4142,19018,13059,1156
4143,18835,12974,789
4144,19018,13059,1157
4145,19024,13062,1084
4146,18867,12999,180
4147,18867,12999,1112
4148,18877,13003,911
4149,18880,13005,180
4150,18880,13005,1112
4151,18892,13009,1050
4152,18892,13009,1149
4153,18898,13012,1002
4154,18898,13012,1084
4155,18898,13012,1153
4156,18913,13017,1002
4157,18913,13017,1051
4158,18913,13017,1084
4159,18913,13017,1153
4160,18964,13034,180
4161,18964,13034,1112
4162,18967,13035,1050
4163,18967,13035,1149
4164,18974,13038,180
4165,18974,13038,1000
4166,18974,13038,1012
4167,18974,13038,1112
4168,18974,13038,1119
4169,18977,13039,1153
4170,18992,13046,180
4171,18992,13046,1112
4172,19002,13051,180
4173,19002,13051,1112
4174,19018,13059,1158
4175,19018,13059,1159
4176,19024,13062,180
4177,19024,13062,958
4178,19024,13062,1112
4179,19024,13062,1146
4180,19029,13064,180
4181,19029,13064,1112
4182,19058,13076,1119
4183,19062,13076,1160
4184,19067,13077,1151
4185,1624,1101,179
4186,19072,13077,180
4187,19072,13077,1112
4188,19075,13079,181
4189,1634,1108,181
4190,19079,13080,994
4191,19091,13084,181
4192,19107,13090,180
4193,19107,13090,1112
4194,19125,13097,180
4195,19125,13097,1112
4196,19126,13097,180
4197,19126,13097,1112
4198,19128,13097,180
4199,19128,13097,1112
4200,19134,13100,179
4201,19169,13110,1050
4202,19169,13110,1149
4203,19175,13110,180
4204,19175,13110,1112
4205,19180,13112,940
4206,19180,13112,1042
4207,19184,13114,179
4208,19184,13114,1088
4209,19208,13123,179
4210,19224,13128,180
4211,19224,13128,1112
4212,19024,13062,1153
4213,1684,1144,180
4214,19029,13064,1153
4215,19031,13065,180
4216,19031,13065,1112
4217,19043,13069,180
4218,19043,13069,1112
4219,19045,13070,179
4220,19058,13076,181
4221,19058,13076,1002
4222,19058,13076,1084
4223,19058,13076,1153
4224,19062,13076,180
4225,19062,13076,1112
4226,19067,13077,940
4227,19079,13080,1053
4228,19079,13080,1095
4229,19096,13086,179
4230,19103,13089,179
4231,19125,13097,1160
4232,19168,13110,180
4233,19168,13110,1112
4234,19169,13110,940
4235,19180,13112,934
4236,19180,13112,938
4237,19180,13112,1050
4238,19180,13112,1149
4239,19184,13114,1087
4240,19190,13116,181
4241,19214,13125,181
4242,19224,13128,1156
4243,19224,13128,1157
4244,19230,13131,1153
4245,19236,13133,181
4246,19247,13133,180
4247,19247,13133,1112
4248,19248,13133,180
4249,19248,13133,1112
4250,19253,13133,181
4251,19257,13133,179
4252,19258,13133,180
4253,19258,13133,1112
4254,19259,13133,181
4255,19261,13133,180
4256,19261,13133,1112
4257,19262,13133,179
4258,19265,13133,179
4259,19266,13133,179
4260,19269,13133,181
4261,19275,13133,181
4262,19275,13133,1160
4263,19282,13133,179
4264,19284,13133,181
4265,19288,13133,940
4266,19288,13133,941
4267,19309,13133,181
4268,19309,13133,1156
4269,1703,1155,179
4270,19309,13133,1157
4271,1708,1157,181
4272,19315,13133,181
4273,1714,1160,179
4274,19320,13133,181
4275,19320,13133,939
4276,19325,13133,181
4277,1874,1256,181
4278,19336,13133,929
4279,19224,13128,1158
4280,19224,13128,1159
4281,19230,13131,180
4282,19230,13131,1112
4283,19236,13133,180
4284,19236,13133,1112
4285,19247,13133,181
4286,19248,13133,181
4287,19253,13133,180
4288,19253,13133,1112
4289,19258,13133,181
4290,19259,13133,180
4291,19259,13133,1112
4292,19261,13133,181
4293,19269,13133,180
4294,19269,13133,1112
4295,19275,13133,180
4296,19275,13133,1112
4297,19282,13133,1028
4298,19284,13133,180
4299,19284,13133,1112
4300,19288,13133,179
4301,19307,13133,179
4302,19309,13133,180
4303,19309,13133,1112
4304,19309,13133,1158
4305,19309,13133,1159
4306,19315,13133,180
4307,19315,13133,1112
4308,19315,13133,1162
4309,19320,13133,180
4310,19320,13133,1112
4311,19325,13133,180
4312,19325,13133,1112
4313,19329,13133,179
4314,19336,13133,179
4315,19336,13133,988
4316,19336,13133,999
4317,19336,13133,1068
4318,19336,13133,1070
4319,19343,13136,940
4320,19343,13136,1042
4321,19360,13141,1196
4322,19374,13145,181
4323,19384,13148,180
4324,19384,13148,1112
4325,19389,13150,1151
4326,19397,13151,180
4327,19397,13151,1112
4328,19400,13152,181
4329,19415,13157,1160
4330,19433,13162,179
4331,19433,13162,911
4332,19443,13164,180
4333,19443,13164,1112
4334,19457,13170,180
4335,19457,13170,945
4336,19457,13170,952
4337,19457,13170,964
4338,19457,13170,1112
4339,19457,13170,1128
4340,19468,13176,180
4341,19468,13176,1112
4342,19500,13192,1035
4343,19500,13192,1036
4344,19519,13201,180
4345,19519,13201,1112
4346,19529,13206,180
4347,19529,13206,1112
4348,19531,13207,180
4349,19531,13207,1112
4350,19537,13210,1050
4351,19537,13210,1149
4352,19548,13215,180
4353,19548,13215,1112
4354,19559,13220,180
4355,19559,13220,1112
4356,19561,13221,1160
4357,19578,13229,179
4358,19336,13133,993
4359,19586,13229,180
4360,19336,13133,1103
4361,19343,13136,1050
4362,19343,13136,1149
4363,19586,13229,1112
4364,19599,13229,179
4365,19619,13229,181
4366,19624,13229,180
4367,19349,13137,1050
4368,19624,13229,1112
4369,19629,13229,179
4370,19354,13139,181
4371,19389,13150,940
4372,19390,13150,181
4373,19397,13151,1160
4374,19631,13229,181
4375,19637,13229,181
4376,19642,13229,181
4377,19415,13157,180
4378,19650,13229,179
4379,19415,13157,1112
4380,1879,1259,295
4381,19462,13173,180
4382,19462,13173,1112
4383,19508,13195,180
4384,19508,13195,1112
4385,19537,13210,940
4386,19537,13210,1042
4387,19548,13215,1153
4388,19557,13219,940
4389,19561,13221,180
4390,19561,13221,1112
4391,19561,13221,1123
4392,19586,13229,181
4393,19596,13229,179
4394,19603,13229,179
4395,19605,13229,179
4396,19619,13229,180
4397,19619,13229,1112
4398,19624,13229,181
4399,19630,13229,179
4400,19631,13229,180
4401,19631,13229,1112
4402,19637,13229,180
4403,19637,13229,1112
4404,19638,13229,179
4405,19641,13229,179
4406,19642,13229,180
4407,19642,13229,1112
4408,19655,13229,180
4409,19655,13229,1112
4410,19661,13229,180
4411,19661,13229,1112
4412,19668,13229,180
4413,19668,13229,1112
4414,19669,13229,181
4415,19670,13229,180
4416,19670,13229,1112
4417,19671,13229,180
4418,1907,1274,181
4419,19671,13229,1112
4420,1935,1293,179
4421,19706,13243,180
4422,2007,1329,1252
4423,19706,13243,1112
4424,19655,13229,181
4425,19661,13229,181
4426,19666,13229,179
4427,19668,13229,181
4428,19669,13229,180
4429,19669,13229,1112
4430,19670,13229,181
4431,19671,13229,181
4432,19679,13230,180
4433,19679,13230,1112
4434,19697,13239,180
4435,19697,13239,1112
4436,19730,13255,1165
4437,19736,13257,1174
4438,19757,13269,180
4439,19757,13269,1112
4440,19760,13270,1160
4441,19811,13312,1053
4442,19899,13396,180
4443,19899,13396,1112
4444,19995,13471,1053
4445,19995,13471,1095
4446,20006,13477,1002
4447,20006,13477,1153
4448,20011,13480,180
4449,20011,13480,1112
4450,20027,13487,180
4451,20027,13487,1112
4452,20037,13491,971
4453,20037,13491,1009
4454,20037,13491,1014
4455,20037,13491,1043
4456,20037,13491,1044
4457,20037,13491,1091
4458,20042,13494,180
4459,20042,13494,1112
4460,20047,13495,180
4461,20047,13495,1112
4462,20058,13498,1032
4463,20058,13498,1153
4464,20064,13500,1196
4465,20065,13500,1204
4466,19706,13243,1213
4467,20079,13506,180
4468,19736,13257,180
4469,19736,13257,1112
4470,19757,13269,1160
4471,19760,13270,180
4472,20079,13506,1112
4473,19760,13270,1112
4474,20131,13534,1112
4475,20147,13545,180
4476,19791,13295,180
4477,20147,13545,1000
4478,19791,13295,945
4479,19791,13295,952
4480,19791,13295,964
4481,19791,13295,1112
4482,20147,13545,1012
4483,20147,13545,1112
4484,19791,13295,1128
4485,20147,13545,1119
4486,3323,2439,179
4487,3502,2566,179
4488,3623,2648,795
4489,3836,2799,179
4490,3872,2818,181
4491,3877,2822,181
4492,3882,2824,181
4493,3888,2826,179
4494,3957,2877,179
4495,4050,2962,857
4496,4056,2965,853
4497,4062,2968,853
4498,20209,13579,1087
4499,4087,2981,1362
4500,20245,13600,180
4501,20245,13600,1112
4502,4105,2994,1362
4503,4106,2994,1362
4504,20257,13606,179
4505,20257,13606,994
4506,20261,13607,1002
4507,4114,3000,1362
4508,4146,3019,1360
4509,4156,3022,1362
4510,20262,13607,940
4511,20262,13607,1042
4512,4164,3027,181
4513,20262,13607,1055
4514,20263,13607,940
4515,20266,13608,181
4516,20284,13619,180
4517,4296,3116,180
4518,20315,13632,180
4519,20315,13632,1112
4520,20319,13634,922
4521,4296,3116,178
4522,20319,13634,940
4523,4312,3124,180
4524,4312,3124,178
4525,4324,3133,180
4526,4324,3133,178
4527,4330,3136,180
4528,4330,3136,178
4529,20319,13634,941
4530,4351,3142,1367
4531,4368,3148,181
4532,4375,3151,180
4533,20319,13634,956
4534,20319,13634,1010
4535,4375,3151,178
4536,20319,13634,1017
4537,4385,3154,180
4538,4385,3154,178
4539,4414,3177,180
4540,4414,3177,178
4541,20319,13634,1042
4542,4418,3179,180
4543,4418,3179,178
4544,20319,13634,1045
4545,4431,3183,180
4546,20321,13635,180
4547,20321,13635,1000
4548,20321,13635,1012
4549,20321,13635,1112
4550,20321,13635,1119
4551,20354,13650,922
4552,4431,3183,178
4553,4447,3189,180
4554,4447,3189,178
4555,20354,13650,1042
4556,20361,13652,180
4557,20361,13652,1112
4558,4476,3196,180
4559,4476,3196,178
4560,4515,3234,179
4561,4517,3235,181
4562,4649,3322,179
4563,2075,1381,330
4564,2174,1457,344
4565,2218,1492,179
4566,2219,1493,179
4567,2263,1581,181
4568,2283,1640,380
4569,2283,1640,556
4570,2283,1640,558
4571,2283,1640,616
4572,2283,1640,568
4573,2283,1640,578
4574,2283,1640,576
4575,2283,1640,592
4576,2283,1640,584
4577,2283,1640,529
4578,2283,1640,531
4579,2283,1640,533
4580,2283,1640,534
4581,2283,1640,400
4582,2283,1640,477
4583,2283,1640,451
4584,2283,1640,460
4585,2283,1640,496
4586,2283,1640,406
4587,2283,1640,412
4588,2283,1640,608
4589,2286,1642,179
4590,2286,1642,502
4591,2286,1642,501
4592,2288,1643,549
4593,2304,1657,603
4594,4706,3359,179
4595,2304,1657,612
4596,4717,3364,181
4597,20365,13653,180
4598,4993,3522,179
4599,5144,3634,179
4600,2304,1657,632
4601,5151,3639,179
4602,5265,3713,181
4603,5283,3722,181
4604,5303,3740,181
4605,5306,3741,181
4606,5376,3794,228
4607,5378,3795,228
4608,5449,3849,179
4609,5451,3850,179
4610,5476,3866,181
4611,5477,3867,179
4612,5577,3934,249
4613,5584,3940,181
4614,5595,3945,181
4615,5596,3946,181
4616,5614,3953,181
4617,5774,4019,249
4618,5990,4146,180
4619,6063,4183,179
4620,6091,4188,249
4621,6116,4197,249
4622,6163,4223,179
4623,6702,4615,1322
4624,6891,4781,313
4625,6935,4794,313
4626,6988,4831,179
4627,7085,4902,298
4628,7144,4955,298
4629,7235,5021,181
4630,7265,5043,180
4631,7284,5059,181
4632,7329,5087,179
4633,7346,5093,179
4634,7364,5100,179
4635,7732,5355,181
4636,7773,5382,179
4637,2342,1690,179
4638,20365,13653,1112
4639,19899,13396,1160
4640,20372,13656,1149
4641,20375,13657,1153
4642,20378,13659,180
4643,20378,13659,1112
4644,20398,13666,180
4645,19995,13471,994
4646,20006,13477,180
4647,20006,13477,1000
4648,20006,13477,1012
4649,20006,13477,1112
4650,20006,13477,1119
4651,20027,13487,1160
4652,20037,13491,940
4653,20398,13666,1112
4654,20037,13491,941
4655,20037,13491,956
4656,20423,13674,180
4657,20423,13674,1112
4658,20037,13491,1010
4659,20443,13684,180
4660,20443,13684,1112
4661,7778,5387,181
4662,20454,13688,180
4663,20454,13688,1112
4664,20499,13710,180
4665,20499,13710,1000
4666,20499,13710,1012
4667,20499,13710,1112
4668,20499,13710,1119
4669,20501,13711,1053
4670,20509,13714,180
4671,20509,13714,1112
4672,20511,13715,940
4673,20511,13715,982
4674,20511,13715,983
4675,20511,13715,1006
4676,20511,13715,1017
4677,20511,13715,1052
4678,20520,13719,180
4679,20520,13719,1112
4680,20555,13733,180
4681,20555,13733,1112
4682,20558,13733,1052
4683,20558,13733,1053
4684,20558,13733,1060
4685,20558,13733,1141
4686,20579,13739,971
4687,20579,13739,1009
4688,20579,13739,1014
4689,20579,13739,1043
4690,20579,13739,1044
4691,20579,13739,1091
4692,20586,13743,1053
4693,20586,13743,1095
4694,20612,13751,1039
4695,20612,13751,1088
4696,20622,13754,1204
4697,20659,13772,971
4698,20659,13772,1011
4699,20664,13774,1135
4700,20676,13783,180
4701,20683,13787,168
4702,20714,13817,180
4703,20753,13848,179
4704,20764,13853,181
4705,20871,13921,910
4706,20959,13986,180
4707,20965,13992,180
4708,20971,14003,180
4709,20977,14009,180
4710,7846,5440,181
4711,20986,14021,180
4712,20991,14029,1335
4713,7942,5500,181
4714,21018,14054,180
4715,8056,5585,179
4716,21063,14095,179
4717,20037,13491,1017
4718,21079,14110,179
4719,21091,14120,179
4720,21122,14144,179
4721,21147,14160,180
4722,21158,14166,1234
4723,21158,14166,1237
4724,21158,14166,1256
4725,21175,14175,180
4726,21189,14184,1234
4727,21195,14187,179
4728,21205,14193,180
4729,21206,14194,180
4730,21231,14201,180
4731,21234,14203,1234
4732,21235,14203,1233
4733,21235,14203,1249
4734,21239,14205,1234
4735,21372,14300,181
4736,21447,14346,187
4737,21451,14349,187
4738,21487,14380,181
4739,21487,14380,189
4740,21537,14425,181
4741,21624,14479,179
4742,21641,14488,180
4743,21660,14498,179
4744,21662,14499,180
4745,21668,14502,180
4746,21717,14536,181
4747,21727,14552,179
4748,21728,14553,181
4749,21733,14560,181
4750,2342,1690,382
4751,20037,13491,1042
4752,2342,1690,553
4753,21751,14597,179
4754,2342,1690,625
4755,21830,14644,181
4756,2342,1690,619
4757,20037,13491,1045
4758,20047,13495,1097
4759,20052,13497,180
4760,20052,13497,1112
4761,20058,13498,180
4762,20058,13498,1030
4763,20058,13498,1112
4764,20079,13506,1097
4765,20147,13545,1002
4766,20147,13545,1051
4767,20147,13545,1084
4768,20147,13545,1153
4769,20202,13576,180
4770,20202,13576,1112
4771,20209,13579,1088
4772,20212,13580,180
4773,20212,13580,1112
4774,20231,13591,1206
4775,20245,13600,1153
4776,20257,13606,1053
4777,20257,13606,1095
4778,20261,13607,180
4779,20261,13607,1112
4780,20262,13607,976
4781,20263,13607,1151
4782,20290,13621,180
4783,20290,13621,945
4784,20290,13621,952
4785,20290,13621,964
4786,20290,13621,1112
4787,20290,13621,1128
4788,20296,13624,1042
4789,20319,13634,971
4790,20319,13634,1009
4791,20319,13634,1014
4792,20319,13634,1043
4793,20319,13634,1044
4794,20319,13634,1091
4795,20321,13635,1002
4796,20321,13635,1084
4797,2342,1690,617
4798,20321,13635,1153
4799,2342,1690,579
4800,21848,14658,179
4801,20323,13636,922
4802,2342,1690,570
4803,20365,13653,1160
4804,20372,13656,922
4805,20372,13656,940
4806,20375,13657,180
4807,20375,13657,1112
4808,20393,13664,922
4809,20404,13668,180
4810,20404,13668,1112
4811,20443,13684,1160
4812,20450,13686,180
4813,20450,13686,1112
4814,20450,13686,1177
4815,20456,13689,180
4816,20456,13689,1112
4817,20456,13689,1162
4818,20497,13709,180
4819,20497,13709,1112
4820,20499,13710,1002
4821,20499,13710,1084
4822,20499,13710,1153
4823,20501,13711,179
4824,20501,13711,994
4825,20511,13715,962
4826,20511,13715,971
4827,20511,13715,1011
4828,20516,13717,1196
4829,20564,13734,180
4830,20564,13734,995
4831,20564,13734,1112
4832,20564,13734,1119
4833,20579,13739,940
4834,20579,13739,941
4835,20579,13739,956
4836,20579,13739,1010
4837,20579,13739,1017
4838,20579,13739,1042
4839,20579,13739,1045
4840,20586,13743,994
4841,20612,13751,1087
4842,20659,13772,940
4843,20659,13772,941
4844,20659,13772,982
4845,20659,13772,983
4846,20659,13772,1006
4847,2342,1690,565
4848,20659,13772,1017
4849,2342,1690,572
4850,20659,13772,1152
4851,21859,14663,179
4852,2342,1690,597
4853,20675,13782,168
4854,2342,1690,581
4855,21873,14670,181
4856,22015,14734,181
4857,22094,14782,179
4858,22115,14787,179
4859,22172,14822,179
4860,22176,14826,181
4861,22183,14832,179
4862,22390,14984,179
4863,22574,15144,181
4864,22578,15146,179
4865,22580,15147,179
4866,22674,15221,181
4867,22676,15222,179
4868,22711,15252,179
4869,22784,15284,179
4870,22928,15367,179
4871,22950,15379,181
4872,23039,15451,180
4873,23048,15460,180
4874,23198,15583,181
4875,23200,15584,179
4876,23347,15699,181
4877,23370,15719,181
4878,23375,15724,179
4879,23384,15730,181
4880,23389,15734,181
4881,23788,16021,181
4882,23816,16047,179
4883,23997,16186,179
4884,24000,16188,181
4885,24189,16302,180
4886,24191,16303,180
4887,24303,16386,180
4888,24309,16388,179
4889,24310,16388,180
4890,24332,16401,181
4891,24376,16444,179
4892,24379,16447,181
4893,24389,16457,180
4894,24391,16459,180
4895,24402,16472,180
4896,2342,1690,593
4897,24411,16481,180
4898,2342,1690,526
4899,24412,16482,180
4900,20690,13793,179
4901,2342,1690,506
4902,20691,13794,180
4903,2342,1690,510
4904,24417,16487,180
4905,20722,13822,180
4906,2342,1690,396
4907,2342,1690,404
4908,2342,1690,402
4909,2342,1690,640
4910,2342,1690,643
4911,2342,1690,442
4912,2342,1690,497
4913,2342,1690,466
4914,2342,1690,484
4915,2342,1690,489
4916,2342,1690,493
4917,2347,1693,504
4918,2442,1770,180
4919,2494,1814,665
4920,2506,1818,677
4921,2692,1971,179
4922,2712,1982,698
4923,2723,1989,180
4924,2725,1990,180
4925,2744,2008,737
4926,2811,2072,739
4927,3023,2236,180
4928,3025,2237,180
4929,3153,2329,179
4930,3185,2346,778
4931,3185,2346,781
4932,3212,2364,181
4933,3213,2365,179
4934,3219,2371,179
4935,3264,2407,179
4936,3295,2426,180
4937,3319,2435,181
4938,3381,2489,181
4939,3493,2562,179
4940,3587,2630,807
4941,3845,2804,181
4942,3873,2819,179
4943,3885,2825,181
4944,3961,2881,179
4945,4048,2961,857
4946,4052,2963,857
4947,4054,2964,848
4948,4058,2966,853
4949,4083,2979,179
4950,4088,2981,1348
4951,4088,2981,181
4952,4092,2983,181
4953,4112,3000,1362
4954,4145,3019,1362
4955,4153,3021,179
4956,4247,3090,179
4957,4250,3092,181
4958,4261,3097,179
4959,4261,3097,843
4960,4263,3098,181
4961,4290,3113,180
4962,4290,3113,178
4963,4332,3137,181
4964,4370,3149,179
4965,4460,3191,181
4966,4472,3195,180
4967,4472,3195,178
4968,4529,3241,179
4969,4884,3470,179
4970,4891,3475,179
4971,4892,3476,181
4972,5057,3569,181
4973,5380,3796,228
4974,5405,3809,179
4975,5458,3852,179
4976,5545,3920,249
4977,5550,3921,249
4978,5601,3948,181
4979,5732,3999,249
4980,5751,4009,248
4981,5784,4025,249
4982,5803,4039,249
4983,5885,4091,249
4984,6102,4191,249
4985,6161,4221,180
4986,6165,4225,181
4987,6256,4291,181
4988,6366,4381,179
4989,6384,4397,181
4990,6568,4527,179
4991,6573,4530,179
4992,6627,4566,1322
4993,6704,4616,1322
4994,6915,4789,313
4995,7101,4918,289
4996,7172,4973,179
4997,7182,4978,181
4998,7289,5062,180
4999,7326,5086,179
5000,7331,5088,181
5001,7373,5106,179
5002,7384,5111,181
5003,7734,5356,181
5004,7788,5396,181
5005,7852,5445,181
5006,24418,16488,180
5007,7858,5450,181
5008,7873,5456,181
5009,7911,5482,181
5010,7971,5518,179
5011,8312,5770,179
5012,8508,5876,181
5013,8681,5982,386
5014,8681,5982,408
5015,8681,5982,409
5016,8681,5982,415
5017,8681,5982,530
5018,8687,5985,388
5019,8696,5990,388
5020,8701,5993,388
5021,8760,6025,530
5022,8844,6100,545
5023,8844,6100,562
5024,8844,6100,181
5025,8891,6138,541
5026,8891,6138,539
5027,9003,6228,181
5028,9007,6232,179
5029,9125,6314,179
5030,9161,6347,179
5031,9269,6435,180
5032,9274,6438,181
5033,9335,6487,180
5034,9347,6492,180
5035,9349,6493,180
5036,9433,6572,179
5037,9444,6581,181
5038,9446,6582,180
5039,9450,6585,813
5040,9534,6641,179
5041,9540,6644,181
5042,9682,6723,599
5043,9683,6724,181
5044,9692,6728,179
5045,9823,6806,179
5046,9823,6806,601
5047,9933,6912,179
5048,10005,6958,629
5049,10005,6958,628
5050,10024,6964,181
5051,24481,16545,595
5052,10152,7058,180
5053,10205,7087,180
5054,10205,7087,638
5055,10211,7090,180
5056,10211,7090,638
5057,10235,7101,642
5058,10265,7119,638
5059,10272,7123,642
5060,10283,7132,638
5061,10290,7138,638
5062,10298,7143,638
5063,10307,7149,180
5064,10307,7149,638
5065,10309,7150,639
5066,10317,7155,179
5067,10338,7164,179
5068,10359,7171,180
5069,10359,7171,638
5070,10430,7208,179
5071,10481,7241,179
5072,24502,16558,181
5073,10497,7252,179
5074,24504,16559,179
5075,10538,7288,179
5076,24537,16578,180
5077,10599,7333,179
5078,24691,16668,180
5079,20731,13831,168
5080,10604,7336,179
5081,24714,16680,179
5082,24740,16697,181
5083,24767,16720,86
5084,24769,16722,86
5085,24773,16726,85
5086,24774,16727,181
5087,24775,16728,179
5088,24814,16766,85
5089,25232,17121,1265
5090,25238,17125,1265
5091,25240,17126,180
5092,25276,17150,310
5093,25345,17200,179
5094,25516,17287,181
5095,25526,17291,668
5096,25556,17308,181
5097,25655,17369,73
5098,25698,17404,181
5099,25706,17405,181
5100,25782,17450,179
5101,25831,17482,181
5102,25842,17489,179
5103,25878,17519,179
5104,25914,17551,179
5105,25947,17579,181
5106,25979,17605,179
5107,26024,17632,181
5108,26159,17723,181
5109,26201,17736,717
5110,26220,17741,181
5111,26220,17741,761
5112,26240,17746,179
5113,26428,17862,179
5114,26458,17871,181
5115,26458,17871,761
5116,26536,17898,180
5117,26565,17919,179
5118,26588,17934,181
5119,26601,17935,181
5120,26808,18087,181
5121,26885,18149,181
5122,26972,18219,181
5123,26994,18238,831
5124,27017,18257,831
5125,27127,18358,181
5126,10762,7430,667
5127,27166,18388,181
5128,10921,7543,181
5129,27208,18416,181
5130,27210,18417,181
5131,10949,7558,706
5132,27319,18487,931
5133,10949,7558,705
5134,27319,18487,180
5135,20733,13832,167
5136,10949,7558,697
5137,27322,18488,931
5138,27322,18488,946
5139,27328,18491,931
5140,27328,18491,180
5141,27334,18494,931
5142,27334,18494,946
5143,27339,18497,907
5144,27339,18497,905
5145,27339,18497,906
5146,27351,18504,907
5147,27351,18504,905
5148,27351,18504,906
5149,27351,18504,936
5150,27358,18507,932
5151,27362,18509,932
5152,27364,18510,932
5153,27374,18514,907
5154,27374,18514,905
5155,27374,18514,906
5156,27374,18514,936
5157,27386,18519,907
5158,27386,18519,905
5159,27386,18519,906
5160,27386,18519,936
5161,27394,18523,931
5162,27398,18525,932
5163,27406,18530,880
5164,27406,18530,931
5165,27412,18533,885
5166,27412,18533,932
5167,27414,18534,880
5168,27414,18534,931
5169,27414,18534,180
5170,27422,18538,932
5171,27435,18543,932
5172,27455,18552,931
5173,27497,18570,932
5174,27508,18574,907
5175,27508,18574,905
5176,27508,18574,906
5177,10955,7561,180
5178,27508,18574,933
5179,11003,7590,179
5180,27508,18574,936
5181,20742,13840,157
5182,20749,13846,179
5183,20751,13847,179
5184,20871,13921,903
5185,20897,13944,179
5186,20953,13980,179
5187,20970,13998,180
5188,20987,14022,180
5189,21031,14064,179
5190,21122,14144,1233
5191,21122,14144,1253
5192,21128,14148,180
5193,21145,14159,1253
5194,21147,14160,1234
5195,21158,14166,180
5196,21186,14183,180
5197,21189,14184,180
5198,21195,14187,1233
5199,21231,14201,1234
5200,21234,14203,180
5201,21235,14203,1242
5202,21235,14203,1243
5203,21239,14205,180
5204,21246,14209,1364
5205,21305,14251,179
5206,21309,14254,179
5207,21420,14320,181
5208,21420,14320,189
5209,21537,14425,180
5210,21551,14433,202
5211,21604,14470,216
5212,21624,14479,207
5213,21648,14492,180
5214,21664,14500,180
5215,21674,14506,179
5216,21683,14511,179
5217,21725,14550,179
5218,21731,14556,181
5219,21732,14559,179
5220,21755,14600,181
5221,21759,14602,181
5222,21853,14660,179
5223,21857,14662,181
5224,21861,14664,181
5225,22099,14785,181
5226,22150,14800,179
5227,8120,5626,179
5228,8143,5638,181
5229,8266,5731,179
5230,8270,5733,181
5231,8415,5827,181
5232,8514,5879,179
5233,8689,5986,530
5234,8709,5997,392
5235,8709,5997,418
5236,8709,5997,421
5237,8709,5997,441
5238,8709,5997,453
5239,8709,5997,454
5240,8709,5997,434
5241,8709,5997,445
5242,8709,5997,479
5243,8709,5997,507
5244,8709,5997,511
5245,8709,5997,463
5246,8709,5997,468
5247,8709,5997,483
5248,8709,5997,486
5249,8709,5997,487
5250,8709,5997,488
5251,8709,5997,503
5252,8711,5998,392
5253,8716,6001,418
5254,8716,6001,421
5255,8716,6001,441
5256,8716,6001,453
5257,8716,6001,454
5258,8716,6001,434
5259,22151,14801,181
5260,8716,6001,445
5261,22395,14989,179
5262,8716,6001,479
5263,22574,15144,180
5264,8716,6001,507
5265,22678,15223,179
5266,8716,6001,511
5267,22823,15311,181
5268,8716,6001,463
5269,22825,15312,181
5270,8716,6001,468
5271,22907,15357,179
5272,8716,6001,483
5273,22941,15376,179
5274,27517,18578,907
5275,8716,6001,486
5276,22971,15393,181
5277,22995,15411,179
5278,22997,15412,181
5279,23005,15420,181
5280,23035,15448,179
5281,23055,15466,180
5282,23081,15486,180
5283,23102,15502,179
5284,23136,15534,179
5285,23335,15693,181
5286,23398,15741,179
5287,23753,15997,179
5288,23903,16110,179
5289,24046,16215,181
5290,24098,16258,181
5291,24140,16278,180
5292,24148,16282,180
5293,24163,16290,180
5294,24307,16388,179
5295,24310,16388,181
5296,24321,16394,180
5297,24332,16401,180
5298,24379,16447,180
5299,24379,16447,583
5300,24411,16481,181
5301,24412,16482,181
5302,24423,16493,1147
5303,24459,16526,595
5304,24540,16579,180
5305,24611,16623,613
5306,24680,16661,180
5307,24684,16664,180
5308,24698,16671,180
5309,24774,16727,180
5310,24789,16741,85
5311,25029,16968,179
5312,25158,17074,181
5313,25232,17121,180
5314,25238,17125,180
5315,25240,17126,1265
5316,25508,17284,668
5317,25514,17286,671
5318,25556,17308,671
5319,25559,17309,671
5320,25597,17330,179
5321,25601,17333,181
5322,25605,17336,179
5323,8716,6001,487
5324,8716,6001,488
5325,27517,18578,905
5326,27517,18578,906
5327,27517,18578,936
5328,27525,18582,932
5329,27532,18586,931
5330,27532,18586,180
5331,27534,18588,907
5332,27534,18588,905
5333,27534,18588,906
5334,27534,18588,936
5335,27535,18589,931
5336,27552,18598,907
5337,27552,18598,905
5338,27552,18598,906
5339,27552,18598,936
5340,27570,18605,907
5341,27570,18605,905
5342,27570,18605,906
5343,27570,18605,936
5344,27589,18615,932
5345,27597,18619,931
5346,27635,18635,877
5347,27635,18635,907
5348,8716,6001,503
5349,27635,18635,905
5350,8720,6003,388
5351,27635,18635,906
5352,25706,17405,180
5353,8722,6004,532
5354,27635,18635,933
5355,25772,17448,181
5356,8733,6010,388
5357,27635,18635,936
5358,27635,18635,944
5359,27635,18635,947
5360,27645,18640,907
5361,27645,18640,905
5362,27645,18640,906
5363,27645,18640,936
5364,27685,18654,980
5365,27690,18656,997
5366,27694,18658,978
5367,27696,18659,972
5368,27696,18659,973
5369,27702,18662,972
5370,27702,18662,973
5371,27704,18663,980
5372,27706,18664,978
5373,27708,18665,980
5374,27733,18677,980
5375,27812,18732,841
5376,27855,18760,1005
5377,27871,18768,1005
5378,27880,18773,1001
5379,27890,18780,1001
5380,27896,18783,1007
5381,27898,18784,1007
5382,27908,18788,181
5383,27930,18799,180
5384,27930,18799,1008
5385,27932,18800,180
5386,27932,18800,1008
5387,27935,18801,180
5388,27935,18801,1008
5389,27970,18819,854
5390,8747,6018,397
5391,27970,18819,858
5392,8763,6026,388
5393,27970,18819,862
5394,8766,6028,388
5395,27977,18823,858
5396,8880,6130,541
5397,25815,17472,181
5398,8889,6137,539
5399,8999,6225,179
5400,9090,6294,179
5401,9166,6348,181
5402,9214,6387,181
5403,9262,6431,181
5404,9272,6437,179
5405,9311,6472,179
5406,9312,6473,179
5407,9341,6489,181
5408,9345,6491,180
5409,9403,6545,179
5410,9447,6583,180
5411,9462,6591,813
5412,9472,6599,181
5413,9541,6645,179
5414,9545,6646,181
5415,10000,6956,624
5416,10027,6965,629
5417,10027,6965,628
5418,10039,6969,629
5419,10039,6969,628
5420,10046,6975,179
5421,10130,7045,179
5422,10173,7068,180
5423,10173,7068,638
5424,10203,7085,179
5425,25821,17475,181
5426,10264,7118,638
5427,10281,7131,638
5428,26201,17736,181
5429,10288,7136,638
5430,26201,17736,761
5431,10319,7156,180
5432,26220,17741,731
5433,10319,7156,638
5434,26232,17744,181
5435,10325,7159,638
5436,26232,17744,761
5437,27977,18823,862
5438,28003,18836,868
5439,28016,18844,858
5440,28016,18844,862
5441,28045,18861,1265
5442,28046,18862,1265
5443,28076,18892,1265
5444,28080,18896,1265
5445,28110,18914,1265
5446,28167,18967,181
5447,28171,18987,181
5448,28210,18990,1023
5449,28274,19011,181
5450,28277,19012,181
5451,28281,19014,1118
5452,28281,19014,1120
5453,28291,19019,181
5454,28336,19041,181
5455,28339,19043,1078
5456,28346,19046,179
5457,28346,19046,1074
5458,28346,19046,1086
5459,28346,19046,1089
5460,28346,19046,1121
5461,28365,19058,1118
5462,28365,19058,1120
5463,28371,19062,181
5464,28371,19062,1073
5465,28371,19062,1067
5466,28620,19222,1115
5467,28857,19385,179
5468,28857,19385,1086
5469,28857,19385,1089
5470,28857,19385,1121
5471,28857,19385,1074
5472,28869,19394,1093
5473,28924,19426,180
5474,28928,19430,180
5475,28940,19442,180
5476,28964,19466,180
5477,28967,19469,180
5478,28974,19476,180
5479,28981,19483,180
5480,29022,19517,1264
5481,29024,19519,179
5482,29039,19530,179
5483,29127,19578,1266
5484,29137,19582,179
5485,29145,19586,179
5486,11007,7594,181
5487,26232,17744,732
5488,26260,17754,179
5489,26536,17898,181
5490,26575,17925,181
5491,26576,17926,179
5492,26716,18015,798
5493,26719,18016,798
5494,26862,18135,179
5495,26884,18148,181
5496,26893,18154,181
5497,27098,18336,181
5498,27124,18357,825
5499,27169,18389,181
5500,27212,18418,179
5501,27319,18487,932
5502,27322,18488,932
5503,27322,18488,943
5504,27322,18488,959
5505,27322,18488,966
5506,27328,18491,932
5507,27328,18491,181
5508,27334,18494,921
5509,27334,18494,932
5510,27334,18494,943
5511,27334,18494,181
5512,27358,18507,931
5513,27362,18509,931
5514,27364,18510,931
5515,27394,18523,932
5516,27398,18525,931
5517,27398,18525,180
5518,27406,18530,885
5519,27406,18530,932
5520,27412,18533,880
5521,27412,18533,931
5522,27414,18534,885
5523,27414,18534,932
5524,27422,18538,931
5525,27435,18543,931
5526,27455,18552,932
5527,27477,18563,907
5528,27477,18563,905
5529,27477,18563,906
5530,27497,18570,931
5531,27523,18581,907
5532,27523,18581,905
5533,27523,18581,906
5534,27523,18581,936
5535,27525,18582,931
5536,27527,18583,905
5537,27529,18584,907
5538,27529,18584,905
5539,27529,18584,906
5540,27529,18584,936
5541,27532,18586,932
5542,27535,18589,932
5543,27565,18602,907
5544,27565,18602,905
5545,27565,18602,906
5546,27565,18602,936
5547,27589,18615,931
5548,27593,18617,907
5549,27593,18617,905
5550,10402,7192,181
5551,27593,18617,906
5552,10474,7236,181
5553,27593,18617,936
5554,10485,7244,661
5555,29161,19594,1265
5556,10513,7267,179
5557,27595,18618,907
5558,29215,19623,180
5559,10546,7292,181
5560,27595,18618,905
5561,27595,18618,906
5562,27595,18618,936
5563,27597,18619,932
5564,27635,18635,935
5565,27635,18635,948
5566,27685,18654,967
5567,27685,18654,181
5568,27690,18656,978
5569,27690,18656,987
5570,27690,18656,969
5571,27690,18656,977
5572,27694,18658,972
5573,27694,18658,973
5574,27696,18659,978
5575,27702,18662,978
5576,27704,18663,967
5577,27706,18664,972
5578,27706,18664,973
5579,27733,18677,181
5580,27753,18695,242
5581,27774,18713,841
5582,27776,18714,841
5583,27778,18715,841
5584,27786,18719,841
5585,27808,18730,842
5586,27814,18733,842
5587,27814,18733,849
5588,27816,18734,841
5589,27829,18741,1007
5590,27842,18750,1007
5591,27859,18762,1007
5592,27867,18766,1005
5593,27905,18787,179
5594,27908,18788,180
5595,27916,18792,180
5596,27916,18792,1008
5597,10586,7325,181
5598,27965,18816,868
5599,10602,7335,179
5600,29293,19667,180
5601,27970,18819,852
5602,10612,7340,181
5603,27977,18823,852
5604,29308,19674,1283
5605,10614,7341,181
5606,27981,18825,858
5607,27981,18825,862
5608,27987,18828,858
5609,27987,18828,862
5610,28003,18836,851
5611,28003,18836,850
5612,28003,18836,859
5613,28013,18842,868
5614,28016,18844,852
5615,28018,18845,868
5616,28062,18878,1265
5617,28111,18915,1265
5618,28117,18921,1265
5619,28281,19014,181
5620,28281,19014,1073
5621,28321,19033,181
5622,28329,19038,181
5623,28339,19043,179
5624,28339,19043,1074
5625,28339,19043,1086
5626,28339,19043,1089
5627,28339,19043,1121
5628,28346,19046,1078
5629,28365,19058,181
5630,28365,19058,1073
5631,28371,19062,1090
5632,28380,19065,181
5633,28857,19385,1078
5634,28869,19394,1111
5635,28869,19394,1113
5636,28903,19415,180
5637,28929,19431,180
5638,28943,19445,180
5639,28952,19454,180
5640,28957,19459,180
5641,28965,19467,180
5642,28982,19484,180
5643,28989,19490,179
5644,29012,19510,181
5645,29022,19517,179
5646,29028,19523,181
5647,29035,19528,180
5648,29040,19531,179
5649,29051,19537,180
5650,10614,7341,667
5651,29088,19563,180
5652,10615,7342,181
5653,29113,19572,179
5654,29314,19676,1276
5655,29122,19576,179
5656,29127,19578,1265
5657,10615,7342,667
5658,10623,7346,179
5659,10747,7419,181
5660,10761,7429,667
5661,10803,7456,181
5662,10861,7488,713
5663,10868,7493,179
5664,10874,7497,179
5665,10928,7546,179
5666,10957,7562,180
5667,10970,7570,708
5668,10992,7584,702
5669,11000,7587,697
5670,11000,7587,705
5671,11182,7721,179
5672,11186,7723,181
5673,11316,7825,181
5674,11339,7836,181
5675,11372,7855,180
5676,11372,7855,1214
5677,11379,7859,1212
5678,11379,7859,1208
5679,11384,7862,1218
5680,11384,7862,1219
5681,11386,7863,180
5682,11386,7863,1214
5683,11388,7864,180
5684,11388,7864,1214
5685,11390,7865,180
5686,11390,7865,1214
5687,11517,7982,179
5688,29161,19594,180
5689,11518,7983,179
5690,11653,8096,180
5691,29197,19612,1265
5692,11656,8097,181
5693,29208,19619,1265
5694,11666,8104,1130
5695,29215,19623,1265
5696,11666,8104,1127
5697,29234,19635,1265
5698,11666,8104,1169
5699,29293,19667,1265
5700,29314,19676,1270
5701,11666,8104,181
5702,29314,19676,1283
5703,29392,19714,2
5704,29396,19717,1350
5705,29414,19732,1358
5706,29414,19732,1
5707,29513,19811,179
5708,29587,19871,9
5709,29598,19881,181
5710,29631,19902,181
5711,29641,19906,36
5712,29643,19907,179
5713,29649,19909,179
5714,29649,19909,32
5715,29669,19918,180
5716,29697,19932,180
5717,29712,19939,180
5718,29718,19942,180
5719,29725,19948,37
5720,29776,19967,36
5721,29786,19972,180
5722,29890,20069,181
5723,30169,20313,77
5724,30208,20341,179
5725,30209,20342,181
5726,30290,20401,179
5727,30306,20409,180
5728,30369,20456,180
5729,30394,20474,591
5730,30425,20500,179
5731,30443,20514,1262
5732,93,62,181
5733,170,98,181
5734,201,122,179
5735,210,127,181
5736,213,128,179
5737,342,212,179
5738,418,259,179
5739,515,299,180
5740,556,318,180
5741,597,336,180
5742,609,346,180
5743,725,429,141
5744,774,473,181
5745,889,573,181
5746,962,634,180
5747,1084,726,179
5748,11666,8104,1346
5749,11666,8104,1344
5750,11668,8105,260
5751,11668,8105,261
5752,11752,8173,179
5753,11758,8177,181
5754,11846,8234,179
5755,12076,8422,181
5756,12137,8473,1328
5757,12438,8715,179
5758,12481,8776,180
5759,12512,8818,1306
5760,12639,8935,179
5761,12735,9015,180
5762,12747,9021,180
5763,12793,9046,180
5764,12800,9051,180
5765,12801,9052,179
5766,12829,9079,180
5767,12867,9102,179
5768,13271,9431,179
5769,13347,9473,71
5770,13393,9493,72
5771,13416,9505,180
5772,13419,9506,180
5773,13481,9540,179
5774,13554,9593,181
5775,13623,9652,181
5776,13628,9654,180
5777,13647,9670,181
5778,13663,9681,181
5779,13982,9841,181
5780,14098,9874,179
5781,14138,9903,179
5782,14171,9932,179
5783,14184,9940,181
5784,14191,9944,181
5785,14198,9948,180
5786,14204,9952,180
5787,1087,728,179
5788,29365,19696,1347
5789,29440,19753,179
5790,29469,19776,181
5791,29472,19778,181
5792,29587,19871,179
5793,29622,19898,181
5794,29641,19906,179
5795,29684,19925,180
5796,29703,19935,180
5797,29718,19942,35
5798,29744,19963,181
5799,29774,19966,180
5800,29786,19972,27
5801,29897,20075,179
5802,30073,20238,181
5803,30074,20239,181
5804,30082,20243,180
5805,30096,20251,179
5806,30203,20336,179
5807,30304,20408,180
5808,30394,20474,590
5809,6,3,44
5810,47,27,179
5811,196,121,179
5812,420,260,179
5813,534,308,179
5814,560,319,180
5815,597,336,181
5816,613,349,180
5817,11084,7663,179
5818,1094,732,179
5819,11180,7720,181
5820,689,406,179
5821,11321,7826,181
5822,706,415,180
5823,771,470,179
5824,776,475,181
5825,887,572,179
5826,962,634,181
5827,1082,725,191
5828,1316,900,179
5829,1416,954,180
5830,1500,1016,179
5831,1535,1038,181
5832,1556,1058,179
5833,1578,1074,181
5834,1609,1090,180
5835,1695,1149,180
5836,1710,1158,181
5837,1711,1159,180
5838,1809,1220,181
5839,1886,1262,179
5840,2020,1339,307
5841,2020,1339,319
5842,2020,1339,181
5843,2064,1374,347
5844,2068,1375,181
5845,2068,1375,344
5846,2170,1456,337
5847,2170,1456,338
5848,2170,1456,179
5849,2182,1461,179
5850,2235,1540,181
5851,2332,1682,380
5852,2332,1682,556
5853,2332,1682,558
5854,2332,1682,616
5855,11359,7848,181
5856,2332,1682,568
5857,11370,7854,1218
5858,2332,1682,578
5859,11370,7854,1195
5860,2332,1682,576
5861,1100,735,179
5862,2332,1682,592
5863,2332,1682,584
5864,2332,1682,529
5865,2332,1682,531
5866,2332,1682,533
5867,2332,1682,534
5868,2332,1682,400
5869,2332,1682,496
5870,2332,1682,406
5871,2332,1682,412
5872,2332,1682,608
5873,2439,1768,181
5874,2497,1815,179
5875,2628,1920,179
5876,2654,1943,181
5877,2668,1955,679
5878,2703,1977,679
5879,2709,1980,180
5880,2717,1986,179
5881,2727,1991,180
5882,2881,2129,739
5883,2995,2217,181
5884,3000,2221,180
5885,3064,2265,181
5886,3098,2291,181
5887,3181,2344,778
5888,3181,2344,781
5889,3192,2351,783
5890,3199,2355,181
5891,3206,2360,778
5892,3206,2360,781
5893,3206,2360,783
5894,3214,2366,181
5895,3218,2370,181
5896,3307,2427,181
5897,3321,2437,179
5898,3327,2441,835
5899,14232,9967,181
5900,3328,2442,179
5901,14305,10004,180
5902,14311,10007,180
5903,1284,878,181
5904,1307,897,179
5905,1419,956,179
5906,1431,963,180
5907,1435,965,180
5908,1502,1017,181
5909,1611,1091,181
5910,1633,1107,180
5911,1695,1149,181
5912,1710,1158,180
5913,1711,1159,181
5914,1819,1221,181
5915,1855,1246,181
5916,1865,1251,179
5917,1870,1254,181
5918,1883,1261,179
5919,1888,1263,179
5920,1927,1289,181
5921,1990,1316,1252
5922,2008,1330,181
5923,2030,1346,304
5924,2064,1374,181
5925,2087,1388,330
5926,2162,1452,181
5927,2170,1456,339
5928,2217,1490,179
5929,2256,1573,181
5930,2264,1582,181
5931,2267,1622,181
5932,2332,1682,382
5933,2332,1682,553
5934,2332,1682,617
5935,2332,1682,579
5936,2332,1682,570
5937,2332,1682,565
5938,2332,1682,572
5939,2332,1682,597
5940,2332,1682,581
5941,2332,1682,593
5942,2332,1682,526
5943,2332,1682,396
5944,2332,1682,404
5945,2332,1682,402
5946,2332,1682,442
5947,2332,1682,497
5948,2332,1682,466
5949,2332,1682,484
5950,2332,1682,489
5951,2332,1682,493
5952,2366,1708,181
5953,2439,1768,180
5954,2493,1813,651
5955,2561,1867,179
5956,2574,1877,181
5957,2651,1941,179
5958,2651,1941,693
5959,11370,7854,1219
5960,3330,2443,179
5961,2656,1944,679
5962,11377,7858,1212
5963,3331,2444,181
5964,3333,2445,181
5965,3397,2502,181
5966,3483,2554,790
5967,3483,2554,804
5968,3498,2564,179
5969,3500,2565,181
5970,3515,2574,181
5971,3536,2590,790
5972,3933,2858,181
5973,4038,2956,853
5974,4042,2958,853
5975,4044,2959,857
5976,4064,2969,853
5977,4085,2980,1362
5978,4129,3009,1362
5979,4141,3015,1362
5980,4159,3024,181
5981,4298,3117,180
5982,4298,3117,178
5983,4302,3119,180
5984,4302,3119,178
5985,4365,3147,180
5986,4365,3147,178
5987,4416,3178,180
5988,4416,3178,178
5989,4422,3180,180
5990,4422,3180,178
5991,4424,3181,180
5992,4424,3181,178
5993,4436,3184,180
5994,4436,3184,178
5995,4449,3190,180
5996,4449,3190,178
5997,4745,3373,181
5998,4882,3469,179
5999,4929,3496,181
6000,4933,3497,179
6001,5007,3528,181
6002,5008,3529,181
6003,5024,3541,179
6004,5055,3568,181
6005,5065,3576,179
6006,11377,7858,1217
6007,5398,3807,181
6008,11377,7858,1208
6009,5587,3941,249
6010,11398,7869,180
6011,5594,3944,181
6012,5632,3959,179
6013,5635,3960,179
6014,5639,3963,179
6015,5639,3963,259
6016,5639,3963,258
6017,5639,3963,256
6018,5661,3971,248
6019,5936,4108,249
6020,6159,4219,179
6021,6250,4290,179
6022,6325,4341,179
6023,6519,4490,179
6024,6525,4495,179
6025,6542,4511,179
6026,6544,4512,181
6027,6583,4535,1322
6028,6908,4787,315
6029,6924,4791,313
6030,7000,4838,283
6031,7001,4839,303
6032,7003,4840,181
6033,7024,4856,298
6034,7136,4950,285
6035,7170,4972,179
6036,7175,4975,179
6037,7188,4981,181
6038,7217,5003,181
6039,7268,5045,180
6040,7322,5083,181
6041,7340,5092,181
6042,7357,5097,181
6043,7383,5110,181
6044,7386,5112,179
6045,7619,5301,340
6046,11398,7869,1214
6047,7795,5399,181
6048,11519,7984,181
6049,7811,5414,181
6050,11680,8114,1331
6051,2709,1980,181
6052,11760,8178,181
6053,7812,5415,181
6054,11878,8262,1247
6055,7860,5451,181
6056,7878,5458,181
6057,7881,5459,181
6058,7964,5511,179
6059,7969,5516,179
6060,8096,5606,179
6061,8126,5628,179
6062,8209,5697,180
6063,8228,5708,181
6064,8274,5736,179
6065,8390,5810,181
6066,8472,5857,179
6067,8504,5875,179
6068,8619,5958,181
6069,8683,5983,448
6070,8683,5983,450
6071,8683,5983,426
6072,8683,5983,436
6073,8683,5983,447
6074,8683,5983,461
6075,8683,5983,495
6076,8683,5983,509
6077,8683,5983,514
6078,8683,5983,465
6079,8683,5983,470
6080,8683,5983,476
6081,8683,5983,482
6082,8683,5983,492
6083,8683,5983,530
6084,8699,5992,388
6085,8724,6005,530
6086,8729,6008,530
6087,8736,6012,530
6088,8743,6016,388
6089,11878,8262,1248
6090,8743,6016,393
6091,11924,8303,1247
6092,8743,6016,394
6093,11924,8303,1248
6094,2710,1981,181
6095,11963,8333,179
6096,2727,1991,181
6097,11978,8347,181
6098,8755,6022,388
6099,2772,2036,180
6100,12015,8375,179
6101,8755,6022,524
6102,2798,2060,739
6103,12049,8402,1285
6104,2864,2115,179
6105,8953,6180,541
6106,12085,8429,179
6107,8955,6182,179
6108,2881,2129,181
6109,12221,8523,179
6110,3008,2226,180
6111,8965,6192,180
6112,12328,8607,181
6113,3047,2253,180
6114,3064,2265,180
6115,3098,2291,180
6116,3162,2334,179
6117,3177,2342,179
6118,3177,2342,781
6119,3211,2363,181
6120,3217,2369,179
6121,3307,2427,180
6122,3321,2437,835
6123,3327,2441,179
6124,3328,2442,835
6125,3330,2443,835
6126,3331,2444,180
6127,3333,2445,180
6128,3397,2502,180
6129,3496,2563,181
6130,3949,2869,181
6131,4038,2956,857
6132,4042,2958,857
6133,4044,2959,853
6134,4085,2980,181
6135,4097,2988,1362
6136,4100,2991,1362
6137,4102,2993,1362
6138,4108,2996,1362
6139,4137,3012,1362
6140,4148,3020,1352
6141,4148,3020,1353
6142,4302,3119,181
6143,4302,3119,186
6144,4365,3147,181
6145,4463,3192,180
6146,4463,3192,178
6147,4567,3271,179
6148,4644,3319,181
6149,4647,3320,181
6150,4648,3321,179
6151,4711,3361,181
6152,4871,3461,179
6153,4886,3471,179
6154,12435,8712,180
6155,4910,3489,181
6156,12449,8731,1321
6157,5099,3604,179
6158,12451,8736,180
6159,5106,3607,179
6160,12538,8851,1147
6161,12552,8871,179
6162,12603,8903,181
6163,12682,8974,181
6164,12723,9008,181
6165,12750,9023,181
6166,12795,9047,180
6167,12797,9049,181
6168,12921,9139,180
6169,12951,9154,180
6170,13163,9349,179
6171,13265,9429,179
6172,13282,9436,71
6173,13303,9449,180
6174,13413,9503,180
6175,13489,9542,180
6176,13576,9613,179
6177,13593,9625,180
6178,13633,9657,81
6179,13639,9663,179
6180,13675,9688,180
6181,13677,9689,180
6182,13688,9698,179
6183,13720,9716,179
6184,13726,9720,181
6185,14002,9852,180
6186,14002,9852,96
6187,14201,9950,180
6188,14243,9970,180
6189,14262,9979,180
6190,14267,9982,179
6191,14273,9985,180
6192,14281,9990,181
6193,14344,10033,180
6194,14417,10066,151
6195,14449,10084,181
6196,14529,10149,181
6197,5134,3627,181
6198,5150,3638,181
6199,5313,3747,181
6200,5519,3906,179
6201,5587,3941,179
6202,5620,3956,181
6203,5649,3966,181
6204,5651,3967,181
6205,5762,4015,249
6206,5999,4149,249
6207,6009,4155,249
6208,6223,4266,179
6209,6224,4267,179
6210,6269,4298,280
6211,6379,4393,179
6212,6383,4396,181
6213,6386,4399,181
6214,6388,4401,179
6215,6589,4538,1322
6216,6591,4539,1322
6217,6610,4553,1322
6218,6633,4569,1322
6219,6700,4614,1322
6220,6719,4625,181
6221,7164,4969,181
6222,7206,4994,298
6223,7219,5005,181
6224,7371,5105,179
6225,7607,5292,179
6226,7871,5455,179
6227,7966,5513,181
6228,7978,5525,181
6229,8098,5607,179
6230,8228,5708,180
6231,8236,5711,353
6232,8261,5727,179
6233,8413,5826,179
6234,8418,5829,179
6235,8509,5877,179
6236,8683,5983,392
6237,8683,5983,418
6238,8683,5983,421
6239,8683,5983,441
6240,8683,5983,453
6241,8683,5983,454
6242,8683,5983,434
6243,8683,5983,445
6244,14556,10170,863
6245,8683,5983,479
6246,14594,10199,179
6247,14595,10200,179
6248,8683,5983,507
6249,14610,10208,181
6250,14629,10218,181
6251,14637,10221,181
6252,14642,10223,179
6253,14783,10326,179
6254,14783,10326,286
6255,14793,10327,279
6256,14793,10327,277
6257,14993,10423,252
6258,14997,10424,262
6259,15245,10557,266
6260,15246,10557,180
6261,15249,10559,179
6262,15266,10572,179
6263,15276,10580,181
6264,15277,10581,179
6265,15329,10620,179
6266,8683,5983,511
6267,15363,10641,181
6268,8683,5983,463
6269,15838,10988,181
6270,8683,5983,468
6271,15855,11005,179
6272,8683,5983,483
6273,16032,11190,181
6274,9318,6476,180
6275,8683,5983,486
6276,16068,11226,179
6277,9331,6485,180
6278,9443,6580,813
6279,9455,6587,180
6280,9480,6601,813
6281,9523,6638,179
6282,9527,6639,179
6283,9623,6694,181
6284,9686,6725,181
6285,9694,6729,181
6286,9782,6790,602
6287,9932,6911,180
6288,9938,6915,181
6289,9963,6931,624
6290,9972,6937,179
6291,10031,6966,629
6292,10031,6966,628
6293,10084,7009,181
6294,10122,7040,181
6295,10128,7044,181
6296,10175,7069,638
6297,10178,7070,642
6298,10187,7075,180
6299,10187,7075,638
6300,10216,7092,638
6301,10262,7117,638
6302,10277,7127,638
6303,10279,7129,638
6304,10304,7147,180
6305,10304,7147,638
6306,10413,7199,179
6307,10413,7199,653
6308,10547,7293,179
6309,10558,7302,179
6310,10576,7317,50
6311,10621,7345,181
6312,10846,7480,714
6313,10942,7554,708
6314,10942,7554,703
6315,16068,11226,377
6316,10946,7556,702
6317,16182,11309,179
6318,10946,7556,181
6319,8683,5983,487
6320,16243,11358,179
6321,8683,5983,488
6322,16245,11359,181
6323,11082,7661,181
6324,16381,11472,179
6325,16394,11477,181
6326,16425,11498,180
6327,16431,11501,180
6328,16447,11509,180
6329,16510,11551,181
6330,16535,11566,180
6331,16545,11570,181
6332,16559,11578,181
6333,16600,11600,181
6334,16683,11661,179
6335,16880,11837,179
6336,16990,11909,179
6337,16995,11912,179
6338,17083,11957,763
6339,17083,11957,754
6340,17105,11967,180
6341,17131,11976,180
6342,17148,11983,179
6343,17148,11983,754
6344,17164,11990,754
6345,17174,11995,181
6346,17191,12002,180
6347,17196,12004,754
6348,17214,12009,179
6349,17214,12009,754
6350,17261,12029,754
6351,17287,12041,754
6352,17295,12045,754
6353,17299,12047,180
6354,17316,12055,754
6355,11087,7666,181
6356,17332,12063,754
6357,11089,7668,181
6358,17394,12092,754
6359,11090,7669,181
6360,17409,12100,180
6361,11176,7718,181
6362,17437,12111,181
6363,11224,7752,179
6364,17445,12114,754
6365,11256,7773,179
6366,8683,5983,503
6367,8715,6000,388
6368,8718,6002,530
6369,8726,6006,388
6370,8726,6006,528
6371,8745,6017,388
6372,8950,6178,545
6373,8950,6178,562
6374,9001,6227,181
6375,9107,6305,181
6376,9116,6308,179
6377,9145,6331,181
6378,9176,6354,179
6379,9443,6580,179
6380,9459,6590,817
6381,9459,6590,180
6382,9688,6726,179
6383,9694,6729,605
6384,9696,6730,179
6385,9696,6730,606
6386,9696,6730,601
6387,9932,6911,181
6388,9938,6915,624
6389,9938,6915,180
6390,9955,6928,624
6391,9966,6933,624
6392,9990,6951,629
6393,9990,6951,628
6394,10043,6973,179
6395,10112,7035,181
6396,10126,7043,179
6397,10128,7044,180
6398,14408,10063,151
6399,10166,7065,642
6400,14411,10064,151
6401,14421,10068,180
6402,14421,10068,178
6403,14621,10213,179
6404,15001,10427,257
6405,15007,10430,181
6406,15217,10538,181
6407,15250,10559,180
6408,15255,10562,180
6409,15258,10564,180
6410,15274,10578,179
6411,15357,10636,179
6412,15377,10655,181
6413,15984,11121,179
6414,16089,11236,179
6415,16089,11236,373
6416,16154,11283,179
6417,16228,11344,181
6418,16265,11373,179
6419,16354,11454,179
6420,16420,11495,181
6421,16423,11497,180
6422,16453,11512,181
6423,16453,11512,623
6424,16509,11550,180
6425,10187,7075,181
6426,16537,11567,181
6427,10194,7080,638
6428,16547,11571,180
6429,11272,7786,179
6430,16607,11606,179
6431,11326,7827,181
6432,16666,11650,180
6433,11364,7851,1218
6434,16673,11655,181
6435,10221,7094,180
6436,10221,7094,638
6437,10231,7099,180
6438,10231,7099,638
6439,10275,7125,638
6440,10291,7139,638
6441,10353,7168,638
6442,10584,7324,181
6443,10606,7337,181
6444,10610,7339,179
6445,10732,7418,179
6446,10788,7447,179
6447,10846,7480,179
6448,10851,7483,714
6449,10855,7485,180
6450,10933,7547,181
6451,10942,7554,180
6452,10946,7556,180
6453,10984,7580,702
6454,10987,7582,712
6455,11068,7648,181
6456,11178,7719,181
6457,11252,7771,179
6458,11343,7838,179
6459,11350,7842,180
6460,11352,7843,180
6461,11364,7851,180
6462,11364,7851,1214
6463,11375,7857,1212
6464,11375,7857,1208
6465,11382,7861,1212
6466,11382,7861,1208
6467,11392,7866,1212
6468,11392,7866,1208
6469,11392,7866,1194
6470,11396,7868,179
6471,11404,7872,1218
6472,11404,7872,1219
6473,11635,8082,179
6474,11637,8084,179
6475,11649,8094,181
6476,11664,8103,181
6477,16675,11656,181
6478,11664,8103,1346
6479,16704,11672,181
6480,11664,8103,1344
6481,16870,11828,181
6482,11364,7851,1219
6483,11396,7868,1212
6484,11396,7868,1208
6485,11404,7872,180
6486,11404,7872,1214
6487,11649,8094,180
6488,11664,8103,301
6489,11664,8103,260
6490,11664,8103,261
6491,11690,8118,181
6492,11690,8118,1346
6493,11731,8158,1224
6494,11903,8283,1225
6495,11932,8310,1247
6496,11932,8310,1248
6497,11981,8349,180
6498,11994,8358,180
6499,12040,8394,1285
6500,12129,8468,181
6501,12230,8527,179
6502,12321,8602,179
6503,12431,8706,180
6504,12434,8711,180
6505,12440,8717,181
6506,12458,8745,180
6507,12524,8837,181
6508,12526,8839,180
6509,12529,8842,180
6510,12551,8870,179
6511,12646,8940,180
6512,12691,8980,181
6513,12799,9050,181
6514,12953,9155,180
6515,13375,9482,180
6516,13425,9510,180
6517,13440,9518,180
6518,13458,9528,180
6519,13465,9533,180
6520,13585,9619,181
6521,13841,9825,179
6522,13951,9839,181
6523,13973,9840,179
6524,14001,9852,96
6525,14027,9859,132
6526,16896,11851,181
6527,14109,9880,181
6528,16896,11851,727
6529,14140,9904,181
6530,16896,11851,726
6531,14186,9941,181
6532,16896,11851,730
6533,14193,9945,179
6534,14270,9984,180
6535,16904,11854,728
6536,14290,9994,180
6537,16981,11905,179
6538,14298,10000,180
6539,16987,11907,181
6540,14307,10005,180
6541,11664,8103,719
6542,16987,11907,726
6543,14370,10050,180
6544,11664,8103,79
6545,11683,8115,1340
6546,11690,8118,1125
6547,16998,11913,181
6548,14591,10197,181
6549,16998,11913,727
6550,14615,10211,181
6551,16998,11913,726
6552,16998,11913,730
6553,17020,11923,179
6554,17043,11926,728
6555,17077,11955,754
6556,17079,11956,754
6557,17135,11978,754
6558,17137,11979,180
6559,17168,11992,754
6560,17170,11993,754
6561,17188,12001,181
6562,17255,12026,180
6563,17266,12032,754
6564,17269,12033,754
6565,17280,12038,180
6566,17293,12044,180
6567,17312,12053,180
6568,17320,12057,180
6569,17330,12062,754
6570,17338,12066,754
6571,17356,12075,180
6572,17363,12078,754
6573,17367,12080,754
6574,17377,12085,754
6575,17396,12093,754
6576,17403,12097,754
6577,17435,12110,764
6578,17439,12112,754
6579,17450,12115,754
6580,17468,12122,754
6581,14633,10220,181
6582,17484,12130,754
6583,15009,10432,179
6584,17499,12138,754
6585,15012,10434,250
6586,17542,12160,754
6587,15015,10437,179
6588,17548,12163,754
6589,15247,10558,269
6590,17656,12205,754
6591,11745,8168,1224
6592,17673,12213,754
6593,15260,10566,180
6594,17738,12241,776
6595,17741,12242,754
6596,17753,12248,179
6597,17753,12248,754
6598,17782,12250,180
6599,17782,12250,745
6600,17841,12268,180
6601,17886,12287,180
6602,17908,12296,754
6603,17915,12299,754
6604,17931,12306,180
6605,17940,12310,754
6606,17948,12313,180
6607,18059,12366,179
6608,18305,12507,179
6609,18688,12872,181
6610,18704,12881,180
6611,18726,12891,873
6612,18726,12891,894
6613,18787,12940,874
6614,18804,12950,893
6615,18867,12999,1196
6616,18876,13003,1153
6617,18892,13009,1160
6618,18898,13012,971
6619,18898,13012,1009
6620,18898,13012,1014
6621,18898,13012,1043
6622,18898,13012,1044
6623,18898,13012,1091
6624,18904,13014,1151
6625,18913,13017,971
6626,18913,13017,1009
6627,18913,13017,1014
6628,18913,13017,1043
6629,18913,13017,1044
6630,18913,13017,1091
6631,18967,13035,1160
6632,11837,8227,1225
6633,11845,8233,179
6634,11854,8239,1247
6635,11854,8239,1248
6636,12034,8390,1285
6637,12100,8440,181
6638,12180,8502,181
6639,12187,8507,181
6640,12213,8519,181
6641,12215,8520,181
6642,12227,8526,179
6643,12431,8706,181
6644,12433,8710,181
6645,12434,8711,181
6646,12437,8714,179
6647,12518,8825,181
6648,12526,8839,181
6649,12526,8839,1294
6650,12530,8843,180
6651,12534,8847,1305
6652,12587,8893,181
6653,12646,8940,181
6654,12656,8949,179
6655,12695,8981,181
6656,12796,9048,179
6657,12799,9050,180
6658,12927,9142,180
6659,12957,9157,180
6660,13173,9356,181
6661,13362,9478,180
6662,13582,9618,181
6663,13586,9620,180
6664,13651,9673,181
6665,13679,9690,180
6666,13724,9719,179
6667,13880,9837,181
6668,14111,9881,107
6669,14140,9904,180
6670,14195,9946,180
6671,14301,10001,180
6672,14365,10048,180
6673,14371,10051,180
6674,14380,10053,179
6675,14430,10073,151
6676,18974,13038,940
6677,14599,10203,179
6678,18974,13038,941
6679,14643,10224,179
6680,14925,10396,179
6681,18974,13038,956
6682,18974,13038,1010
6683,18974,13038,1017
6684,18974,13038,1042
6685,18974,13038,1045
6686,18987,13042,1160
6687,19018,13059,940
6688,19018,13059,941
6689,19018,13059,1042
6690,19018,13059,1055
6691,19018,13059,1060
6692,19024,13062,940
6693,19024,13062,982
6694,19024,13062,983
6695,19024,13062,1006
6696,19024,13062,1017
6697,19024,13062,1052
6698,19058,13076,940
6699,19058,13076,941
6700,19058,13076,956
6701,19058,13076,1017
6702,19062,13076,1151
6703,19065,13077,180
6704,19065,13077,1112
6705,19067,13077,1160
6706,19075,13079,179
6707,19075,13079,994
6708,19091,13084,179
6709,19125,13097,940
6710,19134,13100,181
6711,19169,13110,1160
6712,19172,13110,180
6713,19172,13110,1112
6714,19180,13112,180
6715,19180,13112,1064
6716,19180,13112,1112
6717,19184,13114,181
6718,19208,13123,181
6719,19247,13133,179
6720,19248,13133,179
6721,19257,13133,180
6722,19257,13133,1112
6723,19258,13133,179
6724,19261,13133,179
6725,19262,13133,180
6726,19262,13133,1112
6727,19265,13133,180
6728,19265,13133,1112
6729,19266,13133,180
6730,19266,13133,1112
6731,19275,13133,1046
6732,19282,13133,180
6733,19282,13133,1112
6734,19288,13133,181
6735,19307,13133,181
6736,19309,13133,940
6737,19309,13133,941
6738,19309,13133,1042
6739,19309,13133,1055
6740,19309,13133,1060
6741,19320,13133,940
6742,19320,13133,1017
6743,19329,13133,181
6744,19336,13133,181
6745,19336,13133,1076
6746,19336,13133,1077
6747,19336,13133,1080
6748,19336,13133,1100
6749,19343,13136,180
6750,19343,13136,1112
6751,19349,13137,180
6752,19349,13137,1112
6753,19354,13139,1196
6754,19360,13141,180
6755,19360,13141,1112
6756,15009,10432,257
6757,19374,13145,179
6758,15023,10442,181
6759,19374,13145,1206
6760,19389,13150,1160
6761,19390,13150,1196
6762,19391,13150,1153
6763,19397,13151,940
6764,19397,13151,941
6765,19400,13152,179
6766,19415,13157,1151
6767,19433,13162,181
6768,19440,13164,180
6769,19440,13164,1112
6770,19476,13180,180
6771,19476,13180,1112
6772,19510,13196,180
6773,19510,13196,1112
6774,15035,10450,250
6775,19537,13210,1160
6776,15239,10552,180
6777,19548,13215,1017
6778,15267,10572,180
6779,15359,10638,181
6780,15365,10643,179
6781,15374,10652,181
6782,15667,10868,181
6783,15678,10869,181
6784,16144,11273,181
6785,16145,11274,181
6786,16183,11310,181
6787,16259,11369,181
6788,16349,11451,179
6789,16451,11511,179
6790,16520,11558,180
6791,16522,11559,181
6792,16528,11562,181
6793,16564,11581,180
6794,16625,11623,179
6795,16638,11631,180
6796,16646,11636,180
6797,16682,11660,179
6798,16707,11673,180
6799,16714,11677,721
6800,16716,11679,721
6801,16718,11681,709
6802,16894,11850,181
6803,16983,11906,179
6804,17110,11969,754
6805,17125,11973,180
6806,17158,11987,180
6807,17172,11994,180
6808,17178,11997,179
6809,15265,10571,180
6810,17178,11997,754
6811,19559,13220,940
6812,17249,12023,179
6813,17249,12023,754
6814,17291,12043,754
6815,17297,12046,754
6816,17326,12060,743
6817,17334,12064,754
6818,17355,12074,772
6819,17361,12077,754
6820,17365,12079,180
6821,17371,12082,754
6822,17385,12088,754
6823,17390,12090,754
6824,17414,12102,754
6825,17464,12120,754
6826,17492,12134,180
6827,17501,12139,743
6828,17529,12152,754
6829,17571,12175,754
6830,17613,12187,754
6831,17623,12191,759
6832,17623,12191,180
6833,17700,12227,179
6834,17700,12227,754
6835,17723,12235,774
6836,17729,12238,754
6837,17743,12243,180
6838,19578,13229,181
6839,17743,12243,745
6840,19596,13229,180
6841,17749,12246,754
6842,19596,13229,1112
6843,17751,12247,743
6844,19599,13229,181
6845,17777,12249,181
6846,19603,13229,180
6847,17815,12255,743
6848,15268,10573,181
6849,19603,13229,1112
6850,17833,12264,754
6851,19605,13229,180
6852,19605,13229,1112
6853,19619,13229,179
6854,19629,13229,181
6855,19630,13229,180
6856,19630,13229,1112
6857,19631,13229,179
6858,19637,13229,179
6859,19638,13229,180
6860,19638,13229,1112
6861,19641,13229,180
6862,19641,13229,1112
6863,19642,13229,179
6864,17855,12275,180
6865,19650,13229,181
6866,17878,12284,180
6867,19655,13229,179
6868,17884,12286,754
6869,19661,13229,179
6870,17897,12291,754
6871,19666,13229,181
6872,17904,12294,754
6873,15298,10594,179
6874,15353,10633,179
6875,15354,10634,181
6876,15355,10635,179
6877,15360,10639,181
6878,15667,10868,180
6879,15678,10869,180
6880,15835,10985,179
6881,15857,11007,181
6882,16081,11232,179
6883,16085,11234,179
6884,16085,11234,359
6885,16091,11238,179
6886,16091,11238,359
6887,16349,11451,571
6888,16421,11496,181
6889,16449,11510,179
6890,16449,11510,622
6891,16520,11558,181
6892,16522,11559,180
6893,16528,11562,180
6894,16550,11573,180
6895,16554,11575,180
6896,16556,11576,180
6897,16560,11579,181
6898,16594,11598,180
6899,16659,11644,179
6900,16687,11663,180
6901,16695,11667,180
6902,16707,11673,181
6903,16713,11676,179
6904,16718,11681,701
6905,16718,11681,699
6906,16737,11699,701
6907,16737,11699,699
6908,16942,11884,181
6909,16978,11904,179
6910,17114,11970,754
6911,17934,12307,754
6912,17473,12124,179
6913,17475,12125,754
6914,17486,12131,754
6915,17566,12173,180
6916,17617,12189,180
6917,17650,12202,753
6918,17661,12207,754
6919,17675,12214,180
6920,17679,12216,754
6921,17683,12218,754
6922,17691,12222,754
6923,17710,12230,754
6924,17716,12233,180
6925,17725,12236,180
6926,17784,12251,743
6927,17817,12256,754
6928,17825,12260,754
6929,17936,12308,180
6930,17837,12266,754
6931,18050,12361,181
6932,17869,12280,754
6933,18309,12509,179
6934,17917,12300,754
6935,18684,12870,179
6936,17925,12304,180
6937,18717,12886,181
6938,17139,11980,754
6939,17928,12305,754
6940,17166,11991,754
6941,17200,12006,754
6942,17211,12008,179
6943,17211,12008,754
6944,17276,12036,180
6945,17289,12042,180
6946,17306,12050,754
6947,17310,12052,754
6948,17326,12060,754
6949,17328,12061,754
6950,17346,12070,180
6951,17349,12071,754
6952,17355,12074,754
6953,17426,12106,180
6954,17490,12133,754
6955,17497,12137,180
6956,17497,12137,753
6957,17501,12139,754
6958,17514,12145,180
6959,17536,12156,754
6960,17596,12179,180
6961,17606,12184,754
6962,17652,12203,765
6963,17667,12210,754
6964,17698,12226,754
6965,17714,12232,180
6966,17723,12235,754
6967,17729,12238,743
6968,17743,12243,776
6969,17815,12255,754
6970,17819,12257,754
6971,17823,12259,180
6972,17823,12259,753
6973,17827,12261,754
6974,17829,12262,180
6975,17831,12263,754
6976,17833,12264,743
6977,17876,12283,754
6978,17938,12309,180
6979,18373,12568,181
6980,17946,12312,180
6981,18682,12869,180
6982,18044,12358,179
6983,18692,12874,180
6984,18171,12440,181
6985,18764,12923,892
6986,18224,12460,181
6987,18696,12876,180
6988,18764,12923,893
6989,18328,12526,179
6990,18785,12939,892
6991,18732,12895,179
6992,18614,12805,181
6993,18764,12923,873
6994,18785,12939,873
6995,18785,12939,888
6996,18790,12942,892
6997,18790,12942,893
6998,18807,12952,179
6999,18821,12960,874
7000,18862,12996,965
7001,18866,12998,940
7002,18866,12998,1017
7003,18888,13008,1153
7004,18899,13012,1160
7005,18924,13021,919
7006,18929,13023,180
7007,18929,13023,1112
7008,18936,13024,1135
7009,19016,13058,179
7010,19016,13058,976
7011,19016,13058,1091
7012,19049,13073,180
7013,19049,13073,1000
7014,19049,13073,1012
7015,19049,13073,1112
7016,19049,13073,1119
7017,19054,13075,181
7018,19055,13075,180
7019,19055,13075,1112
7020,19060,13076,180
7021,19060,13076,1112
7022,19066,13077,180
7023,19066,13077,1112
7024,19073,13078,1053
7025,19073,13078,1095
7026,19084,13081,181
7027,19089,13083,1002
7028,19089,13083,1153
7029,19115,13093,179
7030,18644,12833,179
7031,19120,13095,179
7032,18714,12885,181
7033,19142,13102,179
7034,18790,12942,873
7035,18719,12887,180
7036,18790,12942,894
7037,18862,12996,179
7038,18862,12996,919
7039,18866,12998,1110
7040,18883,13005,181
7041,18888,13008,180
7042,18888,13008,1112
7043,18899,13012,180
7044,18899,13012,1112
7045,18924,13021,965
7046,18946,13027,1206
7047,18969,13036,180
7048,18969,13036,1112
7049,19008,13054,180
7050,19008,13054,1112
7051,19016,13058,1052
7052,19016,13058,1053
7053,19016,13058,1055
7054,19016,13058,1060
7055,18737,12899,892
7056,19016,13058,1141
7057,18737,12899,893
7058,19042,13068,180
7059,18795,12944,873
7060,19042,13068,1112
7061,18795,12944,894
7062,19049,13073,1002
7063,18881,13005,180
7064,19049,13073,1153
7065,18881,13005,1112
7066,18885,13006,181
7067,18885,13006,939
7068,18891,13008,1135
7069,18926,13022,1032
7070,18926,13022,1153
7071,18931,13023,180
7072,18931,13023,1112
7073,18937,13025,1032
7074,18937,13025,1160
7075,18941,13026,1196
7076,18942,13026,1204
7077,18962,13033,180
7078,18962,13033,1112
7079,18966,13035,940
7080,18966,13035,941
7081,18966,13035,956
7082,19055,13075,1153
7083,18966,13035,1010
7084,19066,13077,1160
7085,18966,13035,1017
7086,19068,13077,1196
7087,18966,13035,1042
7088,19073,13078,179
7089,19160,13107,1153
7090,19085,13081,1135
7091,19086,13082,181
7092,18966,13035,1045
7093,19089,13083,180
7094,19089,13083,1000
7095,19089,13083,1012
7096,19089,13083,1112
7097,19089,13083,1119
7098,19097,13087,181
7099,19106,13090,179
7100,19109,13090,180
7101,19109,13090,1112
7102,19111,13091,181
7103,19160,13107,180
7104,19160,13107,1112
7105,19177,13111,1160
7106,19209,13123,1153
7107,19227,13130,994
7108,19229,13131,179
7109,19229,13131,1151
7110,19235,13133,181
7111,19249,13133,180
7112,19249,13133,1112
7113,19250,13133,181
7114,19251,13133,180
7115,18975,13038,940
7116,19251,13133,1112
7117,18975,13038,941
7118,19255,13133,180
7119,18975,13038,1042
7120,19255,13133,1112
7121,18975,13038,1055
7122,19274,13133,181
7123,18975,13038,1060
7124,19176,13111,179
7125,18978,13039,180
7126,19279,13133,180
7127,19176,13111,1050
7128,19177,13111,180
7129,19177,13111,1112
7130,19209,13123,180
7131,19209,13123,1112
7132,19218,13126,181
7133,19227,13130,1053
7134,19227,13130,1095
7135,19235,13133,180
7136,19235,13133,1112
7137,19238,13133,179
7138,19239,13133,179
7139,19242,13133,179
7140,19249,13133,181
7141,19250,13133,180
7142,19250,13133,995
7143,19250,13133,1112
7144,19250,13133,1119
7145,19251,13133,181
7146,19255,13133,181
7147,19263,13133,179
7148,19272,13133,179
7149,19274,13133,180
7150,19274,13133,1112
7151,19276,13133,179
7152,19279,13133,181
7153,19290,13133,180
7154,19290,13133,1112
7155,19294,13133,940
7156,19294,13133,941
7157,19296,13133,181
7158,19316,13133,181
7159,19322,13133,181
7160,19322,13133,1097
7161,19326,13133,180
7162,19668,13229,179
7163,19279,13133,1112
7164,19670,13229,179
7165,19290,13133,181
7166,19293,13133,179
7167,19294,13133,179
7168,19294,13133,1151
7169,19296,13133,180
7170,19296,13133,1112
7171,19316,13133,180
7172,19316,13133,1112
7173,19319,13133,179
7174,19322,13133,180
7175,19322,13133,1112
7176,19323,13133,179
7177,19323,13133,1151
7178,19326,13133,181
7179,19328,13133,181
7180,19330,13133,181
7181,19342,13135,180
7182,19342,13135,1112
7183,19351,13137,180
7184,19351,13137,1112
7185,19359,13141,181
7186,19376,13146,180
7187,19376,13146,1112
7188,19376,13146,1213
7189,19379,13147,180
7190,19379,13147,1112
7191,19671,13229,179
7192,19379,13147,1213
7193,19683,13232,180
7194,19385,13149,180
7195,19683,13232,1112
7196,19385,13149,1112
7197,19697,13239,1204
7198,19399,13151,1135
7199,19708,13244,180
7200,19407,13155,1158
7201,19708,13244,1112
7202,19407,13155,1159
7203,19421,13159,180
7204,19421,13159,1112
7205,19438,13164,180
7206,19438,13164,1112
7207,19444,13164,181
7208,19444,13164,1076
7209,19444,13164,1077
7210,19444,13164,1080
7211,19444,13164,1100
7212,19502,13193,180
7213,19502,13193,1112
7214,19504,13194,1042
7215,19506,13195,180
7216,19506,13195,1112
7217,19525,13204,180
7218,19525,13204,1112
7219,19549,13216,180
7220,19549,13216,1112
7221,19572,13227,1151
7222,19576,13229,179
7223,19580,13229,180
7224,19708,13244,1213
7225,19580,13229,1112
7226,19724,13252,1153
7227,19581,13229,181
7228,19726,13253,180
7229,19584,13229,181
7230,19726,13253,1112
7231,19585,13229,181
7232,19730,13255,180
7233,19326,13133,1112
7234,19730,13255,1112
7235,19597,13229,181
7236,19742,13260,180
7237,19742,13260,1112
7238,19757,13269,940
7239,19757,13269,1042
7240,19760,13270,1050
7241,19760,13270,1149
7242,19807,13309,180
7243,19807,13309,1112
7244,19811,13312,180
7245,19811,13312,1112
7246,19899,13396,1135
7247,19995,13471,180
7248,19995,13471,995
7249,19602,13229,181
7250,19995,13471,1112
7251,19607,13229,179
7252,19995,13471,1119
7253,19610,13229,179
7254,20006,13477,971
7255,19616,13229,179
7256,20006,13477,1009
7257,19620,13229,179
7258,20006,13477,1014
7259,19328,13133,180
7260,20006,13477,1043
7261,20006,13477,1044
7262,20027,13487,940
7263,20027,13487,1042
7264,20037,13491,1002
7265,20037,13491,1084
7266,20037,13491,1153
7267,20047,13495,965
7268,20049,13496,1032
7269,20049,13496,1153
7270,20064,13500,180
7271,20064,13500,1112
7272,20065,13500,180
7273,20065,13500,1112
7274,20079,13506,965
7275,20112,13525,180
7276,20112,13525,1112
7277,20147,13545,940
7278,20147,13545,941
7279,20147,13545,956
7280,20147,13545,1010
7281,20147,13545,1017
7282,20147,13545,1042
7283,20147,13545,1045
7284,20173,13562,180
7285,20173,13562,1112
7286,20209,13579,180
7287,19328,13133,1112
7288,20209,13579,1112
7289,19330,13133,180
7290,20231,13591,180
7291,19330,13133,1112
7292,20231,13591,1112
7293,19334,13133,179
7294,20249,13601,180
7295,19340,13135,181
7296,20249,13601,1112
7297,19348,13137,179
7298,20257,13606,181
7299,20261,13607,1009
7300,20262,13607,180
7301,20262,13607,1112
7302,20262,13607,1158
7303,20262,13607,1159
7304,20263,13607,180
7305,20263,13607,1112
7306,20266,13608,179
7307,20284,13619,922
7308,20288,13621,180
7309,20288,13621,1112
7310,20315,13632,922
7311,20319,13634,180
7312,20319,13634,1000
7313,20319,13634,1012
7314,20319,13634,1112
7315,20319,13634,1119
7316,20321,13635,940
7317,20321,13635,941
7318,20321,13635,956
7319,20321,13635,1010
7320,20321,13635,1017
7321,20321,13635,1042
7322,20321,13635,1045
7323,20354,13650,180
7324,20354,13650,1112
7325,20361,13652,922
7326,20361,13652,1028
7327,20365,13653,940
7328,19351,13137,1174
7329,20365,13653,941
7330,20372,13656,1160
7331,19351,13137,1176
7332,20375,13657,1110
7333,19356,13140,1196
7334,20379,13659,180
7335,19373,13145,1199
7336,20379,13659,1112
7337,19387,13149,181
7338,20443,13684,940
7339,19407,13155,181
7340,20443,13684,941
7341,19621,13229,181
7342,20454,13688,922
7343,19627,13229,180
7344,19407,13155,1037
7345,20454,13688,1165
7346,19627,13229,1112
7347,20456,13689,911
7348,20499,13710,940
7349,20499,13710,941
7350,20499,13710,956
7351,20499,13710,1010
7352,20499,13710,1017
7353,20499,13710,1042
7354,20499,13710,1045
7355,20509,13714,1204
7356,20511,13715,180
7357,20511,13715,958
7358,20511,13715,1112
7359,20511,13715,1146
7360,19632,13229,181
7361,20520,13719,1165
7362,19633,13229,179
7363,20527,13722,180
7364,19640,13229,179
7365,20527,13722,1112
7366,19645,13229,180
7367,20558,13733,180
7368,19645,13229,1112
7369,19407,13155,1156
7370,20558,13733,1112
7371,19407,13155,1157
7372,19419,13158,181
7373,19444,13164,996
7374,19444,13164,1126
7375,19464,13174,180
7376,19464,13174,1112
7377,19482,13183,180
7378,19482,13183,1112
7379,19512,13197,180
7380,19512,13197,1112
7381,19523,13203,180
7382,19523,13203,1112
7383,19525,13204,1160
7384,19543,13213,180
7385,19543,13213,1112
7386,19572,13227,940
7387,19572,13227,941
7388,19580,13229,181
7389,19581,13229,180
7390,19581,13229,1112
7391,19583,13229,179
7392,19584,13229,180
7393,19584,13229,1112
7394,19585,13229,180
7395,19585,13229,1112
7396,19595,13229,179
7397,19597,13229,180
7398,19597,13229,1112
7399,19600,13229,179
7400,19602,13229,180
7401,19602,13229,1112
7402,19621,13229,180
7403,19621,13229,1112
7404,20564,13734,994
7405,19627,13229,181
7406,20579,13739,1002
7407,19632,13229,180
7408,20579,13739,1153
7409,19632,13229,1112
7410,20586,13743,180
7411,19644,13229,179
7412,19645,13229,181
7413,20586,13743,995
7414,19646,13229,181
7415,20586,13743,1112
7416,19647,13229,180
7417,20586,13743,1119
7418,19646,13229,180
7419,19647,13229,1112
7420,20588,13744,180
7421,19646,13229,1112
7422,19647,13229,181
7423,19648,13229,181
7424,19651,13229,179
7425,19664,13229,180
7426,19664,13229,1112
7427,19665,13229,179
7428,19673,13229,179
7429,19674,13229,180
7430,19674,13229,1112
7431,19689,13235,180
7432,19689,13235,1112
7433,19702,13241,180
7434,19702,13241,1112
7435,19712,13246,1196
7436,19728,13254,180
7437,19728,13254,1112
7438,19942,13436,1156
7439,19942,13436,1157
7440,19967,13458,180
7441,20588,13744,1112
7442,19967,13458,1112
7443,20622,13754,180
7444,19982,13463,180
7445,20622,13754,1112
7446,19982,13463,1112
7447,20659,13772,1153
7448,19990,13466,180
7449,20664,13774,180
7450,19648,13229,180
7451,20664,13774,1112
7452,20676,13783,168
7453,20683,13787,156
7454,20683,13787,180
7455,20714,13817,168
7456,20753,13848,181
7457,20764,13853,179
7458,20764,13853,321
7459,20991,14029,180
7460,21010,14050,180
7461,21020,14055,180
7462,21063,14095,181
7463,21079,14110,181
7464,21091,14120,181
7465,21122,14144,181
7466,21122,14144,1234
7467,21122,14144,1258
7468,21139,14155,180
7469,21145,14159,1234
7470,21147,14160,1253
7471,21160,14167,180
7472,21182,14180,1231
7473,19648,13229,1112
7474,21195,14187,181
7475,19663,13229,179
7476,21195,14187,1234
7477,19990,13466,1112
7478,21195,14187,1238
7479,19664,13229,181
7480,19674,13229,181
7481,19691,13236,180
7482,19691,13236,1112
7483,19744,13261,180
7484,19744,13261,1112
7485,19750,13265,180
7486,19750,13265,1112
7487,19761,13270,1204
7488,19910,13405,180
7489,19910,13405,1112
7490,19942,13436,180
7491,19942,13436,1112
7492,19942,13436,1158
7493,19942,13436,1159
7494,19990,13466,1097
7495,20030,13488,1084
7496,20030,13488,1153
7497,20045,13495,940
7498,20045,13495,1042
7499,20055,13497,180
7500,20055,13497,1112
7501,20063,13500,180
7502,20063,13500,1112
7503,20071,13502,180
7504,20071,13502,1112
7505,20071,13502,1213
7506,20076,13505,180
7507,20076,13505,1112
7508,20094,13516,1053
7509,20094,13516,1095
7510,20103,13521,1160
7511,20109,13524,180
7512,20109,13524,1112
7513,20111,13525,1160
7514,20114,13526,940
7515,20114,13526,941
7516,20114,13526,1042
7517,21235,14203,1240
7518,20030,13488,180
7519,21235,14203,1245
7520,20030,13488,958
7521,21235,14203,1239
7522,20030,13488,1112
7523,21372,14300,179
7524,21411,14316,187
7525,20030,13488,1146
7526,21487,14380,179
7527,20045,13495,938
7528,21537,14425,179
7529,20045,13495,1050
7530,21602,14469,207
7531,21624,14479,181
7532,21643,14489,180
7533,21650,14493,180
7534,21656,14496,180
7535,21660,14498,181
7536,21674,14506,180
7537,21676,14507,180
7538,21727,14552,181
7539,21728,14553,179
7540,21733,14560,179
7541,21751,14597,181
7542,21848,14658,181
7543,21859,14663,181
7544,21873,14670,179
7545,22015,14734,179
7546,22094,14782,181
7547,22115,14787,181
7548,20045,13495,1149
7549,22172,14822,181
7550,20048,13496,180
7551,22176,14826,179
7552,20048,13496,1112
7553,22183,14832,181
7554,20051,13497,180
7555,22390,14984,181
7556,20051,13497,1112
7557,22574,15144,179
7558,20114,13526,1055
7559,22578,15146,181
7560,22580,15147,181
7561,22642,15199,180
7562,22644,15200,180
7563,22674,15221,179
7564,22676,15222,181
7565,22711,15252,181
7566,22777,15279,181
7567,22784,15284,181
7568,22928,15367,181
7569,22950,15379,179
7570,23035,15448,180
7571,23078,15483,180
7572,23198,15583,179
7573,23200,15584,181
7574,23370,15719,179
7575,23375,15724,181
7576,23384,15730,179
7577,23389,15734,179
7578,23566,15874,241
7579,23571,15877,241
7580,23816,16047,181
7581,23979,16172,181
7582,23997,16186,181
7583,24000,16188,179
7584,24161,16289,180
7585,24212,16310,180
7586,24307,16388,180
7587,24309,16388,181
7588,24376,16444,181
7589,20164,13557,1002
7590,24379,16447,179
7591,24387,16455,180
7592,24388,16456,180
7593,24395,16463,180
7594,24418,16488,585
7595,20164,13557,1153
7596,24491,16553,180
7597,20167,13559,180
7598,24502,16558,179
7599,20167,13559,1000
7600,24502,16558,596
7601,20167,13559,1012
7602,24504,16559,181
7603,20055,13497,1160
7604,20167,13559,1112
7605,24506,16560,180
7606,20063,13500,1160
7607,20167,13559,1119
7608,20175,13563,180
7609,20175,13563,1112
7610,20179,13565,180
7611,20179,13565,1112
7612,20192,13571,180
7613,20069,13501,1206
7614,24518,16566,180
7615,20076,13505,1153
7616,20089,13513,180
7617,20089,13513,995
7618,20089,13513,1112
7619,20089,13513,1119
7620,20094,13516,994
7621,20103,13521,180
7622,20103,13521,1112
7623,20103,13521,1123
7624,20108,13524,180
7625,20108,13524,1112
7626,20111,13525,180
7627,20111,13525,1112
7628,20111,13525,1123
7629,20114,13526,976
7630,20164,13557,180
7631,20164,13557,1000
7632,20164,13557,1012
7633,20164,13557,1112
7634,24627,16632,613
7635,20164,13557,1119
7636,24714,16680,181
7637,20167,13559,1002
7638,24718,16681,181
7639,20167,13559,1051
7640,24727,16685,180
7641,20167,13559,1084
7642,24740,16697,179
7643,20167,13559,1153
7644,24774,16727,179
7645,24775,16728,181
7646,25029,16968,180
7647,25214,17111,1265
7648,25217,17114,1265
7649,25321,17186,180
7650,25345,17200,181
7651,25516,17287,179
7652,25526,17291,671
7653,25556,17308,179
7654,25559,17309,672
7655,25698,17404,179
7656,25706,17405,179
7657,25782,17450,181
7658,25831,17482,179
7659,25842,17489,181
7660,25878,17519,181
7661,25914,17551,181
7662,25947,17579,179
7663,20169,13560,180
7664,25979,17605,181
7665,20169,13560,1112
7666,26024,17632,179
7667,20198,13574,1028
7668,26159,17723,179
7669,20219,13583,180
7670,26220,17741,179
7671,20192,13571,1112
7672,20219,13583,1112
7673,26232,17744,716
7674,20196,13573,180
7675,20196,13573,1112
7676,20219,13583,1153
7677,20259,13606,180
7678,20259,13606,1112
7679,20268,13609,179
7680,20305,13629,994
7681,20307,13630,180
7682,20307,13630,1000
7683,20307,13630,1012
7684,20307,13630,1112
7685,20307,13630,1119
7686,20310,13630,1160
7687,20311,13631,180
7688,20311,13631,1000
7689,20311,13631,1012
7690,20311,13631,1112
7691,20311,13631,1119
7692,20332,13641,922
7693,20332,13641,940
7694,20332,13641,941
7695,20332,13641,956
7696,20332,13641,1010
7697,20332,13641,1017
7698,20332,13641,1042
7699,20332,13641,1045
7700,20337,13642,922
7701,20363,13653,922
7702,20363,13653,940
7703,20363,13653,1042
7704,20364,13653,180
7705,20364,13653,1000
7706,20364,13653,1012
7707,20364,13653,1112
7708,20364,13653,1119
7709,20367,13653,1160
7710,20384,13661,922
7711,20384,13661,1053
7712,20384,13661,1060
7713,20384,13661,1141
7714,20386,13662,180
7715,20386,13662,1112
7716,26232,17744,735
7717,20389,13662,922
7718,26240,17746,181
7719,20390,13663,922
7720,18978,13039,1112
7721,20390,13663,940
7722,20390,13663,941
7723,18984,13041,1135
7724,20394,13665,180
7725,20259,13606,1157
7726,19028,13064,181
7727,20305,13629,922
7728,19040,13068,181
7729,20394,13665,1112
7730,20396,13665,180
7731,20396,13665,1112
7732,20401,13667,180
7733,20401,13667,1112
7734,20401,13667,1213
7735,20412,13670,1160
7736,20435,13680,1153
7737,20437,13681,180
7738,20437,13681,1112
7739,20449,13685,180
7740,20449,13685,1112
7741,20461,13691,1076
7742,20461,13691,1077
7743,20461,13691,1080
7744,20461,13691,1100
7745,20473,13698,940
7746,20473,13698,982
7747,20473,13698,983
7748,20473,13698,1006
7749,20473,13698,1017
7750,20473,13698,1052
7751,20475,13699,976
7752,20482,13702,180
7753,20482,13702,1112
7754,20508,13714,180
7755,20508,13714,1112
7756,20525,13721,1097
7757,20530,13724,180
7758,20530,13724,1000
7759,20530,13724,1012
7760,20530,13724,1112
7761,20530,13724,1119
7762,20552,13732,1009
7763,20556,13733,1042
7764,20581,13740,180
7765,20581,13740,1112
7766,20592,13746,180
7767,20592,13746,1112
7768,20594,13747,940
7769,19050,13073,181
7770,20594,13747,941
7771,19061,13076,1088
7772,20594,13747,1055
7773,19063,13076,179
7774,20594,13747,1060
7775,20602,13751,180
7776,20602,13751,995
7777,20602,13751,1034
7778,20602,13751,1112
7779,20602,13751,1119
7780,20604,13751,1034
7781,20609,13751,180
7782,20609,13751,1034
7783,20609,13751,1112
7784,20610,13751,180
7785,20610,13751,1034
7786,20610,13751,1112
7787,20615,13751,1034
7788,20615,13751,1158
7789,20615,13751,1159
7790,20621,13753,180
7791,20621,13753,1112
7792,20626,13756,180
7793,20626,13756,1000
7794,20626,13756,1012
7795,20626,13756,1112
7796,20626,13756,1119
7797,20642,13763,971
7798,20642,13763,1009
7799,20642,13763,1014
7800,20642,13763,1043
7801,20642,13763,1044
7802,20646,13765,180
7803,20646,13765,1000
7804,20646,13765,1012
7805,20646,13765,1112
7806,20646,13765,1119
7807,20674,13781,180
7808,19063,13076,976
7809,20678,13784,157
7810,19071,13077,181
7811,20678,13784,154
7812,19077,13079,1052
7813,20305,13629,1053
7814,20305,13629,1095
7815,20307,13630,1002
7816,20307,13630,1084
7817,20307,13630,1153
7818,20310,13630,180
7819,20310,13630,1112
7820,20311,13631,1002
7821,20311,13631,1084
7822,20311,13631,1153
7823,20332,13641,971
7824,20332,13641,1009
7825,20332,13641,1014
7826,20332,13641,1043
7827,20332,13641,1044
7828,20332,13641,1091
7829,20356,13651,180
7830,20356,13651,1112
7831,20363,13653,1050
7832,20363,13653,1149
7833,20364,13653,1002
7834,20364,13653,1084
7835,20364,13653,1153
7836,20367,13653,180
7837,19077,13079,1060
7838,19077,13079,1141
7839,19093,13085,179
7840,20367,13653,1112
7841,19093,13085,971
7842,20384,13661,976
7843,19093,13085,1011
7844,20390,13663,1151
7845,19144,13102,180
7846,20411,13670,180
7847,20678,13784,163
7848,20411,13670,1112
7849,20412,13670,180
7850,19144,13102,1112
7851,20412,13670,1112
7852,20416,13671,180
7853,20416,13671,1112
7854,20425,13675,180
7855,20425,13675,1112
7856,20435,13680,180
7857,20435,13680,1112
7858,20442,13684,180
7859,20442,13684,1112
7860,20442,13684,1123
7861,20461,13691,180
7862,20461,13691,996
7863,20461,13691,1112
7864,20461,13691,1126
7865,20465,13693,922
7866,20473,13698,962
7867,20473,13698,971
7868,20473,13698,1011
7869,20475,13699,940
7870,20475,13699,941
7871,20475,13699,1042
7872,20475,13699,1055
7873,20480,13701,180
7874,20480,13701,1112
7875,20508,13714,1160
7876,19147,13103,179
7877,20525,13721,180
7878,19149,13104,1002
7879,20525,13721,1112
7880,19149,13104,1153
7881,20530,13724,1002
7882,19152,13105,181
7883,20530,13724,1051
7884,19155,13106,940
7885,20530,13724,1084
7886,20685,13789,180
7887,19155,13106,941
7888,20530,13724,1153
7889,20552,13732,941
7890,20581,13740,1160
7891,20583,13741,922
7892,20583,13741,1053
7893,20583,13741,1060
7894,20583,13741,1141
7895,20592,13746,1157
7896,20594,13747,976
7897,20594,13747,1155
7898,20604,13751,181
7899,20604,13751,920
7900,20604,13751,1160
7901,20615,13751,181
7902,20615,13751,1156
7903,20615,13751,1157
7904,20626,13756,1002
7905,20626,13756,1153
7906,20642,13763,940
7907,20642,13763,941
7908,20642,13763,956
7909,20642,13763,1010
7910,20642,13763,1017
7911,20642,13763,1042
7912,20642,13763,1045
7913,20646,13765,1002
7914,20646,13765,1084
7915,19188,13116,940
7916,20646,13765,1153
7917,19188,13116,941
7918,20678,13784,159
7919,19188,13116,956
7920,20678,13784,161
7921,19188,13116,1010
7922,20678,13784,171
7923,19188,13116,1017
7924,20686,13790,180
7925,19188,13116,1042
7926,19188,13116,1045
7927,19191,13116,180
7928,19191,13116,995
7929,19191,13116,1112
7930,19191,13116,1119
7931,19192,13116,1157
7932,19202,13121,181
7933,19219,13127,1052
7934,19219,13127,1060
7935,19219,13127,1141
7936,19220,13127,180
7937,19220,13127,1112
7938,19220,13127,1158
7939,19220,13127,1159
7940,19233,13132,180
7941,19233,13132,1112
7942,19243,13133,179
7943,19246,13133,179
7944,19254,13133,179
7945,19254,13133,971
7946,19254,13133,1009
7947,19254,13133,1014
7948,19254,13133,1043
7949,19254,13133,1044
7950,20688,13792,180
7951,19254,13133,1091
7952,20716,13818,170
7953,26240,17746,761
7954,26428,17862,181
7955,26428,17862,761
7956,26458,17871,179
7957,26565,17919,181
7958,26568,17921,797
7959,26588,17934,179
7960,26601,17935,179
7961,26716,18015,797
7962,26808,18087,179
7963,26848,18126,180
7964,26862,18135,180
7965,26885,18149,179
7966,26986,18232,831
7967,27127,18358,179
7968,27166,18388,179
7969,27304,18476,181
7970,20678,13784,173
7971,20678,13784,181
7972,20682,13786,181
7973,20687,13791,180
7974,20719,13820,180
7975,20725,13825,168
7976,20727,13827,180
7977,20740,13839,180
7978,20745,13843,168
7979,20762,13852,179
7980,20762,13852,322
7981,20867,13919,322
7982,20910,13952,179
7983,20954,13981,179
7984,20958,13985,179
7985,20999,14037,180
7986,21022,14056,181
7987,21111,14138,181
7988,21116,14141,181
7989,21118,14142,179
7990,21119,14143,1234
7991,21135,14152,180
7992,21154,14164,1234
7993,21179,14178,180
7994,21197,14188,180
7995,21197,14188,1240
7996,20756,13849,179
7997,21200,14190,180
7998,19260,13133,180
7999,21214,14195,180
8000,21237,14204,1234
8001,21248,14210,1364
8002,21294,14246,1263
8003,21424,14324,181
8004,21424,14324,189
8005,21486,14379,181
8006,21599,14468,207
8007,21609,14473,212
8008,21609,14473,209
8009,21609,14473,179
8010,21845,14656,181
8011,21847,14657,181
8012,21997,14726,181
8013,22003,14730,179
8014,22060,14770,180
8015,22062,14771,180
8016,22087,14779,179
8017,22138,14792,181
8018,22181,14830,179
8019,22182,14831,179
8020,22339,14940,181
8021,22360,14957,181
8022,19260,13133,1112
8023,22392,14986,179
8024,19270,13133,179
8025,22584,15150,180
8026,19271,13133,180
8027,22635,15197,179
8028,19271,13133,1112
8029,22651,15205,179
8030,19273,13133,179
8031,22666,15217,181
8032,19278,13133,181
8033,22668,15218,181
8034,22670,15219,181
8035,22748,15272,179
8036,22802,15297,179
8037,22826,15313,181
8038,22828,15314,181
8039,22830,15315,179
8040,23071,15478,180
8041,23073,15480,179
8042,23074,15480,179
8043,23099,15501,179
8044,23141,15536,181
8045,23223,15597,181
8046,23583,15884,181
8047,23585,15885,181
8048,23707,15969,179
8049,23784,16020,180
8050,23984,16175,181
8051,24101,16259,181
8052,24104,16261,180
8053,24169,16293,180
8054,24176,16296,179
8055,24184,16300,180
8056,19283,13133,180
8057,24274,16359,181
8058,19283,13133,1112
8059,24305,16386,180
8060,19287,13133,181
8061,24318,16392,181
8062,19287,13133,1160
8063,24330,16400,179
8064,19289,13133,179
8065,24409,16479,180
8066,20777,13864,179
8067,20795,13882,181
8068,20842,13913,179
8069,20901,13946,179
8070,20934,13971,181
8071,20934,13971,200
8072,20952,13979,180
8073,20954,13981,1319
8074,20966,13993,1334
8075,20979,14011,180
8076,20998,14036,1311
8077,21012,14051,180
8078,21022,14056,180
8079,21114,14140,181
8080,21118,14142,1249
8081,21119,14143,180
8082,21135,14152,1234
8083,21154,14164,180
8084,21179,14178,1234
8085,21197,14188,181
8086,21197,14188,1234
8087,21197,14188,1238
8088,21200,14190,1234
8089,21214,14195,181
8090,21214,14195,1229
8091,21224,14197,180
8092,21237,14204,180
8093,21244,14208,1364
8094,21250,14211,179
8095,21251,14212,179
8096,21255,14215,179
8097,21294,14246,1299
8098,27322,18488,900
8099,21298,14248,179
8100,27322,18488,935
8101,21298,14248,1289
8102,21307,14253,179
8103,21382,14302,181
8104,21553,14434,181
8105,21565,14444,207
8106,21609,14473,211
8107,21609,14473,207
8108,21616,14476,204
8109,21652,14494,179
8110,21754,14599,179
8111,21768,14606,181
8112,21821,14643,179
8113,21850,14659,179
8114,21871,14669,179
8115,21962,14722,179
8116,21991,14724,181
8117,22012,14732,179
8118,22017,14735,179
8119,22089,14780,179
8120,24413,16483,180
8121,22147,14798,181
8122,22174,14824,181
8123,22340,14941,181
8124,24496,16556,179
8125,24496,16556,596
8126,22388,14982,179
8127,24516,16565,180
8128,22576,15145,181
8129,22672,15220,179
8130,22750,15273,181
8131,19298,13133,181
8132,22788,15286,181
8133,22798,15295,181
8134,23029,15443,179
8135,23034,15447,179
8136,23037,15450,180
8137,23052,15463,180
8138,23061,15471,180
8139,23063,15473,180
8140,23065,15474,179
8141,23072,15479,180
8142,23083,15487,179
8143,23093,15496,179
8144,23139,15535,181
8145,23385,15731,181
8146,23394,15738,181
8147,23396,15740,179
8148,23676,15949,179
8149,23758,15999,179
8150,23784,16020,181
8151,23821,16050,181
8152,23897,16107,179
8153,23972,16170,179
8154,23998,16187,181
8155,24039,16214,181
8156,24061,16229,179
8157,24101,16259,180
8158,3568,2616,805
8159,4050,2962,846
8160,7629,5309,329
8161,8709,5997,391
8162,8709,5997,429
8163,8709,5997,443
8164,8709,5997,518
8165,8711,5998,391
8166,8711,5998,518
8167,8716,6001,429
8168,8716,6001,443
8169,11388,7864,1198
8170,19299,13133,179
8171,14573,10183,872
8172,19302,13133,181
8173,16904,11854,725
8174,17043,11926,725
8175,17677,12215,770
8176,19303,13133,180
8177,18909,13015,1099
8178,19303,13133,1112
8179,18914,13017,1099
8180,19303,13133,1213
8181,18950,13029,1099
8182,19306,13133,180
8183,18964,13034,1161
8184,19306,13133,1112
8185,18981,13040,949
8186,24595,16612,613
8187,19324,13133,179
8188,18991,13045,1099
8189,24599,16614,613
8190,19332,13133,180
8191,24694,16669,180
8192,19029,13064,1161
8193,24764,16719,85
8194,24805,16757,180
8195,19064,13076,1099
8196,19087,13082,1099
8197,19116,13093,1099
8198,19163,13108,1099
8199,19230,13131,1161
8200,19315,13133,1109
8201,19320,13133,1098
8202,19420,13158,1099
8203,19434,13162,1099
8204,19534,13208,1099
8205,19562,13221,1099
8206,19709,13244,1099
8207,19789,13294,1099
8208,19791,13295,949
8209,19792,13296,1099
8210,19814,13314,1099
8211,19816,13316,1099
8212,19822,13321,1099
8213,19870,13368,1099
8214,19871,13369,1099
8215,19873,13371,1099
8216,19879,13377,1099
8217,19902,13399,1099
8218,19909,13405,1099
8219,19921,13415,1099
8220,19935,13429,1099
8221,19940,13434,1099
8222,19949,13441,1099
8223,19952,13444,1099
8224,27322,18488,948
8225,19965,13456,1099
8226,27322,18488,953
8227,27334,18494,935
8228,19981,13463,1099
8229,20005,13476,1099
8230,20072,13502,1099
8231,20155,13551,1099
8232,20166,13558,1099
8233,20206,13578,1099
8234,20235,13594,1099
8235,20242,13598,1099
8236,20245,13600,1161
8237,20290,13621,949
8238,20301,13626,1099
8239,20313,13631,1099
8240,20319,13634,926
8241,20354,13650,926
8242,20369,13654,1099
8243,20388,13662,1099
8244,20459,13690,1099
8245,20460,13691,1099
8246,20511,13715,942
8247,20512,13715,1099
8248,20532,13725,1099
8249,20550,13731,1099
8250,20553,13732,1099
8251,25027,16967,180
8252,20558,13733,1148
8253,20649,13766,1099
8254,25276,17150,316
8255,25559,17309,669
8256,27322,18488,937
8257,27477,18563,884
8258,25039,16974,180
8259,27808,18730,844
8260,25046,16978,179
8261,25155,17072,179
8262,25163,17078,181
8263,19332,13133,1112
8264,19333,13133,1135
8265,19369,13144,179
8266,19371,13144,1199
8267,19393,13150,180
8268,19393,13150,1112
8269,19394,13151,181
8270,19396,13151,180
8271,19396,13151,1064
8272,19396,13151,1112
8273,19403,13153,181
8274,19427,13160,180
8275,19427,13160,1112
8276,19458,13171,180
8277,19458,13171,1112
8278,19460,13172,180
8279,25167,17080,179
8280,19460,13172,1112
8281,25169,17081,179
8282,19479,13181,180
8283,25175,17085,181
8284,19479,13181,1112
8285,25191,17096,180
8286,19550,13216,180
8287,25201,17102,180
8288,19550,13216,1112
8289,25254,17130,1265
8290,25254,17130,181
8291,25309,17177,180
8292,25311,17178,181
8293,25351,17203,179
8294,25511,17285,668
8295,25520,17289,671
8296,25523,17290,668
8297,25528,17292,671
8298,25538,17296,668
8299,25570,17313,668
8300,25609,17338,181
8301,25788,17455,181
8302,25837,17485,181
8303,25908,17547,179
8304,25995,17617,179
8305,26115,17687,179
8306,26119,17689,179
8307,26203,17737,179
8308,26244,17748,181
8309,26265,17756,179
8310,26425,17859,732
8311,19577,13229,179
8312,26477,17875,179
8313,19579,13229,180
8314,26477,17875,718
8315,19579,13229,1112
8316,26477,17875,738
8317,19582,13229,180
8318,26495,17878,181
8319,27814,18733,844
8320,26495,17878,761
8321,26495,17878,732
8322,26561,17917,181
8323,26586,17933,179
8324,19582,13229,1112
8325,26620,17949,180
8326,26799,18081,179
8327,27129,18359,179
8328,27201,18413,181
8329,27229,18428,179
8330,27294,18475,181
8331,27324,18489,907
8332,27324,18489,905
8333,27324,18489,906
8334,27324,18489,936
8335,27324,18489,179
8336,27336,18495,932
8337,27344,18500,907
8338,27344,18500,905
8339,27344,18500,906
8340,27344,18500,936
8341,27346,18501,931
8342,27346,18501,180
8343,27388,18520,907
8344,27388,18520,905
8345,27388,18520,906
8346,27388,18520,936
8347,27389,18521,931
8348,27396,18524,907
8349,19590,13229,179
8350,19591,13229,180
8351,19591,13229,1112
8352,19601,13229,181
8353,19608,13229,179
8354,19609,13229,181
8355,19611,13229,180
8356,19611,13229,1112
8357,19618,13229,181
8358,19622,13229,179
8359,19628,13229,180
8360,19628,13229,1112
8361,19634,13229,179
8362,19636,13229,181
8363,19639,13229,179
8364,19652,13229,180
8365,19652,13229,1112
8366,19654,13229,179
8367,19656,13229,181
8368,19658,13229,181
8369,19660,13229,180
8370,19660,13229,1112
8371,19676,13229,179
8372,19677,13229,179
8373,19718,13249,180
8374,19718,13249,1112
8375,19722,13251,940
8376,19722,13251,941
8377,19722,13251,1042
8378,19722,13251,1055
8379,19722,13251,1060
8380,19733,13256,180
8381,27981,18825,864
8382,27396,18524,905
8383,27396,18524,906
8384,27396,18524,936
8385,27400,18526,931
8386,27400,18526,180
8387,27405,18529,885
8388,27334,18494,948
8389,27987,18828,864
8390,27405,18529,932
8391,27339,18497,885
8392,27416,18535,880
8393,29718,19942,38
8394,27339,18497,932
8395,29788,19973,33
8396,27416,18535,931
8397,27351,18504,885
8398,3575,2621,805
8399,27418,18536,931
8400,27351,18504,932
8401,8683,5983,449
8402,8743,6016,518
8403,8755,6022,518
8404,9443,6580,816
8405,9443,6580,815
8406,9480,6601,816
8407,9480,6601,815
8408,9723,6748,604
8409,10187,7075,641
8410,10593,7330,666
8411,12518,8825,1297
8412,12529,8842,1307
8413,17652,12203,770
8414,17663,12208,770
8415,18878,13003,1099
8416,18986,13042,1099
8417,18988,13043,1099
8418,19004,13051,1099
8419,19015,13057,1099
8420,19017,13058,1099
8421,19046,13070,1099
8422,19055,13075,1161
8423,19056,13075,1099
8424,19074,13078,1099
8425,19140,13101,1099
8426,19209,13123,1161
8427,27358,18507,907
8428,19338,13134,1099
8429,27358,18507,905
8430,19358,13140,1099
8431,19359,13141,1203
8432,19381,13147,1099
8433,27358,18507,906
8434,19407,13155,1154
8435,27358,18507,936
8436,19409,13155,1099
8437,27362,18509,907
8438,27430,18541,907
8439,27362,18509,905
8440,27430,18541,905
8441,27430,18541,906
8442,27430,18541,936
8443,27433,18542,907
8444,27433,18542,905
8445,27433,18542,906
8446,27433,18542,936
8447,27437,18544,931
8448,27467,18558,931
8449,27479,18564,880
8450,27479,18564,931
8451,27494,18569,931
8452,27502,18572,877
8453,27502,18572,907
8454,27502,18572,905
8455,27502,18572,906
8456,27502,18572,933
8457,27502,18572,936
8458,27533,18587,932
8459,27537,18590,877
8460,4062,2968,846
8461,5376,3794,218
8462,5378,3795,218
8463,8709,5997,485
8464,8709,5997,490
8465,27362,18509,906
8466,8716,6001,485
8467,27362,18509,936
8468,8716,6001,490
8469,27364,18510,907
8470,9472,6599,816
8471,27364,18510,905
8472,9472,6599,815
8473,27364,18510,906
8474,19424,13159,1099
8475,19450,13167,1099
8476,19518,13200,1099
8477,19540,13211,1099
8478,19566,13223,1099
8479,19690,13235,1099
8480,19694,13237,1099
8481,19707,13243,1099
8482,19711,13245,1099
8483,19747,13263,1099
8484,19766,13274,1099
8485,19768,13276,1099
8486,19835,13333,1099
8487,19856,13354,1099
8488,19869,13367,1099
8489,19874,13372,1099
8490,19875,13373,1099
8491,19891,13389,1099
8492,19916,13410,1099
8493,19953,13445,1099
8494,19991,13467,1099
8495,20030,13488,1013
8496,20076,13505,1161
8497,20091,13514,1099
8498,20120,13529,1099
8499,27364,18510,936
8500,20126,13531,1099
8501,27374,18514,932
8502,20213,13580,1099
8503,20309,13630,1099
8504,27386,18519,932
8505,20332,13641,926
8506,27398,18525,907
8507,20337,13642,926
8508,27398,18525,905
8509,20362,13652,1099
8510,10346,7165,641
8511,27398,18525,906
8512,12463,8751,1307
8513,13347,9473,39
8514,16896,11851,725
8515,17656,12205,770
8516,17673,12213,770
8517,18977,13039,1161
8518,18989,13044,1099
8519,18999,13049,1099
8520,19024,13062,1013
8521,19031,13065,1161
8522,19047,13071,1099
8523,19081,13080,1099
8524,19119,13094,1099
8525,19190,13116,1154
8526,19224,13128,1154
8527,19309,13133,1154
8528,19336,13133,1072
8529,19352,13138,1099
8530,19431,13161,1099
8531,19457,13170,949
8532,19461,13172,1099
8533,19495,13189,1099
8534,19547,13215,1099
8535,19746,13262,1099
8536,19765,13273,1099
8537,27398,18525,936
8538,19777,13284,1099
8539,27412,18533,907
8540,19795,13298,1099
8541,27412,18533,905
8542,19800,13303,1099
8543,27412,18533,906
8544,19827,13326,1099
8545,20363,13653,926
8546,20384,13661,926
8547,20389,13662,926
8548,20390,13663,926
8549,20410,13669,1099
8550,20413,13670,1099
8551,20439,13682,1099
8552,20461,13691,1108
8553,20473,13698,942
8554,20490,13705,1099
8555,20510,13714,1099
8556,20630,13758,1099
8557,20657,13770,1099
8558,21244,14208,1363
8559,2419,1755,647
8560,2427,1759,647
8561,8709,5997,474
8562,8716,6001,474
8563,10393,7189,657
8564,19457,13170,1139
8565,20454,13688,1185
8566,20520,13719,1185
8567,29314,19676,1268
8568,2362,1705,647
8569,2368,1709,647
8570,2374,1713,647
8571,4644,3319,575
8572,8683,5983,438
8573,9459,6590,820
8574,10436,7210,657
8575,11664,8103,78
8576,11837,8227,1227
8577,19733,13256,1112
8578,19841,13339,1099
8579,19444,13164,961
8580,20259,13606,1144
8581,19850,13348,1099
8582,20461,13691,1071
8583,20592,13746,1144
8584,19752,13266,180
8585,20678,13784,162
8586,21609,14473,208
8587,10964,7565,700
8588,19091,13084,1022
8589,19168,13110,1022
8590,19320,13133,992
8591,27685,18654,989
8592,27704,18663,989
8593,27708,18665,989
8594,27733,18677,989
8595,2162,1452,335
8596,4302,3119,184
8597,10984,7580,700
8598,12518,8825,1301
8599,15012,10434,254
8600,19444,13164,1069
8601,20051,13497,1022
8602,27685,18654,990
8603,27704,18663,990
8604,27708,18665,990
8605,27733,18677,990
8606,12514,8820,1292
8607,13588,9621,80
8608,19752,13266,1112
8609,19820,13320,994
8610,19828,13327,1002
8611,19828,13327,1084
8612,19828,13327,1153
8613,19912,13406,180
8614,19912,13406,1112
8615,19969,13459,940
8616,19969,13459,956
8617,19969,13459,1010
8618,19969,13459,1017
8619,19969,13459,1042
8620,19969,13459,1045
8621,19970,13459,1153
8622,19975,13461,940
8623,19975,13461,941
8624,19975,13461,956
8625,19975,13461,1010
8626,19975,13461,1017
8627,19975,13461,1042
8628,19975,13461,1045
8629,19983,13464,976
8630,19983,13464,1155
8631,19984,13464,940
8632,19984,13464,941
8633,19984,13464,956
8634,19984,13464,1010
8635,19984,13464,1017
8636,19984,13464,1042
8637,19984,13464,1045
8638,19997,13472,180
8639,19997,13472,1112
8640,20018,13483,180
8641,20018,13483,1112
8642,20053,13497,180
8643,20053,13497,1112
8644,20056,13497,180
8645,20056,13497,1112
8646,20067,13501,1196
8647,20092,13515,180
8648,20092,13515,995
8649,20092,13515,1112
8650,20092,13515,1119
8651,20102,13521,180
8652,20102,13521,1112
8653,20204,13577,1002
8654,20204,13577,1084
8655,20204,13577,1153
8656,20207,13578,1110
8657,20265,13607,180
8658,20265,13607,1112
8659,20271,13610,1156
8660,20271,13610,1157
8661,20274,13612,180
8662,20274,13612,1112
8663,20274,13612,1158
8664,20274,13612,1159
8665,19851,13349,1099
8666,20286,13620,922
8667,20291,13621,180
8668,19862,13360,1099
8669,20291,13621,1112
8670,19926,13420,1099
8671,20295,13624,1053
8672,19931,13425,1099
8673,20295,13624,1095
8674,19971,13459,1099
8675,20297,13624,1151
8676,20316,13632,180
8677,20316,13632,1112
8678,20317,13633,922
8679,20317,13633,940
8680,20317,13633,941
8681,20317,13633,956
8682,20317,13633,1010
8683,20317,13633,1017
8684,20317,13633,1042
8685,20317,13633,1045
8686,20325,13637,1002
8687,20325,13637,1084
8688,20325,13637,1153
8689,20328,13639,180
8690,20328,13639,1000
8691,20328,13639,1012
8692,20328,13639,1112
8693,20328,13639,1119
8694,20330,13640,971
8695,20330,13640,1009
8696,20330,13640,1014
8697,20330,13640,1043
8698,20330,13640,1044
8699,20330,13640,1091
8700,20343,13645,180
8701,20343,13645,1112
8702,20348,13647,180
8703,20348,13647,1112
8704,20350,13648,180
8705,20350,13648,1112
8706,20368,13654,1153
8707,20370,13655,180
8708,20370,13655,1000
8709,20370,13655,1012
8710,20370,13655,1112
8711,20370,13655,1119
8712,20381,13659,1160
8713,20382,13660,180
8714,20382,13660,1112
8715,20387,13662,180
8716,20387,13662,1112
8717,20409,13669,1196
8718,20415,13671,180
8719,20415,13671,1112
8720,27416,18535,884
8721,27479,18564,884
8722,27568,18604,884
8723,27632,18634,889
8724,27804,18728,844
8725,27912,18790,1015
8726,27993,18831,864
8727,28026,18849,864
8728,28032,18852,864
8729,29688,19927,38
8730,29793,19976,20
8731,2281,1639,634
8732,2330,1681,630
8733,2330,1681,494
8734,2330,1681,440
8735,2330,1681,419
8736,2349,1694,535
8737,8691,5987,429
8738,8691,5987,443
8739,8691,5987,518
8740,8707,5996,449
8741,9441,6578,815
8742,19974,13460,1099
8743,10330,7162,641
8744,19989,13466,1099
8745,11366,7852,1198
8746,20041,13493,1099
8747,14114,9883,122
8748,20043,13494,1099
8749,17658,12206,770
8750,20058,13498,1161
8751,18863,12997,1013
8752,20075,13504,1099
8753,18902,13013,1013
8754,20104,13521,1099
8755,18952,13030,1099
8756,20122,13530,1099
8757,18968,13035,1099
8758,20137,13538,1099
8759,19009,13054,1099
8760,20151,13547,1099
8761,19010,13055,1099
8762,20163,13556,1099
8763,19151,13104,1099
8764,20184,13567,1099
8765,19173,13110,1099
8766,20218,13582,1099
8767,19178,13111,1099
8768,20260,13606,1099
8769,20300,13625,1099
8770,19182,13113,1161
8771,19223,13128,1148
8772,19410,13156,1161
8773,19448,13166,1099
8774,19453,13169,1099
8775,19463,13173,1099
8776,19471,13177,1099
8777,19516,13199,1099
8778,19558,13219,1099
8779,19570,13225,1099
8780,19571,13226,1099
8781,19574,13228,1099
8782,19737,13258,1109
8783,19741,13260,1099
8784,19773,13281,942
8785,19781,13288,1099
8786,19810,13311,1099
8787,19825,13324,1099
8788,19834,13332,1099
8789,19836,13334,1099
8790,19838,13336,1099
8791,19886,13384,1099
8792,19903,13400,1099
8793,19932,13426,1099
8794,19934,13428,1099
8795,19955,13447,1099
8796,19963,13454,1099
8797,20035,13490,1099
8798,20086,13511,1099
8799,20100,13519,1099
8800,20113,13525,1099
8801,20117,13527,1099
8802,20157,13552,942
8803,20186,13568,1099
8804,20216,13581,1099
8805,20251,13603,1099
8806,20303,13627,1099
8807,20342,13644,1099
8808,20345,13645,1099
8809,20347,13646,1099
8810,20373,13656,1099
8811,20403,13667,926
8812,20431,13678,1154
8813,20469,13695,1099
8814,20489,13705,942
8815,20504,13712,1099
8816,20521,13719,1099
8817,20549,13730,1099
8818,20568,13734,1148
8819,20585,13742,1099
8820,20598,13749,1099
8821,26778,18068,773
8822,27348,18502,879
8823,27408,18531,884
8824,27410,18532,884
8825,27473,18561,884
8826,27488,18567,889
8827,27670,18647,879
8828,27788,18720,844
8829,27954,18810,864
8830,27974,18821,864
8831,27975,18822,864
8832,27983,18826,864
8833,28038,18855,864
8834,29386,19710,3
8835,29780,19969,33
8836,12,5,46
8837,352,215,145
8838,2283,1640,385
8839,2288,1643,535
8840,9450,6585,816
8841,9450,6585,815
8842,10223,7095,644
8843,10307,7149,641
8844,10754,7423,666
8845,20322,13635,1099
8846,14115,9883,122
8847,20323,13636,926
8848,20372,13656,926
8849,17650,12202,770
8850,20393,13664,926
8851,18895,13010,1099
8852,20404,13668,1203
8853,18897,13011,1099
8854,20444,13684,1099
8855,18939,13025,1099
8856,20456,13689,1109
8857,19019,13059,1099
8858,20483,13702,1099
8859,19077,13079,1148
8860,20507,13713,1099
8861,19127,13097,1099
8862,20515,13716,1099
8863,19219,13127,1148
8864,20526,13722,1099
8865,19228,13130,1099
8866,20644,13764,1099
8867,19232,13131,1099
8868,19365,13142,1099
8869,19405,13154,1099
8870,19459,13171,1099
8871,19472,13178,1099
8872,19481,13182,1099
8873,19505,13194,1099
8874,19698,13239,1099
8875,19700,13240,1099
8876,19748,13264,1099
8877,19767,13275,1099
8878,19771,13279,1099
8879,19819,13319,1099
8880,19837,13335,1099
8881,19839,13337,1099
8882,19840,13338,1099
8883,19857,13355,1099
8884,19858,13356,1099
8885,19866,13364,1099
8886,19890,13388,1099
8887,19901,13398,1099
8888,19917,13411,1099
8889,19919,13413,1099
8890,19960,13451,1099
8891,19968,13458,1099
8892,19979,13462,1099
8893,19994,13470,1099
8894,20028,13487,1099
8895,20033,13489,949
8896,20046,13495,1099
8897,20062,13499,1099
8898,20133,13536,1099
8899,20225,13588,1099
8900,20229,13590,1099
8901,20234,13593,1099
8902,20244,13599,1099
8903,20267,13608,1099
8904,20271,13610,1154
8905,20280,13616,1099
8906,20286,13620,926
8907,20289,13621,1099
8908,20304,13628,1099
8909,20317,13633,926
8910,20377,13658,1099
8911,20406,13668,1099
8912,20414,13671,926
8913,29405,19724,1356
8914,29793,19976,23
8915,715,421,140
8916,2330,1681,580
8917,8691,5987,474
8918,8707,5996,438
8919,8836,6094,542
8920,10387,7187,657
8921,11931,8309,1241
8922,15096,10487,243
8923,19292,13133,1144
8924,19314,13133,1185
8925,19904,13401,1144
8926,20087,13512,1144
8927,20121,13529,1139
8928,20279,13616,1144
8929,25244,17128,1268
8930,27713,18668,981
8931,27714,18669,981
8932,2409,1746,647
8933,2421,1756,647
8934,8926,6165,542
8935,10424,7205,657
8936,11377,7858,1216
8937,14997,10424,234
8938,19733,13256,1185
8939,19997,13472,1144
8940,20382,13660,1144
8941,27638,18636,904
8942,27730,18676,989
8943,2330,1681,627
8944,4363,3146,184
8945,27700,18661,989
8946,4472,3195,184
8947,27730,18676,990
8948,27700,18661,990
8949,21246,14209,1363
8950,25866,17508,691
8951,27339,18497,884
8952,27351,18504,884
8953,27374,18514,889
8954,27508,18574,889
8955,27635,18635,889
8956,27908,18788,1004
8957,27970,18819,864
8958,27977,18823,864
8959,28016,18844,864
8960,28371,19062,1066
8961,8683,5983,491
8962,8715,6000,518
8963,8743,6016,417
8964,10175,7069,644
8965,10221,7094,641
8966,10231,7099,641
8967,11392,7866,1211
8968,11664,8103,715
8969,11664,8103,47
8970,17648,12201,770
8971,17685,12219,770
8972,18873,13001,1099
8973,18888,13008,1161
8974,18920,13020,1099
8975,18923,13021,1099
8976,18943,13026,1099
8977,18945,13027,1099
8978,18983,13041,1099
8979,19105,13089,1099
8980,19112,13091,1099
8981,19145,13102,1099
8982,19160,13107,1161
8983,19421,13159,1161
8984,19444,13164,1108
8985,19678,13230,1099
8986,19692,13236,1099
8987,19731,13255,1099
8988,19738,13258,1099
8989,19759,13269,1099
8990,19818,13318,1099
8991,19829,13327,1099
8992,19844,13342,1099
8993,19868,13366,1099
8994,19881,13379,1099
8995,19884,13382,1099
8996,19895,13393,1099
8997,19896,13394,1099
8998,19905,13401,1099
8999,19924,13418,1099
9000,19933,13427,1099
9001,19939,13433,1099
9002,19942,13436,1154
9003,19964,13455,1099
9004,19966,13457,1099
9005,19988,13465,1099
9006,19996,13471,1099
9007,20031,13488,1099
9008,20130,13534,1099
9009,20138,13539,1099
9010,20141,13542,942
9011,20142,13542,1099
9012,20193,13571,1099
9013,20203,13576,1099
9014,20219,13583,1161
9015,20220,13583,1099
9016,20305,13629,926
9017,20324,13636,1099
9018,20327,13638,1099
9019,20383,13660,1099
9020,20402,13667,1099
9021,20435,13680,1161
9022,20448,13685,1099
9023,20451,13686,1099
9024,20465,13693,926
9025,20500,13710,1099
9026,20576,13737,1099
9027,20583,13741,926
9028,20593,13746,1099
9029,20615,13751,1154
9030,20633,13759,1099
9031,20661,13773,1099
9032,20665,13775,1099
9033,20998,14036,1317
9034,21248,14210,1363
9035,25959,17585,675
9036,26218,17740,729
9037,27366,18511,887
9038,27368,18512,884
9039,27475,18562,884
9040,713,420,140
9041,2360,1704,647
9042,2423,1757,647
9043,8709,5997,433
9044,8716,6001,433
9045,8880,6130,542
9046,10367,7177,657
9047,10396,7190,657
9048,11879,8263,1241
9049,11884,8268,1241
9050,18981,13040,1139
9051,19791,13295,1139
9052,20290,13621,1139
9053,20450,13686,1185
9054,21731,14556,238
9055,27685,18654,981
9056,27704,18663,981
9057,27708,18665,981
9058,27733,18677,981
9059,725,429,140
9060,5762,4015,246
9061,8846,6101,542
9062,11903,8283,1227
9063,11927,8306,1241
9064,19444,13164,1071
9065,20461,13691,961
9066,27324,18489,876
9067,27396,18524,876
9068,2167,1454,335
9069,15180,10531,254
9070,24807,16759,87
9071,27322,18488,904
9072,27322,18488,960
9073,29419,19735,1349
9074,10946,7556,700
9075,15035,10450,254
9076,18929,13023,1022
9077,19482,13183,1022
9078,20461,13691,1069
9079,20430,13677,922
9080,20433,13679,180
9081,20433,13679,1112
9082,20433,13679,1158
9083,20433,13679,1159
9084,20446,13684,180
9085,20446,13684,1112
9086,20467,13694,988
9087,20467,13694,999
9088,20467,13694,1068
9089,20467,13694,1070
9090,20484,13703,180
9091,20484,13703,1112
9092,20502,13711,180
9093,20502,13711,1112
9094,20505,13713,180
9095,20505,13713,1112
9096,20533,13726,1046
9097,20534,13726,180
9098,20534,13726,1112
9099,20540,13729,1160
9100,20547,13730,180
9101,20547,13730,1112
9102,20547,13730,1213
9103,20566,13734,938
9104,20566,13734,1050
9105,20566,13734,1149
9106,20569,13734,1151
9107,20573,13735,919
9108,20599,13749,1160
9109,20606,13751,180
9110,20606,13751,1034
9111,20614,13751,1157
9112,20628,13757,971
9113,20628,13757,1009
9114,20628,13757,1014
9115,20628,13757,1043
9116,20628,13757,1044
9117,20635,13760,181
9118,20637,13761,179
9119,20650,13767,940
9120,20650,13767,1042
9121,20654,13769,976
9122,20654,13769,1143
9123,20662,13773,1135
9124,20680,13785,157
9125,20680,13785,164
9126,20681,13786,180
9127,20721,13821,168
9128,20736,13835,168
9129,20743,13841,168
9130,20744,13842,168
9131,20746,13843,155
9132,20746,13843,167
9133,20758,13850,181
9134,20955,13982,180
9135,20961,13988,181
9136,20963,13990,180
9137,20967,13994,180
9138,20969,13997,180
9139,20982,14015,180
9140,20996,14034,1313
9141,21146,14160,180
9142,21166,14173,1234
9143,21193,14186,179
9144,21201,14190,180
9145,21203,14191,180
9146,21241,14206,1253
9147,21287,14241,179
9148,21287,14241,1365
9149,21306,14252,1278
9150,21306,14252,1267
9151,21306,14252,1284
9152,21311,14255,179
9153,21342,14281,1263
9154,21539,14426,181
9155,21580,14454,204
9156,21636,14485,202
9157,21679,14509,179
9158,21729,14554,181
9159,21745,14587,181
9160,21863,14665,181
9161,22091,14781,181
9162,22142,14795,179
9163,22173,14823,181
9164,22364,14959,181
9165,22386,14981,179
9166,22394,14988,179
9167,22472,15051,181
9168,22680,15224,179
9169,22983,15400,181
9170,23038,15450,180
9171,23053,15464,383
9172,23060,15470,180
9173,23066,15475,181
9174,23076,15481,181
9175,23378,15727,181
9176,23380,15728,179
9177,23392,15736,181
9178,23629,15919,241
9179,23670,15946,179
9180,23673,15947,181
9181,23743,15989,181
9182,23822,16051,179
9183,23826,16053,181
9184,24003,16189,181
9185,24080,16247,181
9186,24092,16255,179
9187,24155,16286,180
9188,24308,16388,181
9189,24381,16449,180
9190,24385,16453,180
9191,24448,16517,181
9192,24499,16557,179
9193,24547,16582,179
9194,24547,16582,596
9195,24550,16583,179
9196,24559,16587,179
9197,24573,16594,181
9198,24579,16597,181
9199,24608,16621,613
9200,24613,16624,613
9201,24636,16635,180
9202,24768,16721,85
9203,24831,16779,179
9204,25165,17079,181
9205,25181,17090,1265
9206,25181,17090,181
9207,25195,17098,180
9208,25204,17104,180
9209,25212,17109,1265
9210,25226,17118,1265
9211,25256,17131,180
9212,25280,17153,179
9213,25316,17182,179
9214,25343,17199,181
9215,25464,17265,179
9216,25499,17279,671
9217,25578,17316,668
9218,25585,17322,179
9219,25595,17329,181
9220,25603,17335,181
9221,25715,17406,180
9222,25790,17456,181
9223,25795,17460,179
9224,25805,17466,181
9225,25839,17486,181
9226,25910,17548,179
9227,25943,17577,179
9228,26029,17636,179
9229,26154,17719,181
9230,26198,17735,179
9231,26208,17738,179
9232,26208,17738,747
9233,26208,17738,750
9234,26208,17738,718
9235,26208,17738,738
9236,26208,17738,746
9237,26226,17743,181
9238,26226,17743,761
9239,26250,17750,179
9240,26255,17752,181
9241,26255,17752,761
9242,26470,17874,724
9243,26500,17879,179
9244,26534,17897,180
9245,26546,17905,792
9246,26556,17914,181
9247,26672,17986,180
9248,27014,18255,831
9249,27114,18351,181
9250,27164,18386,179
9251,27196,18412,181
9252,27221,18424,179
9253,27223,18425,181
9254,27326,18490,932
9255,27326,18490,181
9256,27329,18492,935
9257,27337,18496,932
9258,27337,18496,181
9259,27342,18499,931
9260,27342,18499,180
9261,27349,18503,907
9262,27349,18503,905
9263,27349,18503,906
9264,27349,18503,936
9265,27349,18503,882
9266,27360,18508,907
9267,27360,18508,905
9268,27360,18508,906
9269,27360,18508,936
9270,27392,18522,907
9271,27392,18522,905
9272,27392,18522,906
9273,27392,18522,936
9274,27420,18537,931
9275,27424,18539,907
9276,27424,18539,905
9277,27424,18539,906
9278,27424,18539,936
9279,27427,18540,932
9280,27442,18546,932
9281,27449,18549,907
9282,27449,18549,905
9283,27449,18549,906
9284,27449,18549,936
9285,27451,18550,932
9286,27457,18553,907
9287,27457,18553,905
9288,27457,18553,906
9289,27457,18553,936
9290,27491,18568,907
9291,27491,18568,905
9292,27491,18568,906
9293,27491,18568,936
9294,27513,18576,932
9295,27521,18580,932
9296,27540,18591,877
9297,27540,18591,907
9298,27540,18591,905
9299,27540,18591,906
9300,27540,18591,936
9301,27540,18591,882
9302,27542,18592,913
9303,27545,18593,932
9304,27551,18597,931
9305,27563,18601,914
9306,27572,18606,907
9307,27572,18606,905
9308,27572,18606,906
9309,27572,18606,936
9310,27579,18610,907
9311,27579,18610,905
9312,27579,18610,906
9313,27579,18610,936
9314,27591,18616,907
9315,27591,18616,905
9316,27591,18616,906
9317,27591,18616,936
9318,27611,18626,931
9319,27613,18627,931
9320,27620,18630,932
9321,27620,18630,943
9322,27620,18630,959
9323,27620,18630,966
9324,27620,18630,896
9325,27626,18632,931
9326,27649,18642,907
9327,27649,18642,905
9328,27649,18642,906
9329,27649,18642,936
9330,27652,18643,907
9331,27652,18643,905
9332,27652,18643,906
9333,27652,18643,936
9334,27660,18645,931
9335,27687,18655,980
9336,27698,18660,980
9337,27712,18667,978
9338,27721,18672,978
9339,27727,18675,978
9340,27802,18727,841
9341,27810,18731,841
9342,27900,18785,1005
9343,27902,18786,1007
9344,27985,18827,868
9345,27989,18829,854
9346,27989,18829,858
9347,27989,18829,862
9348,28042,18858,1265
9349,28069,18885,1265
9350,28106,18910,1265
9351,28222,18990,181
9352,28272,19010,179
9353,28285,19016,179
9354,28285,19016,1121
9355,28285,19016,1113
9356,28287,19017,181
9357,28300,19023,181
9358,28300,19023,1049
9359,28300,19023,1054
9360,28312,19029,1118
9361,28312,19029,1120
9362,28325,19035,1118
9363,28332,19039,179
9364,28332,19039,1086
9365,28332,19039,1121
9366,28334,19040,181
9367,28334,19040,1073
9368,28358,19053,179
9369,28362,19056,1096
9370,28362,19056,180
9371,28441,19111,1023
9372,28489,19126,1023
9373,28616,19221,179
9374,28778,19319,181
9375,28859,19386,1073
9376,28859,19386,1079
9377,29029,19524,181
9378,29030,19525,179
9379,29036,19529,179
9380,29050,19536,179
9381,29053,19539,179
9382,29110,19571,181
9383,29139,19583,179
9384,29141,19584,179
9385,29147,19587,180
9386,29158,19593,179
9387,29163,19595,180
9388,29210,19620,1265
9389,29217,19624,1265
9390,29221,19626,1265
9391,29227,19630,1265
9392,29231,19633,1265
9393,29266,19653,1265
9394,29289,19665,1265
9395,29338,19681,1265
9396,29383,19708,4
9397,29461,19771,179
9398,29515,19812,181
9399,29580,19864,179
9400,29583,19867,179
9401,29604,19887,179
9402,29637,19904,181
9403,29656,19911,179
9404,29659,19913,181
9405,29686,19926,34
9406,29686,19926,35
9407,29699,19933,180
9408,29784,19971,180
9409,29797,19979,181
9410,30033,20207,181
9411,30160,20305,179
9412,30204,20337,181
9413,30294,20403,180
9414,30300,20406,180
9415,30363,20453,590
9416,30365,20454,179
9417,20430,13677,926
9418,20440,13683,926
9419,20474,13698,1099
9420,20479,13701,1099
9421,20487,13704,942
9422,20589,13744,1099
9423,20597,13748,949
9424,20623,13754,1099
9425,20658,13771,1099
9426,23564,15873,239
9427,23654,15931,239
9428,25958,17584,675
9429,26786,18073,773
9430,27329,18492,884
9431,27404,18528,879
9432,27482,18565,889
9433,27617,18629,884
9434,27796,18724,844
9435,28000,18835,864
9436,28312,19029,1059
9437,29659,19913,38
9438,20502,13711,1144
9439,21748,14595,238
9440,27725,18674,981
9441,28312,19029,1062
9442,28312,19029,1063
9443,27620,18630,904
9444,27620,18630,960
9445,27687,18655,989
9446,27698,18660,989
9447,27687,18655,990
9448,27698,18660,990
9449,27412,18533,936
9450,27422,18538,907
9451,27422,18538,905
9452,27422,18538,906
9453,27422,18538,936
9454,27435,18543,907
9455,27435,18543,905
9456,27435,18543,906
9457,27435,18543,936
9458,27477,18563,880
9459,27477,18563,931
9460,27497,18570,907
9461,27497,18570,905
9462,27497,18570,906
9463,27497,18570,936
9464,27508,18574,932
9465,27517,18578,932
9466,27523,18581,931
9467,27525,18582,907
9468,27525,18582,905
9469,27525,18582,906
9470,27525,18582,936
9471,27529,18584,931
9472,27529,18584,180
9473,27534,18588,932
9474,27552,18598,932
9475,27565,18602,931
9476,27570,18605,932
9477,27589,18615,907
9478,27589,18615,905
9479,27589,18615,906
9480,27593,18617,931
9481,27595,18618,931
9482,27635,18635,932
9483,27635,18635,943
9484,27645,18640,932
9485,27685,18654,972
9486,27685,18654,973
9487,27685,18654,974
9488,27690,18656,980
9489,27690,18656,991
9490,27694,18658,967
9491,27696,18659,980
9492,27702,18662,980
9493,27704,18663,972
9494,27704,18663,973
9495,27706,18664,967
9496,27774,18713,842
9497,27776,18714,842
9498,27776,18714,849
9499,27778,18715,842
9500,24102,16260,181
9501,27778,18715,849
9502,24132,16274,180
9503,27786,18719,842
9504,27808,18730,841
9505,24153,16285,180
9506,27814,18733,841
9507,24204,16307,181
9508,27816,18734,842
9509,24314,16389,181
9510,27816,18734,849
9511,24318,16392,180
9512,27855,18760,1007
9513,24390,16458,180
9514,27871,18768,1007
9515,24405,16475,180
9516,27890,18780,1005
9517,24406,16476,180
9518,27896,18783,1005
9519,24409,16479,181
9520,27898,18784,1005
9521,24424,16494,1305
9522,27905,18787,180
9523,24564,16589,596
9524,27970,18819,868
9525,24569,16592,179
9526,27977,18823,868
9527,24805,16757,181
9528,28003,18836,858
9529,24820,16771,181
9530,28003,18836,861
9531,24835,16781,179
9532,28003,18836,862
9533,25027,16967,181
9534,28016,18844,868
9535,25039,16974,181
9536,28054,18870,1265
9537,25042,16976,179
9538,28074,18890,1265
9539,25184,17092,179
9540,28120,18924,1265
9541,25191,17096,1265
9542,28121,18925,1265
9543,25201,17102,1265
9544,28171,18987,179
9545,25205,17105,1265
9546,28210,18990,1021
9547,25223,17116,1265
9548,28210,18990,1020
9549,25224,17117,1265
9550,28274,19011,179
9551,25236,17124,1265
9552,28277,19012,179
9553,25249,17129,179
9554,28281,19014,1078
9555,25309,17177,181
9556,28291,19019,179
9557,25311,17178,180
9558,28336,19041,179
9559,25474,17266,181
9560,25502,17280,671
9561,25562,17310,181
9562,25583,17321,179
9563,25588,17324,181
9564,25807,17467,179
9565,25810,17469,181
9566,25825,17477,179
9567,25884,17524,181
9568,26152,17718,179
9569,26218,17740,179
9570,26218,17740,718
9571,26218,17740,738
9572,26247,17749,181
9573,26247,17749,761
9574,26257,17753,181
9575,26257,17753,761
9576,26263,17755,179
9577,26268,17757,179
9578,26425,17859,744
9579,26509,17884,179
9580,26567,17920,179
9581,26580,17928,181
9582,26580,17928,801
9583,26605,17936,179
9584,27003,18245,831
9585,27117,18352,181
9586,27171,18390,179
9587,27227,18427,179
9588,27336,18495,931
9589,27346,18501,932
9590,27366,18511,907
9591,27366,18511,905
9592,27366,18511,906
9593,27366,18511,936
9594,27368,18512,907
9595,27368,18512,905
9596,27368,18512,906
9597,27377,18515,877
9598,27377,18515,907
9599,27377,18515,905
9600,27377,18515,906
9601,27377,18515,933
9602,27377,18515,936
9603,27384,18518,907
9604,27384,18518,905
9605,27384,18518,906
9606,27384,18518,936
9607,27389,18521,932
9608,27400,18526,932
9609,27402,18527,907
9610,27402,18527,905
9611,27402,18527,906
9612,27402,18527,936
9613,27405,18529,880
9614,27405,18529,931
9615,27405,18529,180
9616,27416,18535,885
9617,27416,18535,932
9618,27418,18536,932
9619,27437,18544,932
9620,27467,18558,932
9621,27471,18560,907
9622,27471,18560,905
9623,27471,18560,906
9624,27471,18560,936
9625,27537,18590,907
9626,27475,18562,907
9627,27537,18590,923
9628,27537,18590,905
9629,27475,18562,905
9630,27537,18590,906
9631,27475,18562,906
9632,27479,18564,885
9633,27537,18590,936
9634,27479,18564,932
9635,27494,18569,932
9636,27515,18577,907
9637,27515,18577,905
9638,27515,18577,906
9639,27515,18577,933
9640,27547,18595,932
9641,27561,18600,931
9642,27515,18577,936
9643,27533,18587,931
9644,27537,18590,913
9645,27547,18595,931
9646,27561,18600,932
9647,27568,18604,880
9648,27568,18604,885
9649,27568,18604,931
9650,27575,18608,907
9651,27568,18604,932
9652,27577,18609,931
9653,27575,18608,905
9654,27581,18611,932
9655,27581,18611,943
9656,27605,18623,932
9657,28339,19043,1118
9658,28339,19043,1120
9659,28346,19046,181
9660,28346,19046,1073
9661,28365,19058,1078
9662,28371,19062,179
9663,28371,19062,1111
9664,28371,19062,1113
9665,28566,19175,1096
9666,28566,19175,180
9667,28857,19385,181
9668,28857,19385,1073
9669,28869,19394,1090
9670,28888,19407,180
9671,28923,19425,180
9672,28939,19441,180
9673,28989,19490,180
9674,29024,19519,181
9675,29032,19526,179
9676,29137,19582,1265
9677,29137,19582,181
9678,29145,19586,1265
9679,29145,19586,181
9680,29150,19589,1265
9681,29171,19599,180
9682,29179,19603,180
9683,29191,19609,180
9684,29193,19610,180
9685,29286,19663,1265
9686,29288,19664,1265
9687,29299,19670,1265
9688,29308,19674,1265
9689,29314,19676,1275
9690,29336,19680,180
9691,29340,19682,1265
9692,29342,19683,180
9693,29347,19686,180
9694,29414,19732,1357
9695,29414,19732,1359
9696,29414,19732,2
9697,29414,19732,6
9698,29424,19738,181
9699,29440,19753,181
9700,29469,19776,179
9701,29472,19778,179
9702,29587,19871,11
9703,29587,19871,181
9704,29641,19906,181
9705,29716,19941,34
9706,29716,19941,35
9707,29744,19963,179
9708,29744,19963,28
9709,27623,18631,877
9710,29788,19973,180
9711,27623,18631,907
9712,29897,20075,181
9713,27623,18631,905
9714,30073,20238,179
9715,27623,18631,906
9716,27575,18608,906
9717,30074,20239,179
9718,27623,18631,936
9719,27623,18631,944
9720,27623,18631,947
9721,27629,18633,907
9722,27629,18633,905
9723,27629,18633,906
9724,27629,18633,936
9725,27632,18634,932
9726,27638,18636,900
9727,27643,18639,907
9728,27643,18639,905
9729,27643,18639,906
9730,27643,18639,936
9731,27643,18639,179
9732,27647,18641,953
9733,27654,18644,907
9734,27654,18644,905
9735,27654,18644,906
9736,27676,18650,907
9737,27676,18650,905
9738,27676,18650,906
9739,27676,18650,936
9740,27678,18651,907
9741,27678,18651,905
9742,27678,18651,906
9743,27678,18651,936
9744,27681,18652,907
9745,27681,18652,905
9746,30096,20251,181
9747,27681,18652,906
9748,30203,20336,181
9749,27681,18652,936
9750,30290,20401,180
9751,27692,18657,967
9752,30298,20405,180
9753,27723,18673,980
9754,47,27,181
9755,27730,18676,978
9756,196,121,181
9757,27730,18676,179
9758,420,260,181
9759,27770,18711,841
9760,520,301,180
9761,27794,18723,841
9762,27818,18735,842
9763,27823,18738,181
9764,27836,18747,1005
9765,27875,18771,1005
9766,27910,18789,1007
9767,27912,18790,1016
9768,27912,18790,179
9769,27914,18791,181
9770,27928,18798,180
9771,27928,18798,1008
9772,27952,18809,858
9773,27952,18809,862
9774,27956,18811,858
9775,27956,18811,862
9776,27961,18814,851
9777,27961,18814,850
9778,27968,18818,851
9779,27968,18818,850
9780,27972,18820,858
9781,27972,18820,862
9782,27993,18831,868
9783,28008,18838,852
9784,28008,18838,860
9785,28011,18840,858
9786,534,308,181
9787,28011,18840,862
9788,584,329,181
9789,28026,18849,868
9790,597,336,179
9791,28026,18849,875
9792,689,406,181
9793,28030,18851,854
9794,771,470,181
9795,28030,18851,855
9796,27575,18608,936
9797,27577,18609,932
9798,27581,18611,931
9799,27581,18611,946
9800,27605,18623,931
9801,27607,18624,907
9802,27607,18624,905
9803,27607,18624,906
9804,27607,18624,936
9805,27609,18625,907
9806,27609,18625,905
9807,27609,18625,906
9808,27609,18625,936
9809,27609,18625,890
9810,27623,18631,935
9811,27623,18631,948
9812,27629,18633,925
9813,27629,18633,927
9814,27632,18634,931
9815,27638,18636,907
9816,27638,18636,905
9817,27638,18636,906
9818,27638,18636,933
9819,27638,18636,936
9820,27647,18641,907
9821,27647,18641,905
9822,27647,18641,906
9823,27647,18641,936
9824,27674,18649,907
9825,27674,18649,905
9826,27674,18649,906
9827,27674,18649,936
9828,27681,18652,953
9829,27692,18657,980
9830,27717,18670,980
9831,27784,18718,842
9832,27804,18728,841
9833,27823,18738,1005
9834,27823,18738,180
9835,27838,18748,1005
9836,27863,18764,1007
9837,27914,18791,180
9838,27914,18791,1008
9839,27918,18793,180
9840,27918,18793,1008
9841,27922,18795,180
9842,27922,18795,1008
9843,27947,18807,179
9844,27952,18809,852
9845,27961,18814,868
9846,27963,18815,858
9847,27963,18815,862
9848,27968,18818,868
9849,27972,18820,852
9850,28030,18851,858
9851,27972,18820,865
9852,27993,18831,851
9853,27993,18831,850
9854,28030,18851,862
9855,27995,18832,868
9856,27999,18834,868
9857,28032,18852,868
9858,28008,18838,858
9859,28008,18838,861
9860,28066,18882,1265
9861,28072,18888,1265
9862,28096,18905,1270
9863,28008,18838,862
9864,28011,18840,852
9865,28099,18906,1276
9866,776,475,179
9867,28103,18907,1276
9868,28242,18995,1021
9869,28242,18995,1020
9870,28255,19003,1090
9871,28261,19006,181
9872,28263,19007,179
9873,28263,19007,1074
9874,28263,19007,1089
9875,28263,19007,1121
9876,28303,19025,181
9877,28314,19030,181
9878,28319,19032,181
9879,28319,19032,1082
9880,28328,19037,179
9881,28342,19044,1081
9882,28350,19048,179
9883,28350,19048,1121
9884,28377,19064,1118
9885,28377,19064,1120
9886,28377,19064,1075
9887,28387,19068,181
9888,28572,19181,1023
9889,28853,19383,1081
9890,28917,19422,180
9891,28949,19451,180
9892,887,572,181
9893,28968,19470,180
9894,962,634,179
9895,29045,19533,179
9896,1012,677,180
9897,29092,19567,180
9898,1014,677,181
9899,29125,19577,1265
9900,1082,725,188
9901,28022,18847,868
9902,29133,19580,180
9903,29153,19592,1265
9904,29153,19592,181
9905,29167,19597,1265
9906,29224,19628,1265
9907,29250,19646,1265
9908,29274,19657,180
9909,29280,19660,180
9910,29390,19713,2
9911,29397,19718,181
9912,29535,19826,181
9913,29547,19831,180
9914,29590,19874,10
9915,29590,19874,180
9916,29591,19875,9
9917,29616,19895,181
9918,29633,19903,36
9919,29645,19908,181
9920,29645,19908,27
9921,29653,19910,181
9922,29653,19910,34
9923,29653,19910,35
9924,29758,19964,180
9925,29793,19976,21
9926,29817,19998,181
9927,30064,20232,181
9928,30068,20235,179
9929,30200,20335,181
9930,30210,20343,181
9931,30367,20455,180
9932,30395,20475,180
9933,28113,18917,1265
9934,32,14,44
9935,216,130,179
9936,271,161,181
9937,466,283,180
9938,503,296,180
9939,553,317,180
9940,579,328,181
9941,605,343,181
9942,661,387,180
9943,674,396,180
9944,727,430,141
9945,772,471,181
9946,957,631,181
9947,1063,714,181
9948,1096,733,181
9949,1246,852,181
9950,1312,898,181
9951,1385,934,180
9952,1560,1061,181
9953,1584,1077,180
9954,1603,1087,181
9955,1641,1113,180
9956,28026,18849,851
9957,1660,1127,180
9958,1677,1140,181
9959,1697,1150,179
9960,1709,1158,181
9961,1843,1239,179
9962,1847,1241,181
9963,1909,1276,181
9964,28026,18849,850
9965,1945,1294,181
9966,28026,18849,856
9967,28026,18849,869
9968,28026,18849,870
9969,1955,1295,181
9970,1971,1307,179
9971,2022,1340,304
9972,2023,1341,307
9973,2023,1341,319
9974,2023,1341,181
9975,2059,1371,338
9976,2061,1372,336
9977,2061,1372,347
9978,2070,1377,347
9979,2330,1681,380
9980,2330,1681,556
9981,2330,1681,558
9982,2330,1681,616
9983,2330,1681,568
9984,2330,1681,578
9985,2330,1681,576
9986,2330,1681,592
9987,2330,1681,584
9988,2330,1681,529
9989,2330,1681,531
9990,2330,1681,533
9991,2330,1681,534
9992,2330,1681,477
9993,2330,1681,496
9994,2330,1681,406
9995,2330,1681,412
9996,2330,1681,608
9997,2349,1694,405
9998,2473,1799,648
9999,2511,1822,673
10000,2527,1836,179
10001,2620,1915,181
10002,2665,1953,693
10003,2700,1974,696
10004,2707,1979,179
10005,2728,1992,737
10006,2777,2040,180
10007,2779,2041,180
10008,3029,2239,180
10009,3033,2241,180
10010,3045,2252,180
10011,3056,2260,180
10012,3112,2303,179
10013,3176,2341,181
10014,3179,2343,778
10015,3179,2343,781
10016,3179,2343,783
10017,28026,18849,871
10018,3221,2373,179
10019,28030,18851,852
10020,3326,2440,835
10021,3482,2553,790
10022,28032,18852,851
10023,3482,2553,804
10024,3534,2589,790
10025,28032,18852,850
10026,28032,18852,856
10027,28034,18853,858
10028,28034,18853,862
10029,3959,2879,181
10030,28049,18865,1265
10031,4060,2967,853
10032,4076,2974,179
10033,4136,3011,1362
10034,28050,18866,1265
10035,4138,3013,1362
10036,28056,18872,1265
10037,28084,18900,1265
10038,4144,3018,1362
10039,28096,18905,1276
10040,28099,18906,1270
10041,28103,18907,1270
10042,28105,18909,1265
10043,28122,18926,1265
10044,28169,18972,181
10045,28255,19003,181
10046,28255,19003,1073
10047,28255,19003,1067
10048,28258,19005,179
10049,28261,19006,1118
10050,28261,19006,1120
10051,28267,19008,179
10052,28267,19008,1121
10053,28308,19027,181
10054,28311,19028,179
10055,28340,19044,1023
10056,28342,19044,179
10057,28355,19051,181
10058,28369,19060,179
10059,28377,19064,181
10060,28377,19064,1061
10061,28377,19064,1073
10062,28377,19064,1029
10063,28385,19067,181
10064,28391,19070,181
10065,28454,19124,1090
10066,28832,19366,1121
10067,28832,19366,1113
10068,28917,19422,181
10069,28932,19434,180
10070,28934,19436,180
10071,28945,19447,180
10072,28971,19473,180
10073,29101,19570,181
10074,29125,19577,180
10075,29131,19579,1265
10076,29131,19579,181
10077,29133,19580,1265
10078,29167,19597,180
10079,4166,3029,179
10080,29224,19628,180
10081,29241,19642,1265
10082,29250,19646,180
10083,29265,19652,1265
10084,4169,3031,181
10085,4359,3145,180
10086,4359,3145,178
10087,29274,19657,1265
10088,4359,3145,185
10089,4363,3146,179
10090,4363,3146,182
10091,29280,19660,1265
10092,29333,19679,1265
10093,1316,900,181
10094,4445,3188,180
10095,1419,956,180
10096,29333,19679,181
10097,29357,19692,4
10098,29405,19724,1358
10099,29405,19724,1
10100,29535,19826,180
10101,29546,19830,179
10102,29547,19831,181
10103,29549,19833,179
10104,29590,19874,11
10105,29590,19874,181
10106,29591,19875,179
10107,29633,19903,179
10108,29758,19964,181
10109,29791,19975,26
10110,29914,20091,179
10111,30015,20190,181
10112,30069,20236,179
10113,30075,20240,179
10114,30078,20241,181
10115,30137,20284,180
10116,30205,20338,179
10117,30302,20407,180
10118,30325,20417,180
10119,30367,20455,181
10120,30395,20475,181
10121,30455,20523,1262
10122,17,7,44
10123,457,279,180
10124,503,296,181
10125,535,309,179
10126,540,311,181
10127,579,328,180
10128,711,419,141
10129,727,430,181
10130,729,431,179
10131,863,559,181
10132,865,561,179
10133,957,631,180
10134,1033,693,181
10135,1096,733,194
10136,1098,734,179
10137,1098,734,192
10138,1102,736,179
10139,1220,830,181
10140,1280,876,179
10141,1356,924,179
10142,1500,1016,181
10143,1389,936,180
10144,1556,1058,181
10145,1481,1002,180
10146,1578,1074,179
10147,1525,1036,181
10148,1580,1075,180
10149,1560,1061,180
10150,1710,1158,179
10151,1657,1125,180
10152,1809,1220,179
10153,1686,1145,180
10154,1883,1261,295
10155,1886,1262,181
10156,1988,1315,1251
10157,2012,1333,1254
10158,2020,1339,324
10159,2020,1339,179
10160,2064,1374,339
10161,2121,1417,347
10162,2170,1456,181
10163,2182,1461,181
10164,2332,1682,378
10165,2332,1682,552
10166,2332,1682,561
10167,2332,1682,594
10168,2332,1682,527
10169,1709,1158,180
10170,1840,1238,179
10171,1861,1249,181
10172,1876,1257,181
10173,1878,1258,181
10174,1882,1260,179
10175,1890,1264,179
10176,1895,1267,179
10177,1903,1271,181
10178,1905,1272,181
10179,1909,1276,295
10180,1914,1280,179
10181,1915,1281,179
10182,1924,1286,179
10183,1931,1291,179
10184,1945,1294,180
10185,1955,1295,180
10186,1992,1317,1252
10187,2027,1344,325
10188,2061,1372,330
10189,2061,1372,181
10190,2070,1377,181
10191,2082,1384,344
10192,2184,1462,179
10193,2221,1496,179
10194,2242,1560,181
10195,2281,1639,179
10196,2281,1639,525
10197,2281,1639,643
10198,2281,1639,640
10199,2281,1639,428
10200,2281,1639,430
10201,2281,1639,498
10202,2281,1639,521
10203,2330,1681,382
10204,2330,1681,553
10205,2330,1681,625
10206,2330,1681,619
10207,2330,1681,617
10208,2330,1681,579
10209,2330,1681,570
10210,2330,1681,565
10211,2330,1681,572
10212,2330,1681,597
10213,2330,1681,581
10214,2330,1681,593
10215,2330,1681,526
10216,2330,1681,442
10217,2330,1681,497
10218,2330,1681,466
10219,2330,1681,484
10220,2330,1681,489
10221,2330,1681,493
10222,2344,1691,181
10223,2457,1785,181
10224,2457,1785,665
10225,2490,1811,662
10226,2511,1822,659
10227,2576,1878,181
10228,2644,1935,179
10229,2332,1682,467
10230,4445,3188,178
10231,4678,3344,181
10232,4698,3356,181
10233,4708,3360,179
10234,4715,3363,181
10235,4877,3466,179
10236,5122,3617,181
10237,5149,3637,181
10238,5237,3700,179
10239,5393,3805,179
10240,5453,3851,179
10241,5597,3947,179
10242,5609,3952,181
10243,5625,3957,249
10244,5630,3958,249
10245,5678,3976,249
10246,5711,3990,249
10247,5757,4013,249
10248,6143,4209,249
10249,6160,4220,180
10250,6162,4222,179
10251,6164,4224,181
10252,6204,4253,179
10253,6221,4264,181
10254,6262,4292,181
10255,6317,4336,181
10256,6469,4469,179
10257,2332,1682,469
10258,6564,4524,1322
10259,2332,1682,473
10260,6578,4533,181
10261,2439,1768,179
10262,6608,4552,1322
10263,2497,1815,181
10264,6666,4592,1322
10265,2628,1920,181
10266,2673,1959,694
10267,2707,1979,698
10268,2721,1988,179
10269,2866,2116,179
10270,2868,2117,181
10271,2984,2210,181
10272,2988,2211,181
10273,2994,2216,181
10274,3115,2304,181
10275,3167,2335,181
10276,3183,2345,778
10277,3183,2345,781
10278,3195,2353,778
10279,3195,2353,781
10280,3195,2353,783
10281,3197,2354,778
10282,3197,2354,781
10283,3209,2362,180
10284,3216,2368,181
10285,3222,2374,179
10286,3259,2403,180
10287,2654,1943,179
10288,3326,2440,179
10289,2698,1973,683
10290,3834,2797,179
10291,2709,1980,698
10292,3840,2801,181
10293,2717,1986,181
10294,3879,2823,181
10295,6668,4593,1322
10296,2727,1991,698
10297,2995,2217,179
10298,3064,2265,179
10299,3095,2288,180
10300,3098,2291,179
10301,3199,2355,778
10302,3199,2355,781
10303,3199,2355,179
10304,3214,2366,179
10305,3218,2370,179
10306,3307,2427,179
10307,3321,2437,181
10308,3327,2441,180
10309,3328,2442,181
10310,3330,2443,181
10311,3331,2444,179
10312,3333,2445,179
10313,3397,2502,179
10314,3498,2564,181
10315,6726,4627,1322
10316,3500,2565,179
10317,6903,4785,313
10318,3515,2574,179
10319,6978,4824,299
10320,3933,2858,179
10321,7035,4865,298
10322,4038,2956,847
10323,7180,4977,181
10324,7335,5090,181
10325,7337,5091,181
10326,7355,5096,179
10327,7362,5099,181
10328,7379,5108,179
10329,7657,5315,181
10330,7876,5457,179
10331,8059,5587,179
10332,8079,5590,181
10333,8140,5635,354
10334,8149,5643,179
10335,8234,5709,181
10336,8269,5732,181
10337,8272,5735,179
10338,8420,5830,179
10339,8487,5864,181
10340,8503,5874,179
10341,8634,5960,179
10342,8674,5978,388
10343,8680,5981,388
10344,8680,5981,393
10345,4038,2956,848
10346,8680,5981,394
10347,4148,3020,1360
10348,8680,5981,520
10349,4159,3024,179
10350,8686,5984,530
10351,4270,3099,181
10352,8691,5987,403
10353,3938,2859,181
10354,3958,2878,181
10355,4090,2982,1352
10356,4090,2982,1353
10357,4090,2982,179
10358,4134,3010,181
10359,4168,3030,181
10360,4235,3082,181
10361,4304,3120,1368
10362,4359,3145,181
10363,4506,3226,181
10364,4531,3242,181
10365,4538,3247,179
10366,4701,3357,179
10367,4723,3367,181
10368,4730,3371,181
10369,4866,3458,181
10370,4893,3477,179
10371,4924,3495,179
10372,5028,3542,181
10373,5031,3544,179
10374,5066,3577,179
10375,5146,3636,181
10376,5154,3641,179
10377,5156,3643,181
10378,5236,3699,179
10379,5312,3746,179
10380,5345,3775,179
10381,5361,3783,181
10382,5446,3847,179
10383,5657,3969,179
10384,5672,3974,249
10385,5706,3989,249
10386,5903,4095,249
10387,5928,4101,248
10388,6086,4186,181
10389,6160,4220,181
10390,6164,4224,180
10391,6220,4263,181
10392,6222,4265,181
10393,6275,4303,281
10394,6317,4336,180
10395,6381,4394,181
10396,6391,4403,179
10397,6884,4779,315
10398,6899,4784,309
10399,6978,4824,298
10400,6998,4837,179
10401,7184,4979,181
10402,7204,4993,298
10403,7220,5006,181
10404,7248,5030,179
10405,8691,5987,448
10406,8691,5987,450
10407,8691,5987,426
10408,8691,5987,436
10409,7264,5042,181
10410,8691,5987,447
10411,7307,5071,341
10412,7351,5094,179
10413,7739,5359,181
10414,8691,5987,461
10415,8691,5987,495
10416,8691,5987,509
10417,7867,5454,181
10418,4644,3319,577
10419,8691,5987,514
10420,8691,5987,465
10421,8691,5987,470
10422,8691,5987,476
10423,8691,5987,482
10424,8691,5987,492
10425,8691,5987,530
10426,8703,5994,522
10427,8707,5996,388
10428,8707,5996,393
10429,8707,5996,394
10430,8707,5996,420
10431,8707,5996,452
10432,8707,5996,456
10433,8707,5996,424
10434,8707,5996,427
10435,8707,5996,513
10436,8707,5996,471
10437,8707,5996,481
10438,8731,6009,530
10439,8741,6015,388
10440,8741,6015,393
10441,8741,6015,394
10442,8768,6029,530
10443,8770,6030,388
10444,8770,6030,524
10445,8836,6094,546
10446,4644,3319,582
10447,8842,6099,541
10448,4648,3321,180
10449,9061,6275,179
10450,4745,3373,179
10451,9092,6295,181
10452,4882,3469,181
10453,9131,6319,180
10454,4929,3496,179
10455,7867,5454,345
10456,4933,3497,181
10457,5007,3528,179
10458,5008,3529,179
10459,5024,3541,181
10460,5055,3568,179
10461,5065,3576,181
10462,5398,3807,179
10463,5587,3941,248
10464,5594,3944,179
10465,5632,3959,181
10466,5635,3960,181
10467,5639,3963,181
10468,5661,3971,249
10469,5667,3973,249
10470,8140,5635,179
10471,5748,4008,180
10472,8234,5709,180
10473,5971,4134,180
10474,8259,5726,179
10475,6159,4219,181
10476,8262,5728,179
10477,6250,4290,181
10478,8421,5831,179
10479,6269,4298,281
10480,8502,5873,181
10481,8622,5959,179
10482,8673,5977,530
10483,8680,5981,397
10484,8680,5981,399
10485,8691,5987,418
10486,8691,5987,421
10487,8691,5987,441
10488,8691,5987,453
10489,8691,5987,454
10490,8691,5987,434
10491,8691,5987,445
10492,8691,5987,479
10493,8691,5987,507
10494,8691,5987,511
10495,8691,5987,463
10496,8691,5987,468
10497,8691,5987,483
10498,8691,5987,486
10499,6325,4341,181
10500,8691,5987,487
10501,6519,4490,181
10502,8691,5987,488
10503,6525,4495,181
10504,8691,5987,503
10505,6542,4511,181
10506,8703,5994,388
10507,6636,4571,1322
10508,8707,5996,422
10509,7001,4839,302
10510,8707,5996,437
10511,7003,4840,179
10512,8707,5996,444
10513,8707,5996,458
10514,8707,5996,515
10515,8707,5996,464
10516,8707,5996,472
10517,8707,5996,478
10518,8707,5996,505
10519,8749,6019,388
10520,8751,6020,388
10521,8758,6024,181
10522,8758,6024,388
10523,8764,6027,388
10524,8772,6031,388
10525,8794,6053,537
10526,8840,6097,181
10527,8842,6099,179
10528,8850,6105,541
10529,9109,6306,181
10530,9259,6430,181
10531,9271,6436,180
10532,9273,6437,179
10533,9338,6488,181
10534,9477,6600,813
10535,9671,6717,181
10536,9675,6719,179
10537,9718,6746,598
10538,9797,6796,180
10539,10017,6962,626
10540,10033,6966,181
10541,7033,4864,298
10542,10147,7057,180
10543,7136,4950,297
10544,10190,7077,179
10545,7170,4972,181
10546,10200,7083,638
10547,7175,4975,181
10548,10201,7084,638
10549,7217,5003,179
10550,9139,6326,179
10551,7253,5031,181
10552,9143,6329,181
10553,9271,6436,181
10554,9324,6480,180
10555,9338,6488,180
10556,9441,6578,181
10557,9442,6579,179
10558,9453,6586,813
10559,9477,6600,179
10560,9680,6722,181
10561,9797,6796,181
10562,9929,6908,624
10563,9937,6914,179
10564,9984,6946,626
10565,9987,6948,624
10566,9993,6953,629
10567,9993,6953,628
10568,10033,6966,624
10569,10081,7006,181
10570,10160,7062,639
10571,10190,7077,639
10572,10201,7084,181
10573,10204,7086,181
10574,10210,7089,179
10575,10299,7144,180
10576,10299,7144,638
10577,10321,7157,179
10578,7322,5083,179
10579,10370,7179,179
10580,7340,5092,179
10581,7357,5097,179
10582,10384,7186,646
10583,7383,5110,179
10584,10384,7186,660
10585,7386,5112,181
10586,10514,7268,179
10587,10204,7086,180
10588,10204,7086,638
10589,10242,7106,638
10590,10255,7113,180
10591,10255,7113,638
10592,10299,7144,181
10593,10330,7162,642
10594,10350,7166,180
10595,10350,7166,638
10596,10361,7173,637
10597,10370,7179,656
10598,10441,7212,181
10599,10483,7243,661
10600,10489,7247,661
10601,10786,7446,181
10602,10795,7451,180
10603,10804,7457,181
10604,10805,7458,179
10605,10853,7484,713
10606,10857,7486,181
10607,10940,7553,712
10608,10979,7576,711
10609,10995,7585,179
10610,11092,7670,179
10611,11348,7841,180
10612,11361,7849,181
10613,11366,7852,180
10614,11400,7870,1193
10615,11400,7870,1215
10616,11402,7871,180
10617,11402,7871,1214
10618,11512,7977,1220
10619,11512,7977,1221
10620,11931,8309,1247
10621,11931,8309,1248
10622,12001,8364,180
10623,12081,8426,179
10624,12170,8497,1328
10625,12183,8504,179
10626,12202,8513,179
10627,12326,8606,179
10628,12436,8713,181
10629,12439,8716,181
10630,12521,8834,1318
10631,12523,8836,180
10632,10601,7334,179
10633,12527,8840,181
10634,10786,7446,180
10635,12527,8840,1294
10636,12539,8852,1305
10637,12583,8892,179
10638,12739,9017,180
10639,12755,9025,180
10640,12827,9078,181
10641,10801,7455,179
10642,10848,7481,713
10643,10850,7482,713
10644,12889,9112,15
10645,10857,7486,180
10646,12916,9136,180
10647,12935,9146,180
10648,12945,9152,180
10649,13008,9215,181
10650,13047,9252,181
10651,13054,9258,181
10652,13068,9271,179
10653,13073,9274,179
10654,13079,9278,181
10655,13138,9331,179
10656,13167,9352,179
10657,13277,9432,181
10658,13355,9476,179
10659,13365,9480,180
10660,13387,9489,179
10661,13390,9491,179
10662,13415,9504,180
10663,13445,9521,180
10664,13556,9594,181
10665,13620,9650,573
10666,13632,9656,180
10667,13816,9801,181
10668,13993,9848,95
10669,13993,9848,181
10670,14102,9875,179
10671,14114,9883,132
10672,14164,9927,181
10673,14182,9939,179
10674,14224,9965,180
10675,14254,9975,180
10676,14279,9989,181
10677,14285,9992,181
10678,14404,10061,180
10679,14447,10083,179
10680,14546,10160,179
10681,14590,10196,181
10682,14607,10206,179
10683,14632,10219,181
10684,10859,7487,180
10685,14638,10222,179
10686,14648,10226,179
10687,10863,7489,180
10688,14761,10319,181
10689,15008,10431,179
10690,15019,10439,180
10691,15248,10558,180
10692,15257,10563,180
10693,7607,5292,180
10694,7619,5301,334
10695,7619,5301,326
10696,7811,5414,179
10697,7812,5415,179
10698,7878,5458,179
10699,7881,5459,179
10700,7964,5511,181
10701,7969,5516,181
10702,8096,5606,181
10703,8126,5628,181
10704,8139,5634,333
10705,8228,5708,179
10706,8274,5736,181
10707,8472,5857,181
10708,8504,5875,181
10709,8619,5958,179
10710,8683,5983,422
10711,15259,10565,180
10712,8683,5983,437
10713,15275,10579,181
10714,8683,5983,444
10715,15344,10629,181
10716,8683,5983,458
10717,16181,11308,181
10718,8683,5983,515
10719,10872,7496,181
10720,10979,7576,697
10721,11038,7621,181
10722,11140,7705,179
10723,11149,7707,181
10724,11247,7768,181
10725,11249,7769,179
10726,11334,7833,179
10727,11346,7840,179
10728,11366,7852,181
10729,11366,7852,1190
10730,11400,7870,1212
10731,11400,7870,1200
10732,11400,7870,1201
10733,11400,7870,1208
10734,11402,7871,1218
10735,11402,7871,1219
10736,11669,8106,1345
10737,11687,8117,179
10738,11733,8159,1224
10739,11850,8236,181
10740,11882,8266,1247
10741,11882,8266,1248
10742,11893,8275,1225
10743,8683,5983,464
10744,11992,8357,180
10745,8683,5983,472
10746,12053,8404,1285
10747,8683,5983,478
10748,12057,8406,181
10749,8683,5983,505
10750,12131,8469,181
10751,16352,11453,573
10752,8715,6000,530
10753,16433,11502,180
10754,16572,11585,180
10755,16586,11594,180
10756,16602,11601,180
10757,16652,11640,180
10758,16654,11641,179
10759,16724,11687,701
10760,16724,11687,699
10761,16868,11827,181
10762,16898,11852,179
10763,16902,11853,179
10764,17087,11960,180
10765,17097,11964,754
10766,17129,11975,764
10767,17133,11977,180
10768,17144,11982,764
10769,17150,11984,180
10770,17152,11985,179
10771,17152,11985,754
10772,17160,11988,753
10773,17181,11998,754
10774,8718,6002,388
10775,17182,11999,179
10776,8726,6006,530
10777,17206,12007,181
10778,8743,6016,392
10779,17216,12010,754
10780,8745,6017,530
10781,17218,12011,181
10782,8846,6101,541
10783,17226,12014,181
10784,17251,12024,180
10785,17257,12027,754
10786,17351,12072,754
10787,17369,12081,754
10788,17381,12087,754
10789,17411,12101,754
10790,17416,12103,180
10791,17433,12109,754
10792,17505,12141,180
10793,17560,12170,754
10794,17599,12181,754
10795,17603,12183,754
10796,17611,12186,754
10797,17615,12188,754
10798,17619,12190,754
10799,17635,12195,179
10800,17635,12195,754
10801,17641,12197,180
10802,17641,12197,745
10803,8950,6178,547
10804,17835,12265,776
10805,8955,6182,181
10806,17847,12271,754
10807,9326,6481,180
10808,17865,12278,754
10809,9443,6580,817
10810,17882,12285,180
10811,9455,6587,813
10812,12217,8521,181
10813,9456,6588,180
10814,17895,12290,180
10815,17900,12292,180
10816,17910,12297,180
10817,17944,12311,754
10818,18048,12360,181
10819,18052,12362,179
10820,18174,12441,179
10821,18178,12443,179
10822,18313,12513,179
10823,18646,12834,181
10824,18685,12871,181
10825,18722,12889,873
10826,18780,12937,873
10827,18780,12937,894
10828,18782,12938,873
10829,18857,12993,789
10830,18863,12997,962
10831,18863,12997,971
10832,18863,12997,1011
10833,18894,13010,1050
10834,18894,13010,1149
10835,18901,13012,965
10836,18902,13013,962
10837,9480,6601,817
10838,18902,13013,971
10839,9480,6601,180
10840,18902,13013,1011
10841,9523,6638,181
10842,18907,13015,180
10843,9527,6639,181
10844,18907,13015,1112
10845,12304,8587,179
10846,9623,6694,179
10847,12332,8609,181
10848,9686,6725,179
10849,12448,8729,1306
10850,12496,8800,180
10851,12515,8822,1305
10852,12519,8828,181
10853,12522,8835,180
10854,12527,8840,180
10855,12531,8844,1320
10856,12606,8905,181
10857,12728,9010,179
10858,12733,9014,180
10859,12745,9020,180
10860,12769,9032,179
10861,12827,9078,180
10862,12879,9105,181
10863,12945,9152,181
10864,13047,9252,180
10865,13236,9412,181
10866,13267,9430,179
10867,13398,9496,180
10868,13422,9509,180
10869,13462,9531,180
10870,13474,9537,180
10871,13498,9547,180
10872,13505,9551,72
10873,9694,6729,179
10874,13526,9566,179
10875,9938,6915,179
10876,13693,9699,181
10877,9967,6934,626
10878,13718,9714,181
10879,9972,6937,181
10880,13816,9801,180
10881,9974,6938,629
10882,18915,13018,180
10883,14114,9883,106
10884,9974,6938,628
10885,18915,13018,1112
10886,18922,13021,180
10887,18922,13021,1112
10888,18940,13026,1151
10889,18947,13028,1196
10890,18959,13033,940
10891,18959,13033,941
10892,18959,13033,956
10893,18959,13033,1010
10894,18959,13033,1017
10895,18959,13033,1042
10896,18959,13033,1045
10897,18985,13042,179
10898,19014,13057,181
10899,19022,13061,940
10900,19022,13061,941
10901,19022,13061,982
10902,19022,13061,983
10903,19022,13061,984
10904,19022,13061,1006
10905,19022,13061,1017
10906,19022,13061,1052
10907,19026,13063,181
10908,19035,13066,180
10909,19035,13066,1112
10910,19057,13076,179
10911,10022,6964,629
10912,19059,13076,180
10913,10022,6964,628
10914,19059,13076,995
10915,14149,9912,179
10916,10043,6973,180
10917,14250,9974,180
10918,10084,7009,179
10919,14258,9977,180
10920,14266,9981,180
10921,14293,9996,179
10922,14414,10065,151
10923,14437,10076,180
10924,14437,10076,178
10925,14440,10077,151
10926,14569,10181,181
10927,14582,10190,275
10928,14588,10195,179
10929,14623,10215,181
10930,14879,10380,181
10931,15006,10429,181
10932,15019,10439,181
10933,15068,10472,250
10934,15096,10487,231
10935,15241,10554,268
10936,15261,10567,180
10937,15263,10569,180
10938,15275,10579,180
10939,15334,10623,181
10940,15339,10627,181
10941,10126,7043,180
10942,15352,10632,179
10943,10128,7044,179
10944,15839,10989,181
10945,10146,7057,180
10946,16101,11244,181
10947,10178,7070,180
10948,16352,11453,181
10949,19059,13076,1112
10950,10178,7070,638
10951,10186,7074,180
10952,10186,7074,638
10953,10187,7075,642
10954,10218,7093,180
10955,10218,7093,638
10956,10301,7145,180
10957,10301,7145,638
10958,10413,7199,181
10959,10438,7211,181
10960,10547,7293,181
10961,10558,7302,181
10962,10594,7331,667
10963,10621,7345,179
10964,10788,7447,180
10965,10855,7485,713
10966,10942,7554,710
10967,10942,7554,707
10968,19059,13076,1119
10969,10942,7554,711
10970,19076,13079,1002
10971,10946,7556,179
10972,19076,13079,1084
10973,10951,7559,702
10974,19076,13079,1153
10975,10987,7582,708
10976,16399,11479,179
10977,16457,11514,181
10978,16511,11552,179
10979,16548,11572,181
10980,16719,11682,704
10981,16724,11687,709
10982,16735,11697,181
10983,16801,11761,179
10984,17102,11966,754
10985,17129,11975,754
10986,17129,11975,752
10987,17144,11982,754
10988,17144,11982,752
10989,17150,11984,181
10990,17160,11988,181
10991,17194,12003,180
10992,17259,12028,754
10993,17263,12030,180
10994,17265,12031,754
10995,17271,12034,754
10996,17285,12040,754
10997,17308,12051,754
10998,11082,7661,179
10999,17318,12056,180
11000,11087,7666,179
11001,17339,12067,754
11002,11089,7668,179
11003,17342,12068,180
11004,11090,7669,179
11005,17359,12076,180
11006,11176,7718,179
11007,19082,13081,1160
11008,11224,7752,181
11009,17373,12083,754
11010,11256,7773,181
11011,11272,7786,181
11012,11375,7857,1218
11013,11375,7857,1219
11014,11382,7861,1218
11015,11382,7861,1191
11016,11382,7861,1219
11017,11392,7866,1218
11018,11392,7866,1219
11019,11396,7868,180
11020,11396,7868,1214
11021,11404,7872,1212
11022,11404,7872,1208
11023,17388,12089,180
11024,11664,8103,1332
11025,17401,12096,754
11026,11664,8103,1342
11027,17422,12105,754
11028,11664,8103,49
11029,17431,12108,180
11030,11690,8118,179
11031,19088,13083,179
11032,17478,12127,754
11033,19110,13091,180
11034,12055,8405,1285
11035,19110,13091,1112
11036,17488,12132,754
11037,12129,8468,179
11038,19113,13092,179
11039,19154,13106,181
11040,19156,13106,1032
11041,19156,13106,1153
11042,19158,13106,1097
11043,19159,13107,1046
11044,19162,13108,1160
11045,19166,13110,179
11046,19167,13110,1002
11047,19167,13110,1084
11048,19167,13110,1153
11049,19171,13110,911
11050,19174,13110,180
11051,19174,13110,1112
11052,19179,13111,1160
11053,19203,13121,1160
11054,19206,13122,179
11055,19222,13128,940
11056,19222,13128,956
11057,19222,13128,1017
11058,19241,13133,180
11059,19241,13133,1112
11060,19244,13133,179
11061,19245,13133,180
11062,19245,13133,1112
11063,12145,8478,1328
11064,19264,13133,181
11065,12172,8498,1328
11066,19268,13133,179
11067,12230,8527,181
11068,19277,13133,181
11069,12321,8602,181
11070,19280,13133,179
11071,17494,12135,180
11072,17507,12142,180
11073,17558,12169,180
11074,17627,12192,754
11075,17639,12196,180
11076,17641,12197,776
11077,17658,12206,754
11078,17707,12229,180
11079,17734,12239,754
11080,17821,12258,180
11081,17821,12258,753
11082,17835,12265,180
11083,17835,12265,745
11084,17861,12277,180
11085,17893,12289,180
11086,18019,12348,181
11087,18046,12359,181
11088,18054,12363,179
11089,18286,12494,179
11090,18307,12508,179
11091,18368,12564,179
11092,18408,12601,181
11093,18581,12773,181
11094,18722,12889,892
11095,18722,12889,893
11096,18780,12937,892
11097,18782,12938,892
11098,18863,12997,940
11099,18863,12997,982
11100,18863,12997,983
11101,18863,12997,1006
11102,18863,12997,1017
11103,18863,12997,1052
11104,18872,13001,180
11105,18872,13001,1112
11106,18894,13010,940
11107,18894,13010,1042
11108,18901,13012,919
11109,18902,13013,940
11110,18902,13013,982
11111,18902,13013,983
11112,18902,13013,1006
11113,18902,13013,1017
11114,19280,13133,938
11115,19280,13133,1050
11116,19280,13133,1149
11117,19281,13133,1087
11118,19285,13133,181
11119,18902,13013,1052
11120,19291,13133,180
11121,19291,13133,1112
11122,19292,13133,1053
11123,19292,13133,1060
11124,19292,13133,1141
11125,18919,13020,181
11126,18940,13026,940
11127,18940,13026,941
11128,18944,13027,1196
11129,18957,13032,180
11130,18957,13032,1112
11131,18959,13033,971
11132,18959,13033,1009
11133,18959,13033,1014
11134,18959,13033,1043
11135,18959,13033,1044
11136,18973,13037,180
11137,18973,13037,1112
11138,18990,13045,180
11139,18995,13048,180
11140,18995,13048,1112
11141,19000,13050,180
11142,19000,13050,995
11143,19000,13050,1112
11144,19000,13050,1119
11145,19011,13056,1053
11146,19013,13057,181
11147,19022,13061,179
11148,19022,13061,971
11149,19022,13061,1011
11150,19034,13065,1135
11151,19076,13079,180
11152,19076,13079,1000
11153,19076,13079,1012
11154,19076,13079,1112
11155,19076,13079,1119
11156,19080,13080,179
11157,19082,13081,180
11158,19082,13081,1112
11159,19100,13088,181
11160,19102,13088,180
11161,19102,13088,1112
11162,19122,13096,180
11163,19122,13096,1112
11164,19131,13098,179
11165,19156,13106,180
11166,19156,13106,1030
11167,19156,13106,1112
11168,19158,13106,180
11169,19158,13106,1112
11170,19295,13133,179
11171,19300,13133,1197
11172,19159,13107,179
11173,19305,13133,179
11174,19162,13108,180
11175,19162,13108,1112
11176,19167,13110,180
11177,19308,13133,180
11178,19308,13133,1112
11179,19167,13110,1000
11180,19167,13110,1012
11181,19167,13110,1112
11182,12440,8717,179
11183,12441,8718,1306
11184,12461,8749,180
11185,12524,8837,179
11186,12529,8842,1304
11187,12529,8842,1288
11188,12534,8847,180
11189,12551,8870,181
11190,12691,8980,179
11191,12761,9028,180
11192,12796,9048,180
11193,12799,9050,179
11194,13043,9248,181
11195,13056,9259,181
11196,13401,9497,180
11197,13411,9502,180
11198,13585,9619,179
11199,13590,9622,180
11200,19167,13110,1119
11201,13841,9825,181
11202,19179,13111,180
11203,13951,9839,179
11204,19179,13111,1112
11205,13973,9840,181
11206,19186,13115,179
11207,14001,9852,106
11208,19310,13133,179
11209,19195,13118,181
11210,19312,13133,179
11211,14109,9880,105
11212,19203,13121,180
11213,19203,13121,1112
11214,19206,13122,940
11215,19222,13128,971
11216,19222,13128,1009
11217,19222,13128,1014
11218,19223,13128,181
11219,19223,13128,1041
11220,19223,13128,1157
11221,19241,13133,181
11222,19245,13133,181
11223,19252,13133,179
11224,19264,13133,180
11225,19264,13133,1112
11226,19268,13133,1042
11227,19277,13133,180
11228,19277,13133,1112
11229,19280,13133,940
11230,19280,13133,1042
11231,19281,13133,179
11232,19281,13133,1088
11233,14109,9880,179
11234,19285,13133,180
11235,14186,9941,179
11236,19285,13133,1112
11237,14193,9945,181
11238,19291,13133,181
11239,14259,9978,180
11240,19292,13133,179
11241,14264,9980,180
11242,19313,13133,181
11243,19314,13133,1165
11244,19335,13133,179
11245,19337,13133,179
11246,19339,13134,181
11247,19344,13136,179
11248,19353,13138,181
11249,19357,13140,1197
11250,19362,13141,1199
11251,19366,13143,1204
11252,19401,13152,180
11253,19401,13152,1112
11254,19408,13155,180
11255,19408,13155,1112
11256,19422,13159,180
11257,19422,13159,1112
11258,19422,13159,1123
11259,19426,13159,179
11260,19426,13159,1172
11261,19429,13160,180
11262,19429,13160,1112
11263,14380,10053,180
11264,19430,13161,1165
11265,14591,10197,179
11266,19435,13163,181
11267,14615,10211,179
11268,19454,13169,180
11269,14633,10220,179
11270,19454,13169,945
11271,19292,13133,976
11272,15009,10432,181
11273,15015,10437,181
11274,15251,10560,266
11275,15256,10563,268
11276,15298,10594,181
11277,15353,10633,181
11278,15354,10634,179
11279,15355,10635,181
11280,15360,10639,179
11281,15835,10985,181
11282,15857,11007,179
11283,16081,11232,181
11284,16085,11234,181
11285,16091,11238,181
11286,16110,11245,181
11287,16421,11496,179
11288,16449,11510,181
11289,16449,11510,621
11290,16560,11579,179
11291,19297,13133,179
11292,16659,11644,181
11293,19300,13133,179
11294,16713,11676,181
11295,19304,13133,179
11296,16718,11681,704
11297,19304,13133,1210
11298,19454,13169,952
11299,16942,11884,179
11300,16978,11904,181
11301,16978,11904,727
11302,16978,11904,726
11303,16978,11904,730
11304,16983,11906,728
11305,17093,11962,772
11306,17095,11963,754
11307,17125,11973,754
11308,17154,11986,754
11309,17158,11987,754
11310,17172,11994,754
11311,17211,12008,181
11312,17249,12023,180
11313,17274,12035,754
11314,17291,12043,180
11315,17297,12046,180
11316,17326,12060,776
11317,17334,12064,180
11318,17365,12079,754
11319,17371,12082,180
11320,19454,13169,964
11321,17385,12088,180
11322,19454,13169,1112
11323,17390,12090,180
11324,19454,13169,1128
11325,17392,12091,754
11326,19455,13170,1151
11327,17414,12102,180
11328,19308,13133,181
11329,19473,13178,180
11330,17429,12107,754
11331,19313,13133,180
11332,19473,13178,1112
11333,17442,12113,754
11334,19517,13200,180
11335,19517,13200,1112
11336,19527,13205,1160
11337,19539,13211,940
11338,19539,13211,1042
11339,19555,13218,180
11340,19555,13218,1112
11341,19568,13224,1135
11342,19569,13225,1157
11343,19575,13229,181
11344,19588,13229,180
11345,19588,13229,1112
11346,19589,13229,181
11347,19593,13229,180
11348,19593,13229,1112
11349,19606,13229,179
11350,19612,13229,181
11351,19613,13229,179
11352,19614,13229,180
11353,19614,13229,1112
11354,19615,13229,179
11355,19623,13229,179
11356,19625,13229,180
11357,19625,13229,1112
11358,19643,13229,181
11359,19653,13229,181
11360,19657,13229,181
11361,17464,12120,180
11362,19662,13229,179
11363,17470,12123,180
11364,19667,13229,179
11365,17492,12134,754
11366,19672,13229,180
11367,17501,12139,776
11368,19672,13229,1112
11369,19313,13133,1112
11370,19314,13133,179
11371,19317,13133,179
11372,19321,13133,179
11373,19331,13133,179
11374,19357,13140,179
11375,19364,13142,1196
11376,19366,13143,179
11377,19368,13143,180
11378,19368,13143,1112
11379,19377,13146,1196
11380,19386,13149,180
11381,19386,13149,1112
11382,19386,13149,1213
11383,19395,13151,180
11384,19395,13151,1112
11385,19408,13155,1157
11386,19410,13156,179
11387,19414,13157,179
11388,19423,13159,1151
11389,19426,13159,1165
11390,19430,13161,179
11391,19439,13164,1196
11392,19447,13166,179
11393,19455,13170,940
11394,19455,13170,941
11395,19515,13199,180
11396,19515,13199,1112
11397,19521,13202,180
11398,19521,13202,1112
11399,19527,13205,180
11400,19527,13205,1112
11401,19533,13208,180
11402,19533,13208,1112
11403,19539,13211,1050
11404,19539,13211,1149
11405,19563,13222,180
11406,19563,13222,1112
11407,19569,13225,180
11408,19569,13225,1112
11409,19575,13229,180
11410,19575,13229,1112
11411,19588,13229,181
11412,19589,13229,180
11413,19589,13229,1112
11414,19592,13229,179
11415,19593,13229,181
11416,19594,13229,179
11417,19612,13229,180
11418,19612,13229,1112
11419,19614,13229,181
11420,19617,13229,179
11421,19625,13229,181
11422,19635,13229,179
11423,19643,13229,180
11424,19675,13229,181
11425,19643,13229,1112
11426,19685,13233,180
11427,19685,13233,1112
11428,19688,13234,1199
11429,19693,13237,180
11430,19693,13237,1112
11431,19653,13229,180
11432,19653,13229,1112
11433,19754,13267,994
11434,19773,13281,180
11435,19657,13229,180
11436,19657,13229,1112
11437,17544,12161,754
11438,19659,13229,179
11439,19672,13229,181
11440,19675,13229,180
11441,19675,13229,1112
11442,19699,13240,1196
11443,19737,13258,911
11444,19745,13262,180
11445,19745,13262,1112
11446,19754,13267,1053
11447,19754,13267,1095
11448,19758,13269,1204
11449,19773,13281,1084
11450,19773,13281,1153
11451,19904,13401,976
11452,19947,13440,1153
11453,19972,13460,180
11454,19972,13460,1112
11455,19976,13461,940
11456,19976,13461,1042
11457,19999,13473,180
11458,19999,13473,995
11459,19999,13473,1112
11460,19999,13473,1119
11461,20002,13475,1053
11462,20002,13475,1095
11463,20004,13476,994
11464,20021,13484,180
11465,20021,13484,1112
11466,20029,13487,1097
11467,20060,13498,180
11468,20060,13498,1112
11469,20061,13499,1160
11470,20070,13502,1196
11471,20074,13504,180
11472,17571,12175,180
11473,20074,13504,1112
11474,17608,12185,754
11475,20084,13511,994
11476,17623,12191,754
11477,20085,13511,1042
11478,17648,12201,754
11479,20087,13512,976
11480,19773,13281,958
11481,17652,12203,743
11482,20096,13517,180
11483,19773,13281,1112
11484,19773,13281,1146
11485,19904,13401,1052
11486,19904,13401,1053
11487,19904,13401,1060
11488,17685,12219,754
11489,20096,13517,1000
11490,19904,13401,1141
11491,17700,12227,180
11492,19947,13440,180
11493,17729,12238,180
11494,17729,12238,745
11495,17751,12247,776
11496,17815,12255,776
11497,17833,12264,180
11498,17833,12264,745
11499,17855,12275,754
11500,17867,12279,180
11501,17878,12284,754
11502,17884,12286,180
11503,17897,12291,180
11504,17904,12294,180
11505,17934,12307,180
11506,17936,12308,754
11507,19947,13440,1112
11508,18373,12568,179
11509,19976,13461,1050
11510,18638,12828,180
11511,19976,13461,1149
11512,18675,12863,808
11513,20002,13475,994
11514,18684,12870,180
11515,20004,13476,1053
11516,20096,13517,1012
11517,20096,13517,1112
11518,20096,13517,1119
11519,20124,13531,179
11520,20125,13531,180
11521,20125,13531,995
11522,20125,13531,1112
11523,20125,13531,1119
11524,20145,13544,1002
11525,20145,13544,1084
11526,20145,13544,1153
11527,20191,13571,180
11528,20191,13571,1112
11529,20194,13572,180
11530,20194,13572,1000
11531,20194,13572,1012
11532,20194,13572,1112
11533,20194,13572,1119
11534,20228,13590,1204
11535,20252,13603,180
11536,20252,13603,1112
11537,20256,13605,180
11538,20256,13605,945
11539,20256,13605,952
11540,20256,13605,964
11541,20256,13605,1112
11542,20256,13605,1128
11543,20269,13609,181
11544,20269,13609,1157
11545,20279,13616,976
11546,20279,13616,1143
11547,20282,13617,922
11548,20282,13617,965
11549,20299,13625,180
11550,20299,13625,1112
11551,20308,13630,1156
11552,20308,13630,1157
11553,20333,13641,1088
11554,20335,13641,180
11555,20335,13641,1112
11556,20344,13645,180
11557,20344,13645,1112
11558,20357,13651,940
11559,20004,13476,1095
11560,20357,13651,1042
11561,20017,13483,180
11562,20017,13483,1112
11563,20029,13487,180
11564,20029,13487,1112
11565,20044,13495,180
11566,20044,13495,1112
11567,20060,13498,1160
11568,20397,13666,922
11569,20061,13499,180
11570,20061,13499,1112
11571,20084,13511,1053
11572,20084,13511,1095
11573,20400,13666,180
11574,20400,13666,1112
11575,18711,12884,180
11576,18724,12890,892
11577,18724,12890,893
11578,18732,12895,181
11579,18764,12923,874
11580,18785,12939,874
11581,18807,12952,181
11582,18821,12960,873
11583,18821,12960,894
11584,18866,12998,180
11585,18866,12998,1112
11586,18899,13012,1050
11587,18899,13012,1149
11588,18924,13021,1097
11589,18928,13023,1160
11590,18936,13024,180
11591,18936,13024,1112
11592,18946,13027,180
11593,18946,13027,1112
11594,18963,13034,180
11595,20407,13669,180
11596,18963,13034,1112
11597,20407,13669,1112
11598,18969,13036,1088
11599,20408,13669,180
11600,19003,13051,180
11601,20408,13669,1112
11602,19003,13051,1112
11603,20408,13669,1213
11604,19016,13058,181
11605,20087,13512,940
11606,20087,13512,1053
11607,20087,13512,1060
11608,20087,13512,1141
11609,20096,13517,1002
11610,20096,13517,1153
11611,20123,13530,180
11612,20123,13530,945
11613,20123,13530,952
11614,20123,13530,964
11615,20123,13530,1112
11616,20123,13530,1128
11617,20135,13537,180
11618,20135,13537,1112
11619,20145,13544,180
11620,20145,13544,1000
11621,20145,13544,1012
11622,20145,13544,1112
11623,20145,13544,1119
11624,20157,13552,180
11625,20160,13554,180
11626,20160,13554,995
11627,20160,13554,1112
11628,20160,13554,1119
11629,20194,13572,1002
11630,20194,13572,1084
11631,20194,13572,1153
11632,20233,13592,180
11633,20233,13592,1112
11634,19016,13058,1157
11635,20241,13598,180
11636,19038,13067,180
11637,20241,13598,1112
11638,19038,13067,1112
11639,20273,13611,985
11640,19049,13073,940
11641,20279,13616,1053
11642,19049,13073,941
11643,20427,13676,180
11644,20279,13616,1060
11645,19049,13073,1010
11646,20279,13616,1140
11647,20427,13676,1112
11648,19049,13073,1017
11649,20431,13678,922
11650,20431,13678,940
11651,20431,13678,941
11652,20431,13678,1042
11653,20431,13678,1055
11654,20431,13678,1060
11655,20445,13684,1135
11656,20458,13690,180
11657,20458,13690,1112
11658,20468,13695,1002
11659,20468,13695,1084
11660,20468,13695,1153
11661,20476,13699,940
11662,20476,13699,956
11663,20476,13699,1010
11664,20476,13699,1017
11665,20476,13699,1042
11666,20476,13699,1045
11667,20513,13716,1196
11668,20518,13718,1196
11669,20542,13729,180
11670,20542,13729,1112
11671,20544,13729,1160
11672,20554,13733,180
11673,20554,13733,995
11674,19049,13073,1045
11675,20554,13733,1112
11676,19054,13075,179
11677,20554,13733,1119
11678,19066,13077,940
11679,20559,13733,180
11680,19084,13081,179
11681,20559,13733,1112
11682,19084,13081,1151
11683,20561,13733,181
11684,20562,13733,1160
11685,20563,13734,181
11686,20567,13734,180
11687,20567,13734,1112
11688,20568,13734,1157
11689,20279,13616,1141
11690,20571,13734,180
11691,20571,13734,1112
11692,20577,13738,180
11693,20577,13738,995
11694,20577,13738,1112
11695,20577,13738,1119
11696,20590,13745,1157
11697,20601,13750,1135
11698,20603,13751,1000
11699,20603,13751,1012
11700,20603,13751,1034
11701,20603,13751,1119
11702,20605,13751,940
11703,20605,13751,941
11704,20617,13751,1039
11705,20618,13751,180
11706,20618,13751,1034
11707,20618,13751,1112
11708,20631,13759,180
11709,20631,13759,1112
11710,20631,13759,1119
11711,20648,13766,1050
11712,20648,13766,1149
11713,20656,13770,180
11714,20656,13770,1000
11715,20656,13770,1012
11716,20656,13770,1112
11717,20656,13770,1119
11718,20689,13793,168
11719,20723,13823,168
11720,20730,13830,180
11721,20732,13832,180
11722,20738,13837,180
11723,20798,13883,179
11724,20800,13884,179
11725,20850,13915,179
11726,20869,13920,321
11727,20908,13951,181
11728,20911,13953,181
11729,20912,13954,179
11730,20282,13617,919
11731,20294,13624,922
11732,20939,13972,181
11733,20947,13974,181
11734,20308,13630,180
11735,20948,13975,180
11736,20308,13630,1112
11737,20308,13630,1158
11738,20308,13630,1159
11739,20333,13641,1087
11740,20956,13983,179
11741,20338,13643,180
11742,19085,13081,1160
11743,20957,13984,181
11744,19089,13083,971
11745,20960,13987,180
11746,20338,13643,1112
11747,20341,13644,922
11748,20357,13651,938
11749,20964,13991,179
11750,19089,13083,1009
11751,20357,13651,1050
11752,20964,13991,1338
11753,19089,13083,1014
11754,20357,13651,1149
11755,20358,13651,180
11756,20358,13651,1112
11757,20403,13667,180
11758,20403,13667,1112
11759,20405,13668,1196
11760,20420,13673,922
11761,20431,13678,976
11762,20431,13678,1155
11763,20458,13690,1153
11764,20468,13695,180
11765,20468,13695,1000
11766,20468,13695,1012
11767,20468,13695,1112
11768,20468,13695,1119
11769,20476,13699,971
11770,20476,13699,1009
11771,20476,13699,1014
11772,20476,13699,1043
11773,20476,13699,1044
11774,20489,13705,180
11775,20522,13720,911
11776,20536,13727,1046
11777,20544,13729,180
11778,20544,13729,1112
11779,19089,13083,1043
11780,20548,13730,180
11781,19089,13083,1044
11782,20548,13730,1112
11783,19089,13083,1091
11784,20557,13733,180
11785,19115,13093,181
11786,20557,13733,1112
11787,19117,13093,180
11788,20968,13996,180
11789,20983,14016,180
11790,21001,14040,1338
11791,21003,14042,180
11792,21120,14143,1233
11793,21120,14143,1249
11794,21142,14157,180
11795,21143,14158,1234
11796,21152,14163,180
11797,21185,14182,180
11798,21227,14199,180
11799,21229,14200,1234
11800,21232,14202,180
11801,21300,14249,1260
11802,21401,14307,1302
11803,21496,14386,179
11804,21525,14414,179
11805,21612,14474,206
11806,21654,14495,181
11807,21678,14508,180
11808,21681,14510,181
11809,21713,14535,179
11810,21722,14547,181
11811,21726,14551,181
11812,21730,14555,237
11813,21734,14564,181
11814,21763,14604,181
11815,19117,13093,1112
11816,19120,13095,181
11817,21855,14661,181
11818,19124,13097,180
11819,22097,14784,179
11820,19124,13097,1112
11821,22179,14828,179
11822,19142,13102,181
11823,22396,14990,179
11824,20559,13733,1160
11825,22708,15251,181
11826,22805,15298,181
11827,19176,13111,181
11828,22820,15309,181
11829,22947,15378,179
11830,22978,15395,181
11831,23095,15497,181
11832,23210,15590,181
11833,23372,15721,181
11834,23581,15883,181
11835,23587,15886,179
11836,23639,15923,181
11837,23680,15950,179
11838,23737,15988,181
11839,23818,16048,181
11840,23987,16177,179
11841,24088,16253,180
11842,24096,16257,180
11843,24106,16262,180
11844,24130,16273,180
11845,24159,16288,180
11846,24195,16305,180
11847,24224,16317,181
11848,24226,16319,181
11849,24304,16386,180
11850,24327,16398,180
11851,19177,13111,940
11852,24375,16443,180
11853,19177,13111,941
11854,24377,16445,179
11855,19201,13121,180
11856,24378,16446,181
11857,19201,13121,1112
11858,24508,16561,180
11859,19218,13126,179
11860,24562,16588,181
11861,20562,13733,180
11862,20562,13733,1112
11863,20565,13734,180
11864,20565,13734,1112
11865,20568,13734,180
11866,20568,13734,1112
11867,20571,13734,1160
11868,20575,13737,922
11869,20575,13737,1053
11870,20575,13737,1095
11871,20590,13745,180
11872,20590,13745,1112
11873,20603,13751,181
11874,20603,13751,1002
11875,20603,13751,1084
11876,20603,13751,1153
11877,20605,13751,1039
11878,20605,13751,1151
11879,20618,13751,1160
11880,20631,13759,1002
11881,20631,13759,1084
11882,20631,13759,1153
11883,20638,13761,180
11884,20638,13761,1112
11885,20640,13762,180
11886,20640,13762,1112
11887,20648,13766,940
11888,20648,13766,1042
11889,20652,13768,180
11890,20652,13768,1112
11891,20656,13770,1002
11892,20656,13770,1084
11893,20656,13770,1153
11894,20671,13779,168
11895,20715,13818,180
11896,20717,13819,180
11897,20720,13820,171
11898,20724,13824,168
11899,20737,13836,180
11900,20739,13838,180
11901,20760,13851,181
11902,20766,13854,181
11903,20885,13934,181
11904,20945,13973,181
11905,20947,13974,180
11906,20956,13983,1313
11907,20957,13984,180
11908,20976,14008,180
11909,21000,14038,180
11910,21000,14038,1334
11911,24571,16593,179
11912,24643,16636,181
11913,21003,14042,181
11914,24759,16715,179
11915,21016,14053,180
11916,21109,14137,181
11917,24782,16734,84
11918,21120,14143,179
11919,24823,16772,181
11920,19227,13130,180
11921,24833,16780,179
11922,21120,14143,1242
11923,19227,13130,995
11924,21120,14143,1243
11925,21140,14156,180
11926,21142,14157,1234
11927,21143,14158,180
11928,21152,14163,1234
11929,21185,14182,1234
11930,21190,14185,180
11931,21191,14185,179
11932,21192,14186,180
11933,21229,14200,180
11934,21232,14202,1234
11935,21300,14249,179
11936,21300,14249,1300
11937,21300,14249,1308
11938,21303,14250,181
11939,21313,14256,181
11940,21401,14307,1267
11941,21401,14307,1284
11942,21612,14474,207
11943,21629,14481,181
11944,21654,14495,180
11945,21724,14549,181
11946,21730,14555,181
11947,21734,14564,237
11948,21764,14605,181
11949,21864,14666,179
11950,21867,14667,179
11951,21869,14668,179
11952,21951,14721,181
11953,22013,14733,179
11954,22020,14736,179
11955,19227,13130,1112
11956,22021,14737,181
11957,19227,13130,1119
11958,22130,14788,181
11959,19229,13131,1030
11960,22482,15053,181
11961,19238,13133,181
11962,22786,15285,179
11963,19239,13133,181
11964,22944,15377,179
11965,19239,13133,1153
11966,19239,13133,1160
11967,19242,13133,181
11968,19249,13133,179
11969,19250,13133,1053
11970,19250,13133,1095
11971,19251,13133,179
11972,19255,13133,179
11973,19263,13133,181
11974,19272,13133,181
11975,19276,13133,181
11976,19279,13133,179
11977,19293,13133,180
11978,22967,15392,179
11979,19293,13133,1112
11980,23054,15465,180
11981,19294,13133,180
11982,23343,15698,179
11983,19294,13133,1112
11984,23383,15729,181
11985,19296,13133,179
11986,25035,16972,181
11987,25139,17063,179
11988,25187,17094,179
11989,25216,17113,1265
11990,25242,17127,1265
11991,25244,17128,1265
11992,25244,17128,1269
11993,25347,17201,179
11994,25531,17293,671
11995,25594,17328,179
11996,25600,17332,181
11997,25602,17334,181
11998,25608,17337,179
11999,25616,17342,181
12000,25735,17419,179
12001,25756,17436,179
12002,25777,17449,181
12003,25794,17459,181
12004,25808,17468,179
12005,25855,17501,181
12006,19316,13133,179
12007,25872,17514,684
12008,19319,13133,180
12009,25912,17550,179
12010,19319,13133,945
12011,25926,17561,179
12012,19319,13133,952
12013,26027,17635,179
12014,19319,13133,964
12015,26030,17637,179
12016,19319,13133,1112
12017,23577,15881,179
12018,19319,13133,1128
12019,26223,17742,179
12020,23703,15968,179
12021,19322,13133,179
12022,26253,17751,716
12023,23755,15998,179
12024,23906,16112,181
12025,23995,16185,181
12026,24094,16256,180
12027,24115,16266,180
12028,24125,16271,180
12029,19322,13133,919
12030,24144,16280,180
12031,24182,16299,180
12032,24209,16309,180
12033,24222,16316,181
12034,24231,16321,181
12035,24271,16358,181
12036,24283,16366,375
12037,24323,16395,180
12038,24378,16446,180
12039,24378,16446,583
12040,24382,16450,179
12041,24397,16467,180
12042,24433,16503,181
12043,24525,16570,180
12044,24544,16581,180
12045,24577,16596,181
12046,24689,16666,180
12047,24711,16679,180
12048,25031,16969,179
12049,25035,16972,180
12050,19323,13133,180
12051,25037,16973,179
12052,19323,13133,1112
12053,25145,17064,181
12054,19334,13133,181
12055,25171,17083,181
12056,19340,13135,179
12057,25197,17100,1265
12058,19348,13137,181
12059,26397,17840,718
12060,26397,17840,738
12061,26489,17877,716
12062,26489,17877,735
12063,26559,17916,181
12064,26887,18150,181
12065,26989,18234,828
12066,27100,18338,179
12067,27317,18486,877
12068,27317,18486,907
12069,27317,18486,905
12070,27317,18486,906
12071,27317,18486,936
12072,27331,18493,880
12073,27331,18493,931
12074,27348,18502,932
12075,27353,18505,907
12076,27353,18505,905
12077,27353,18505,906
12078,27353,18505,936
12079,27353,18505,882
12080,27355,18506,907
12081,27355,18506,905
12082,27355,18506,906
12083,27355,18506,936
12084,27371,18513,931
12085,27371,18513,916
12086,27380,18516,931
12087,27382,18517,932
12088,19356,13140,180
12089,27408,18531,885
12090,19356,13140,1112
12091,27408,18531,932
12092,19375,13146,180
12093,27410,18532,885
12094,19375,13146,1112
12095,27410,18532,932
12096,25242,17127,180
12097,19387,13149,179
12098,25335,17195,181
12099,19387,13149,1210
12100,25337,17196,181
12101,25339,17197,181
12102,25349,17202,181
12103,25356,17206,179
12104,25535,17295,668
12105,25540,17297,671
12106,25544,17299,671
12107,25573,17314,671
12108,25576,17315,671
12109,25598,17331,179
12110,25615,17341,179
12111,25802,17465,181
12112,25853,17499,179
12113,25945,17578,179
12114,25951,17582,179
12115,26023,17631,181
12116,26073,17664,181
12117,26121,17690,181
12118,26238,17745,181
12119,26238,17745,761
12120,26242,17747,181
12121,26253,17751,179
12122,26406,17844,732
12123,26489,17877,179
12124,26563,17918,181
12125,19399,13151,1160
12126,26670,17985,800
12127,19407,13155,179
12128,26745,18041,180
12129,19407,13155,976
12130,26889,18152,181
12131,19407,13155,1155
12132,26891,18153,181
12133,19418,13158,180
12134,26966,18218,181
12135,19418,13158,1112
12136,27440,18545,907
12137,27440,18545,905
12138,27440,18545,906
12139,27444,18547,907
12140,27444,18547,905
12141,27444,18547,906
12142,27444,18547,936
12143,27447,18548,932
12144,27453,18551,907
12145,27453,18551,905
12146,27453,18551,906
12147,27453,18551,936
12148,27459,18554,907
12149,27459,18554,905
12150,27459,18554,906
12151,27459,18554,936
12152,27461,18555,932
12153,27463,18556,932
12154,27469,18559,907
12155,27469,18559,905
12156,27469,18559,906
12157,27469,18559,936
12158,27473,18561,885
12159,19419,13158,179
12160,27473,18561,932
12161,19444,13164,929
12162,27485,18566,931
12163,19444,13164,993
12164,27488,18567,932
12165,19444,13164,1103
12166,27505,18573,931
12167,27158,18381,181
12168,19480,13182,180
12169,27217,18422,179
12170,27225,18426,181
12171,27331,18493,885
12172,27331,18493,932
12173,27340,18498,907
12174,27340,18498,905
12175,27340,18498,906
12176,27340,18498,936
12177,27340,18498,179
12178,27348,18502,931
12179,27348,18502,180
12180,27371,18513,932
12181,27380,18516,932
12182,27382,18517,931
12183,27408,18531,880
12184,27408,18531,931
12185,27410,18532,880
12186,27410,18532,931
12187,27410,18532,180
12188,27447,18548,931
12189,27461,18555,931
12190,27463,18556,931
12191,27465,18557,907
12192,19480,13182,1112
12193,27465,18557,905
12194,19498,13191,180
12195,27465,18557,906
12196,19498,13191,1112
12197,27465,18557,936
12198,19535,13209,180
12199,27473,18561,880
12200,27546,18594,932
12201,27473,18561,931
12202,27485,18566,932
12203,27488,18567,931
12204,27505,18573,932
12205,19535,13209,1112
12206,27546,18594,931
12207,27550,18596,931
12208,27558,18599,931
12209,27583,18612,932
12210,27585,18613,932
12211,27599,18620,932
12212,27601,18621,907
12213,27601,18621,905
12214,27601,18621,906
12215,27601,18621,936
12216,27640,18637,918
12217,27670,18647,931
12218,27670,18647,180
12219,27672,18648,932
12220,27710,18666,980
12221,27713,18668,978
12222,27714,18669,978
12223,27719,18671,980
12224,27788,18720,841
12225,27798,18725,842
12226,27800,18726,842
12227,19543,13213,1087
12228,27820,18736,842
12229,19553,13217,1160
12230,27825,18739,180
12231,19572,13227,180
12232,27840,18749,1005
12233,19572,13227,1112
12234,27861,18763,1005
12235,27550,18596,932
12236,19576,13229,180
12237,27558,18599,932
12238,27567,18603,907
12239,27567,18603,905
12240,27567,18603,906
12241,27567,18603,936
12242,27583,18612,931
12243,27585,18613,931
12244,27587,18614,907
12245,27587,18614,905
12246,27587,18614,906
12247,27587,18614,936
12248,27599,18620,931
12249,27640,18637,907
12250,27640,18637,905
12251,27640,18637,906
12252,27640,18637,936
12253,27641,18638,907
12254,27641,18638,905
12255,27641,18638,906
12256,27641,18638,936
12257,27641,18638,179
12258,27670,18647,932
12259,27672,18648,931
12260,27700,18661,978
12261,19576,13229,1112
12262,27719,18671,967
12263,19580,13229,179
12264,27772,18712,842
12265,19583,13229,181
12266,27782,18717,841
12267,19595,13229,181
12268,27790,18721,841
12269,19600,13229,181
12270,27792,18722,841
12271,27806,18729,841
12272,27825,18739,181
12273,27853,18759,1007
12274,27857,18761,1007
12275,27888,18779,1005
12276,27892,18781,1007
12277,27926,18797,180
12278,27926,18797,1008
12279,27942,18805,180
12280,27942,18805,1008
12281,27950,18808,181
12282,27954,18810,868
12283,27959,18813,858
12284,27959,18813,862
12285,27974,18821,868
12286,27975,18822,868
12287,27979,18824,858
12288,27979,18824,862
12289,27983,18826,868
12290,27991,18830,851
12291,27991,18830,850
12292,27997,18833,851
12293,27997,18833,850
12294,28006,18837,851
12295,28006,18837,850
12296,28020,18846,858
12297,28020,18846,862
12298,28028,18850,851
12299,28028,18850,850
12300,19607,13229,180
12301,28038,18855,868
12302,19607,13229,1112
12303,28047,18863,1265
12304,19610,13229,180
12305,28052,18868,1265
12306,19610,13229,1112
12307,28060,18876,1265
12308,27894,18782,1007
12309,19616,13229,180
12310,28078,18894,1265
12311,19616,13229,1112
12312,27920,18794,180
12313,19620,13229,180
12314,19620,13229,1112
12315,19627,13229,179
12316,19633,13229,180
12317,19633,13229,1112
12318,19640,13229,180
12319,19640,13229,1112
12320,19644,13229,181
12321,19645,13229,179
12322,19646,13229,179
12323,19651,13229,180
12324,19651,13229,1112
12325,19663,13229,181
12326,19664,13229,179
12327,19665,13229,180
12328,27920,18794,1008
12329,19665,13229,1112
12330,27950,18808,180
12331,19673,13229,180
12332,27950,18808,1008
12333,19673,13229,1112
12334,27954,18810,851
12335,19674,13229,179
12336,28083,18899,1265
12337,19691,13236,1197
12338,28091,18903,1270
12339,19702,13241,1206
12340,27954,18810,850
12341,27959,18813,852
12342,27974,18821,851
12343,27974,18821,850
12344,27975,18822,851
12345,27975,18822,850
12346,27991,18830,868
12347,27997,18833,868
12348,28006,18837,868
12349,28024,18848,858
12350,28024,18848,862
12351,28028,18850,868
12352,28028,18850,875
12353,28036,18854,858
12354,28036,18854,862
12355,28038,18855,871
12356,28048,18864,1265
12357,28053,18869,1265
12358,28059,18875,1265
12359,28068,18884,1265
12360,28075,18891,1265
12361,19721,13250,180
12362,28091,18903,1276
12363,19721,13250,1112
12364,28093,18904,1265
12365,19761,13270,180
12366,28093,18904,1269
12367,19761,13270,1112
12368,28108,18912,1265
12369,28109,18913,1265
12370,19942,13436,940
12371,28172,18988,181
12372,19942,13436,941
12373,28115,18919,1265
12374,19942,13436,1042
12375,19942,13436,1055
12376,19942,13436,1060
12377,19990,13466,919
12378,20009,13479,180
12379,20009,13479,1112
12380,20012,13480,1160
12381,20030,13488,962
12382,20030,13488,971
12383,20030,13488,1011
12384,20045,13495,180
12385,20045,13495,1064
12386,20045,13495,1112
12387,20055,13497,940
12388,28123,18927,1265
12389,20055,13497,941
12390,28162,18964,1287
12391,20063,13500,940
12392,28253,19002,181
12393,20063,13500,941
12394,28270,19009,181
12395,20069,13501,180
12396,28279,19013,181
12397,20069,13501,1112
12398,20089,13513,994
12399,20094,13516,180
12400,20094,13516,995
12401,20094,13516,1112
12402,20094,13516,1119
12403,20114,13526,180
12404,20114,13526,1112
12405,20114,13526,1158
12406,20114,13526,1159
12407,20116,13527,180
12408,20116,13527,1112
12409,20143,13543,180
12410,20143,13543,1112
12411,20164,13557,971
12412,20164,13557,1009
12413,20164,13557,1014
12414,28283,19015,179
12415,20164,13557,1043
12416,28289,19018,179
12417,20164,13557,1044
12418,28296,19021,181
12419,20167,13559,940
12420,28296,19021,1073
12421,20167,13559,941
12422,28296,19021,1082
12423,28344,19045,179
12424,28348,19047,181
12425,28348,19047,1073
12426,28352,19049,181
12427,28354,19050,179
12428,28367,19059,181
12429,28388,19069,181
12430,28388,19069,1073
12431,28388,19069,1040
12432,28388,19069,1067
12433,28436,19106,1096
12434,28436,19106,180
12435,28501,19126,181
12436,28822,19357,1120
12437,28852,19383,1023
12438,28864,19391,1092
12439,28871,19395,1047
12440,28875,19398,1073
12441,28875,19398,1040
12442,28875,19398,1067
12443,28907,19418,179
12444,28935,19437,180
12445,28962,19464,180
12446,28966,19468,180
12447,28986,19487,179
12448,29023,19518,179
12449,29063,19547,179
12450,29071,19552,180
12451,29116,19573,1274
12452,29120,19575,179
12453,29143,19585,1265
12454,29143,19585,181
12455,20167,13559,956
12456,29149,19588,179
12457,20167,13559,1010
12458,29151,19590,1265
12459,20167,13559,1017
12460,29152,19591,1265
12461,20167,13559,1042
12462,29152,19591,181
12463,28257,19004,179
12464,20167,13559,1045
12465,28294,19020,179
12466,20196,13573,1028
12467,29175,19601,180
12468,29181,19605,1265
12469,29186,19606,1265
12470,29199,19613,1265
12471,29204,19616,180
12472,29225,19629,1265
12473,29278,19659,180
12474,29282,19661,1265
12475,29284,19662,180
12476,29295,19668,180
12477,29302,19672,1265
12478,29310,19675,1265
12479,29386,19710,1354
12480,29438,19752,179
12481,29502,19803,181
12482,29517,19813,179
12483,29548,19832,181
12484,29673,19920,180
12485,29708,19937,180
12486,29780,19969,180
12487,30084,20243,181
12488,30085,20243,179
12489,30207,20340,181
12490,30292,20402,180
12491,30380,20463,591
12492,30400,20478,181
12493,30401,20479,179
12494,20215,13581,180
12495,30428,20501,181
12496,20215,13581,1112
12497,49,29,181
12498,20215,13581,1123
12499,88,61,179
12500,20259,13606,1053
12501,206,123,181
12502,28296,19021,1018
12503,20259,13606,1060
12504,28296,19021,1118
12505,20259,13606,1141
12506,348,213,146
12507,350,214,179
12508,352,215,179
12509,392,245,181
12510,423,262,179
12511,491,294,179
12512,537,310,181
12513,603,341,179
12514,619,353,180
12515,738,439,181
12516,775,474,181
12517,849,546,181
12518,1036,694,181
12519,1090,730,179
12520,1278,875,179
12521,1314,899,179
12522,1347,922,226
12523,1347,922,224
12524,1347,922,198
12525,1347,922,199
12526,1347,922,181
12527,1395,939,180
12528,1444,971,181
12529,1452,975,181
12530,1530,1037,179
12531,1624,1101,181
12532,1634,1108,179
12533,1703,1155,181
12534,1704,1155,180
12535,20268,13609,181
12536,1708,1157,179
12537,1714,1160,181
12538,1874,1256,179
12539,1907,1274,179
12540,1935,1293,181
12541,2000,1323,1252
12542,2046,1360,181
12543,2078,1383,338
12544,2111,1410,347
12545,2153,1446,339
12546,2218,1492,181
12547,2219,1493,181
12548,2263,1581,179
12549,2268,1623,181
12550,2283,1640,439
12551,2283,1640,378
12552,2283,1640,552
12553,2283,1640,561
12554,2283,1640,594
12555,2283,1640,527
12556,2283,1640,508
12557,2283,1640,457
12558,2283,1640,459
12559,2283,1640,467
12560,2283,1640,469
12561,2283,1640,473
12562,20307,13630,922
12563,2286,1642,181
12564,20307,13630,940
12565,2286,1642,499
12566,28296,19021,1120
12567,20307,13630,941
12568,2304,1657,633
12569,28298,19022,181
12570,28302,19024,1124
12571,28302,19024,181
12572,28348,19047,1118
12573,28348,19047,1120
12574,28388,19069,1120
12575,20307,13630,956
12576,20307,13630,1010
12577,20307,13630,1017
12578,20307,13630,1042
12579,20307,13630,1045
12580,20311,13631,922
12581,20311,13631,940
12582,20311,13631,941
12583,20311,13631,956
12584,20311,13631,1010
12585,20311,13631,1017
12586,20311,13631,1042
12587,20311,13631,1045
12588,20332,13641,180
12589,20332,13641,1000
12590,20332,13641,1012
12591,20332,13641,1112
12592,20332,13641,1119
12593,20337,13642,180
12594,20337,13642,1112
12595,20363,13653,180
12596,20363,13653,1112
12597,20364,13653,940
12598,20364,13653,941
12599,20364,13653,956
12600,20364,13653,1010
12601,20364,13653,1017
12602,20364,13653,1042
12603,20364,13653,1045
12604,20384,13661,180
12605,20384,13661,1112
12606,20386,13662,1042
12607,20389,13662,180
12608,20389,13662,1112
12609,20390,13663,180
12610,20390,13663,1112
12611,20394,13665,922
12612,20396,13665,922
12613,20412,13670,1151
12614,20437,13681,922
12615,20461,13691,988
12616,20461,13691,999
12617,20461,13691,1068
12618,20461,13691,1070
12619,20473,13698,180
12620,20473,13698,958
12621,20473,13698,1112
12622,20473,13698,1146
12623,20475,13699,1156
12624,20475,13699,1157
12625,20508,13714,940
12626,20508,13714,1042
12627,20525,13721,919
12628,20530,13724,940
12629,20530,13724,941
12630,20530,13724,956
12631,20530,13724,1010
12632,20530,13724,1017
12633,20530,13724,1042
12634,20530,13724,1045
12635,20552,13732,1002
12636,20556,13733,180
12637,20556,13733,1112
12638,20581,13740,940
12639,20581,13740,1042
12640,20583,13741,1157
12641,20592,13746,1053
12642,20592,13746,1060
12643,20592,13746,1141
12644,20594,13747,180
12645,20594,13747,1112
12646,20594,13747,1158
12647,20594,13747,1159
12648,20602,13751,1053
12649,20602,13751,1095
12650,20604,13751,940
12651,20604,13751,1042
12652,20610,13751,1042
12653,20615,13751,940
12654,20615,13751,941
12655,20615,13751,1042
12656,20615,13751,1055
12657,20626,13756,940
12658,20626,13756,941
12659,20626,13756,956
12660,20626,13756,1010
12661,20626,13756,1017
12662,20626,13756,1042
12663,20626,13756,1045
12664,20642,13763,1002
12665,20642,13763,1084
12666,20642,13763,1153
12667,20646,13765,940
12668,20646,13765,941
12669,20646,13765,956
12670,20646,13765,1010
12671,20646,13765,1017
12672,20646,13765,1042
12673,20646,13765,1045
12674,20674,13781,168
12675,20678,13784,155
12676,20678,13784,167
12677,20685,13789,168
12678,20686,13790,168
12679,20688,13792,168
12680,20756,13849,181
12681,20762,13852,318
12682,20762,13852,320
12683,20777,13864,181
12684,20795,13882,179
12685,20842,13913,181
12686,20867,13919,318
12687,20867,13919,320
12688,20901,13946,181
12689,20904,13947,181
12690,20934,13971,179
12691,20934,13971,201
12692,20949,13976,180
12693,20951,13978,180
12694,20954,13981,180
12695,20958,13985,180
12696,21049,14082,1226
12697,21114,14140,179
12698,21116,14141,1233
12699,21116,14141,1244
12700,21118,14142,1239
12701,21149,14161,1234
12702,21165,14172,1234
12703,21197,14188,179
12704,21197,14188,1236
12705,21204,14192,180
12706,21214,14195,179
12707,21222,14196,180
12708,21224,14197,1249
12709,21225,14198,180
12710,21250,14211,181
12711,21251,14212,181
12712,21251,14212,1366
12713,21255,14215,181
12714,21262,14221,181
12715,21294,14246,1298
12716,21298,14248,181
12717,21307,14253,181
12718,21382,14302,179
12719,21553,14434,179
12720,21609,14473,216
12721,21652,14494,181
12722,21672,14505,180
12723,21754,14599,181
12724,21768,14606,179
12725,21821,14643,181
12726,21850,14659,181
12727,21871,14669,181
12728,21962,14722,181
12729,22012,14732,181
12730,22017,14735,181
12731,22089,14780,181
12732,22140,14793,180
12733,22147,14798,179
12734,22174,14824,179
12735,22340,14941,179
12736,22388,14982,181
12737,22392,14986,180
12738,22576,15145,179
12739,22635,15197,180
12740,22640,15198,180
12741,22672,15220,181
12742,22750,15273,179
12743,22788,15286,179
12744,22798,15295,179
12745,22937,15374,181
12746,23029,15443,181
12747,23031,15444,181
12748,23034,15447,181
12749,23065,15474,181
12750,23069,15477,180
12751,23073,15480,180
12752,23074,15480,180
12753,23075,15481,181
12754,23083,15487,181
12755,23093,15496,181
12756,23139,15535,179
12757,23385,15731,179
12758,23394,15738,179
12759,23396,15740,181
12760,23676,15949,181
12761,23707,15969,574
12762,23758,15999,181
12763,23784,16020,179
12764,23821,16050,179
12765,23897,16107,181
12766,23972,16170,181
12767,23998,16187,179
12768,24039,16214,179
12769,24061,16229,181
12770,24102,16260,179
12771,24108,16263,180
12772,24171,16294,180
12773,24216,16312,180
12774,24330,16400,180
12775,24398,16468,180
12776,24409,16479,179
12777,24424,16494,1147
12778,24512,16563,180
12779,24520,16567,180
12780,24527,16571,180
12781,24535,16577,180
12782,24566,16590,180
12783,24569,16592,181
12784,24764,16719,84
12785,24805,16757,179
12786,24820,16771,179
12787,24835,16781,181
12788,25027,16967,179
12789,25039,16974,179
12790,25042,16976,181
12791,25046,16978,180
12792,25184,17092,1265
12793,25184,17092,181
12794,25189,17095,180
12795,25230,17120,1265
12796,25249,17129,1265
12797,25249,17129,181
12798,25286,17157,180
12799,25309,17177,179
12800,25502,17280,668
12801,25562,17310,179
12802,25565,17311,181
12803,25583,17321,181
12804,25691,17399,74
12805,25807,17467,181
12806,25810,17469,179
12807,25825,17477,181
12808,25884,17524,179
12809,26058,17663,678
12810,26092,17667,181
12811,26152,17718,181
12812,26218,17740,181
12813,26218,17740,761
12814,26218,17740,734
12815,26218,17740,732
12816,26247,17749,179
12817,26257,17753,179
12818,26263,17755,181
12819,26263,17755,761
12820,26268,17757,181
12821,26268,17757,761
12822,26268,17757,732
12823,26495,17878,735
12824,26509,17884,181
12825,26509,17884,761
12826,26528,17894,180
12827,26532,17896,180
12828,26542,17903,792
12829,26567,17920,181
12830,26580,17928,179
12831,26605,17936,181
12832,26607,17937,794
12833,27122,18356,825
12834,27171,18390,181
12835,27227,18427,181
12836,27324,18489,931
12837,27324,18489,180
12838,406,248,144
12839,1192,817,195
12840,2340,1689,634
12841,4146,3019,1361
12842,8709,5997,491
12843,8716,6001,491
12844,9462,6591,815
12845,9667,6716,604
12846,10173,7068,641
12847,11666,8104,1137
12848,12481,8776,1307
12849,14374,10052,149
12850,18893,13009,1099
12851,18958,13032,1099
12852,18979,13039,1099
12853,18980,13040,1099
12854,19005,13052,1099
12855,19006,13053,1099
12856,19024,13062,942
12857,19032,13065,1099
12858,19036,13066,1099
12859,19039,13067,1099
12860,19083,13081,1099
12861,19121,13095,1099
12862,19130,13098,1099
12863,19181,13112,1099
12864,19185,13114,1099
12865,19226,13129,1099
12866,19336,13133,1108
12867,19383,13148,1099
12868,19428,13160,1099
12869,19456,13170,1099
12870,19503,13193,1099
12871,19687,13234,1099
12872,19713,13246,1099
12873,19734,13256,1099
12874,19736,13257,1179
12875,19743,13261,1099
12876,19764,13272,1099
12877,19783,13290,1099
12878,19788,13293,949
12879,19797,13300,1099
12880,19806,13308,1099
12881,19830,13328,1099
12882,19845,13343,1099
12883,19848,13346,1099
12884,19882,13380,1099
12885,19915,13409,1099
12886,20007,13477,1099
12887,20077,13505,1099
12888,20078,13506,1099
12889,20115,13526,1099
12890,20240,13597,1099
12891,20284,13619,926
12892,20284,13619,942
12893,20288,13621,1161
12894,20315,13632,926
12895,20321,13635,926
12896,20355,13650,1099
12897,20361,13652,926
12898,20374,13657,1099
12899,20392,13664,1099
12900,20423,13674,926
12901,20426,13675,1099
12902,20436,13680,1099
12903,20454,13688,926
12904,28393,19071,179
12905,28736,19303,1021
12906,28736,19303,1020
12907,28806,19345,1096
12908,28806,19345,180
12909,28822,19357,1073
12910,28875,19398,1120
12911,28894,19410,180
12912,28909,19419,181
12913,28911,19420,180
12914,28958,19460,180
12915,28961,19463,180
12916,28977,19479,180
12917,29025,19520,180
12918,29026,19521,179
12919,29046,19534,180
12920,29048,19535,179
12921,29061,19545,179
12922,29062,19546,180
12923,29175,19601,1265
12924,29181,19605,180
12925,29186,19606,180
12926,29199,19613,180
12927,29204,19616,1265
12928,29225,19629,180
12929,29233,19634,1265
12930,29264,19651,1265
12931,29278,19659,1265
12932,29282,19661,180
12933,29284,19662,1265
12934,29295,19668,1265
12935,29322,19677,179
12936,29325,19678,1265
12937,29359,19693,4
12938,29369,19698,1347
12939,29416,19733,179
12940,29422,19737,6
12941,29470,19777,181
12942,29548,19832,180
12943,29550,19834,179
12944,29639,19905,179
12945,29772,19965,181
12946,29782,19970,180
12947,29888,20068,181
12948,30089,20244,181
12949,30199,20334,179
12950,30206,20339,181
12951,30266,20389,179
12952,30317,20414,179
12953,30380,20463,590
12954,30459,20527,179
12955,171,99,179
12956,340,211,181
12957,348,213,179
12958,424,263,181
12959,518,300,180
12960,523,302,180
12961,527,304,180
12962,587,330,180
12963,659,386,180
12964,696,408,180
12965,900,576,181
12966,965,636,179
12967,1037,695,181
12968,1211,829,179
12969,1261,862,179
12970,1266,864,181
12971,1347,922,203
12972,1347,922,219
12973,1364,925,181
12974,1429,962,181
12975,1444,971,180
12976,1455,978,181
12977,1480,1001,179
12978,1498,1015,181
12979,1503,1018,179
12980,1575,1071,181
12981,1586,1078,180
12982,1588,1079,180
12983,1601,1086,179
12984,1615,1094,53
12985,1619,1097,181
12986,1629,1105,53
12987,1703,1155,180
12988,1704,1155,181
12989,1714,1160,180
12990,1848,1242,181
12991,1853,1245,179
12992,1857,1247,179
12993,1863,1250,181
12994,1868,1253,179
12995,1879,1259,179
12996,1960,1296,181
12997,1974,1308,181
12998,2044,1359,181
12999,2220,1494,179
13000,2283,1640,181
13001,2283,1640,379
13002,2283,1640,554
13003,2283,1640,555
13004,2283,1640,559
13005,2283,1640,614
13006,2283,1640,631
13007,2283,1640,516
13008,2283,1640,512
13009,2283,1640,480
13010,2283,1640,462
13011,2283,1640,475
13012,2283,1640,413
13013,2286,1642,500
13014,2288,1643,405
13015,2304,1657,384
13016,2342,1690,439
13017,2342,1690,378
13018,2342,1690,552
13019,2342,1690,561
13020,2342,1690,594
13021,2342,1690,527
13022,2342,1690,508
13023,2342,1690,457
13024,2342,1690,459
13025,2342,1690,467
13026,2342,1690,469
13027,2342,1690,473
13028,2347,1693,181
13029,2347,1693,499
13030,2458,1786,181
13031,2458,1786,665
13032,2458,1786,677
13033,2686,1968,682
13034,2712,1982,181
13035,2716,1985,181
13036,2723,1989,179
13037,2761,2025,180
13038,2996,2218,179
13039,3012,2229,180
13040,3100,2292,181
13041,3121,2307,181
13042,2342,1690,181
13043,2342,1690,379
13044,2342,1690,554
13045,2342,1690,555
13046,2342,1690,559
13047,2342,1690,614
13048,2342,1690,631
13049,2342,1690,516
13050,2342,1690,512
13051,2342,1690,480
13052,2342,1690,462
13053,2342,1690,475
13054,2342,1690,413
13055,2347,1693,500
13056,2492,1812,651
13057,2504,1817,652
13058,2685,1967,686
13059,2692,1971,181
13060,2696,1972,181
13061,2712,1982,180
13062,2723,1989,698
13063,2813,2073,739
13064,3100,2292,180
13065,3153,2329,181
13066,3212,2364,179
13067,3213,2365,181
13068,3219,2371,181
13069,3246,2396,180
13070,3264,2407,181
13071,3319,2435,179
13072,3493,2562,181
13073,3845,2804,179
13074,3873,2819,181
13075,3885,2825,179
13076,3961,2881,181
13077,4046,2960,853
13078,4054,2964,853
13079,4058,2966,848
13080,4068,2971,853
13081,4083,2979,181
13082,4088,2981,1352
13083,4088,2981,1353
13084,4088,2981,179
13085,4092,2983,179
13086,4095,2986,1362
13087,4113,3000,1362
13088,4153,3021,181
13089,4247,3090,181
13090,4250,3092,179
13091,4261,3097,181
13092,4263,3098,179
13093,4290,3113,1367
13094,4322,3132,180
13095,4322,3132,178
13096,4332,3137,179
13097,4370,3149,181
13098,4393,3158,180
13099,4393,3158,178
13100,4427,3182,1368
13101,4439,3185,180
13102,4439,3185,178
13103,4460,3191,179
13104,4529,3241,181
13105,4884,3470,181
13106,4891,3475,181
13107,4892,3476,179
13108,5405,3809,181
13109,5458,3852,181
13110,5463,3853,181
13111,5601,3948,179
13112,5781,4024,249
13113,5803,4039,248
13114,5885,4091,248
13115,6165,4225,179
13116,6256,4291,179
13117,6366,4381,181
13118,6384,4397,179
13119,6568,4527,181
13120,6573,4530,181
13121,6881,4777,313
13122,6979,4825,299
13123,6985,4829,294
13124,7022,4855,298
13125,7029,4861,303
13126,7055,4878,296
13127,7172,4973,181
13128,7317,5079,331
13129,7326,5086,181
13130,7331,5088,179
13131,7373,5106,181
13132,7384,5111,179
13133,7734,5356,179
13134,7788,5396,179
13135,7852,5445,179
13136,7858,5450,179
13137,7873,5456,179
13138,7911,5482,179
13139,7971,5518,181
13140,8312,5770,181
13141,8508,5876,179
13142,8681,5982,180
13143,8694,5989,388
13144,8844,6100,560
13145,8844,6100,179
13146,8938,6171,181
13147,9003,6228,179
13148,9007,6232,181
13149,9068,6276,181
13150,9125,6314,181
13151,9161,6347,181
13152,9171,6349,181
13153,9308,6470,180
13154,9316,6475,180
13155,9433,6572,181
13156,9444,6581,179
13157,9446,6582,813
13158,9450,6585,817
13159,9450,6585,180
13160,9534,6641,181
13161,9540,6644,179
13162,9683,6724,179
13163,9692,6728,181
13164,9692,6728,602
13165,9823,6806,181
13166,9933,6912,181
13167,10024,6964,179
13168,10164,7064,638
13169,10228,7098,638
13170,10233,7100,180
13171,10233,7100,638
13172,10235,7101,180
13173,10235,7101,638
13174,10247,7109,638
13175,10272,7123,638
13176,10294,7140,638
13177,10297,7142,638
13178,10307,7149,642
13179,10309,7150,638
13180,10317,7155,181
13181,10326,7160,638
13182,20519,13718,1099
13183,20560,13733,1099
13184,20600,13750,1099
13185,20616,13751,1099
13186,20641,13762,1099
13187,20659,13772,1013
13188,21604,14470,214
13189,23605,15902,239
13190,25822,17475,691
13191,27322,18488,954
13192,27328,18491,879
13193,27406,18530,884
13194,27414,18534,884
13195,27812,18732,844
13196,27905,18787,1004
13197,27965,18816,864
13198,28013,18842,864
13199,28018,18845,864
13200,28869,19394,1066
13201,29396,19717,1351
13202,29414,19732,7
13203,2332,1682,557
13204,2332,1682,566
13205,2332,1682,446
13206,4044,2959,846
13207,4148,3020,1361
13208,8683,5983,485
13209,8683,5983,490
13210,9455,6587,815
13211,10178,7070,641
13212,10326,7160,645
13213,11392,7866,1202
13214,10328,7161,638
13215,11392,7866,1209
13216,10331,7163,638
13217,10338,7164,181
13218,10354,7169,638
13219,10360,7172,635
13220,10430,7208,181
13221,10481,7241,181
13222,10497,7252,181
13223,10517,7270,180
13224,10538,7288,181
13225,10562,7304,180
13226,10599,7333,181
13227,10604,7336,181
13228,10790,7448,180
13229,10921,7543,179
13230,10955,7561,697
13231,11003,7590,181
13232,11007,7594,179
13233,11084,7663,181
13234,11180,7720,179
13235,11321,7826,179
13236,11359,7848,179
13237,11377,7858,180
13238,11377,7858,1214
13239,11394,7867,1218
13240,11394,7867,1219
13241,11398,7869,1212
13242,11398,7869,1208
13243,11519,7984,179
13244,11680,8114,1339
13245,11680,8114,1343
13246,11686,8116,1344
13247,11736,8161,1224
13248,11740,8164,1224
13249,11760,8178,179
13250,11823,8216,181
13251,11963,8333,181
13252,11975,8344,180
13253,11978,8347,179
13254,12015,8375,181
13255,12085,8429,181
13256,12147,8479,1328
13257,12221,8523,181
13258,12328,8607,179
13259,12453,8738,180
13260,12520,8832,181
13261,12538,8851,1305
13262,12552,8871,181
13263,12603,8903,179
13264,12682,8974,179
13265,12723,9008,179
13266,12750,9023,179
13267,12753,9024,180
13268,12797,9049,179
13269,12910,9132,181
13270,12919,9138,180
13271,13057,9260,17
13272,13163,9349,181
13273,13265,9429,181
13274,13303,9449,71
13275,13389,9490,180
13276,13436,9516,180
13277,13449,9523,180
13278,13509,9553,180
13279,13514,9555,180
13280,13576,9613,181
13281,13639,9663,181
13282,13688,9698,181
13283,13720,9716,181
13284,13726,9720,179
13285,14002,9852,106
13286,14106,9879,104
13287,14115,9883,132
13288,14210,9956,180
13289,14267,9982,181
13290,14281,9990,179
13291,14308,10006,180
13292,14417,10066,180
13293,14417,10066,178
13294,12461,8749,1307
13295,14027,9859,122
13296,16449,11510,620
13297,18864,12997,1099
13298,18869,12999,1099
13299,18871,13000,1099
13300,18882,13005,1099
13301,18887,13007,1099
13302,18890,13008,949
13303,18965,13034,1099
13304,19012,13056,1099
13305,19027,13063,1099
13306,19183,13113,1099
13307,19234,13132,1099
13308,19418,13158,1161
13309,19444,13164,1072
13310,19465,13174,1099
13311,19484,13184,1099
13312,19511,13197,1099
13313,19538,13210,1099
13314,14449,10084,179
13315,19705,13242,1099
13316,14529,10149,179
13317,19813,13313,1099
13318,14556,10170,867
13319,14594,10199,181
13320,19846,13344,1099
13321,14595,10200,181
13322,19864,13362,1099
13323,3190,2349,778
13324,19865,13363,1099
13325,19883,13381,1099
13326,19885,13383,1099
13327,19920,13414,1099
13328,19925,13419,1099
13329,19927,13421,1099
13330,19936,13430,1099
13331,19945,13438,1099
13332,19956,13448,1099
13333,19985,13464,1099
13334,20003,13475,1099
13335,20050,13496,1099
13336,20098,13518,1099
13337,20116,13527,1161
13338,20127,13532,1099
13339,20153,13549,1099
13340,20159,13553,1099
13341,20176,13563,1099
13342,3190,2349,781
13343,20238,13596,1099
13344,3190,2349,783
13345,20276,13613,1099
13346,3215,2367,181
13347,20307,13630,926
13348,3224,2375,179
13349,20311,13631,926
13350,14610,10208,179
13351,14629,10218,179
13352,14637,10221,179
13353,14642,10223,181
13354,14772,10325,282
13355,14783,10326,181
13356,15243,10555,180
13357,15245,10557,269
13358,15249,10559,181
13359,15266,10572,181
13360,15276,10580,179
13361,15277,10581,181
13362,15329,10620,181
13363,15363,10641,179
13364,15838,10988,179
13365,15855,11005,181
13366,16032,11190,179
13367,16068,11226,181
13368,16182,11309,181
13369,16243,11358,181
13370,20320,13634,1099
13371,16381,11472,181
13372,20366,13653,1099
13373,16386,11476,181
13374,20371,13655,1099
13375,16439,11506,180
13376,20394,13665,926
13377,16447,11509,618
13378,20396,13665,926
13379,3264,2407,180
13380,20417,13671,1099
13381,20437,13681,926
13382,20457,13689,1099
13383,20466,13694,1099
13384,20475,13699,1154
13385,20477,13699,1099
13386,20491,13706,1099
13387,20494,13708,1099
13388,20580,13739,1099
13389,20587,13743,1099
13390,20595,13747,1099
13391,20619,13752,1099
13392,21022,14056,897
13393,3270,2409,181
13394,23603,15901,239
13395,3319,2435,835
13396,26058,17663,676
13397,3506,2569,179
13398,26218,17740,736
13399,3532,2588,790
13400,723,428,140
13401,16510,11551,179
13402,16515,11554,180
13403,16526,11561,181
13404,16559,11578,179
13405,16570,11584,180
13406,16576,11587,180
13407,16591,11596,180
13408,16597,11599,180
13409,16631,11627,180
13410,16640,11632,180
13411,16683,11661,181
13412,16693,11666,180
13413,16880,11837,181
13414,16925,11869,723
13415,16990,11909,181
13416,16990,11909,727
13417,16990,11909,726
13418,16990,11909,730
13419,16994,11911,728
13420,16995,11912,181
13421,16995,11912,727
13422,16995,11912,726
13423,16995,11912,730
13424,17100,11965,754
13425,17131,11976,764
13426,17148,11983,181
13427,17174,11995,179
13428,7629,5309,327
13429,17174,11995,754
13430,9472,6599,820
13431,17214,12009,181
13432,10408,7195,657
13433,17237,12018,180
13434,10428,7207,657
13435,17253,12025,180
13436,3803,2783,181
13437,11668,8105,78
13438,17253,12025,753
13439,3848,2805,179
13440,11899,8280,1241
13441,3953,2873,181
13442,4019,2938,181
13443,4046,2960,857
13444,4054,2964,857
13445,4068,2971,857
13446,4071,2973,1362
13447,4088,2981,1355
13448,4171,3033,179
13449,4245,3089,179
13450,4290,3113,179
13451,4314,3125,180
13452,4314,3125,178
13453,4336,3139,180
13454,4336,3139,178
13455,4338,3140,180
13456,4338,3140,178
13457,4338,3140,185
13458,4370,3149,180
13459,4370,3149,178
13460,4523,3239,179
13461,4713,3362,181
13462,4729,3370,179
13463,4778,3391,181
13464,4846,3439,181
13465,11964,8334,1241
13466,4922,3494,181
13467,19336,13133,1071
13468,5061,3572,181
13469,19730,13255,1185
13470,5062,3573,181
13471,20558,13733,1144
13472,5311,3745,181
13473,17283,12039,754
13474,5380,3796,220
13475,5418,3820,180
13476,5601,3948,249
13477,5688,3981,248
13478,27322,18488,950
13479,5724,3997,249
13480,5769,4018,249
13481,5923,4100,249
13482,6134,4205,249
13483,6161,4221,179
13484,6366,4381,180
13485,6389,4402,179
13486,6480,4471,181
13487,6516,4488,181
13488,6696,4612,1322
13489,6932,4793,313
13490,6945,4799,309
13491,6979,4825,298
13492,6985,4829,287
13493,6991,4833,179
13494,7006,4841,179
13495,7040,4867,299
13496,7162,4968,181
13497,7166,4970,181
13498,7281,5057,180
13499,7324,5084,179
13500,27694,18658,981
13501,7333,5089,179
13502,27706,18664,981
13503,7377,5107,179
13504,8683,5983,433
13505,7792,5398,179
13506,10377,7182,657
13507,7886,5460,181
13508,17314,12054,754
13509,17322,12058,180
13510,17418,12104,754
13511,17437,12111,179
13512,17437,12111,754
13513,17459,12119,754
13514,17473,12124,181
13515,17482,12129,754
13516,17503,12140,754
13517,17511,12144,754
13518,17546,12162,180
13519,17554,12167,180
13520,17556,12168,180
13521,17562,12171,754
13522,17569,12174,180
13523,17631,12193,180
13524,17633,12194,180
13525,17689,12221,180
13526,17712,12231,776
13527,17718,12234,754
13528,17784,12251,745
13529,17817,12256,776
13530,17839,12267,754
13531,17858,12276,754
13532,17874,12282,754
13533,17902,12293,754
13534,17912,12298,180
13535,17923,12303,754
13536,18044,12358,181
13537,18171,12440,179
13538,18224,12460,179
13539,18328,12526,181
13540,18614,12805,179
13541,18644,12833,181
13542,7950,5501,181
13543,18690,12873,180
13544,18714,12885,179
13545,18809,12953,181
13546,7961,5508,351
13547,18885,13006,179
13548,18891,13008,180
13549,18891,13008,1112
13550,7961,5508,348
13551,18906,13014,180
13552,7973,5520,179
13553,7976,5523,181
13554,8069,5589,179
13555,18906,13014,945
13556,8131,5629,181
13557,18906,13014,952
13558,18906,13014,964
13559,18906,13014,1112
13560,8147,5641,181
13561,18906,13014,1128
13562,18931,13023,940
13563,8271,5734,181
13564,18931,13023,941
13565,8501,5872,179
13566,18932,13023,180
13567,18932,13023,1112
13568,18934,13024,1032
13569,8516,5881,181
13570,8681,5982,181
13571,8681,5982,388
13572,18934,13024,1153
13573,8696,5990,530
13574,10405,7193,657
13575,8701,5993,530
13576,8760,6025,181
13577,8760,6025,388
13578,8841,6098,181
13579,8844,6100,547
13580,8926,6165,546
13581,8933,6170,181
13582,8944,6175,541
13583,8984,6211,180
13584,9005,6230,179
13585,9083,6290,181
13586,9085,6291,181
13587,9087,6292,181
13588,9144,6330,179
13589,9399,6542,181
13590,9444,6581,813
13591,9517,6635,181
13592,9531,6640,179
13593,9673,6718,179
13594,9677,6720,179
13595,9682,6723,181
13596,9690,6727,179
13597,9775,6786,180
13598,10453,7216,657
13599,9815,6801,179
13600,11932,8310,1241
13601,9815,6801,600
13602,19319,13133,1139
13603,9933,6912,180
13604,20384,13661,1144
13605,9950,6924,624
13606,10948,7557,700
13607,10014,6961,179
13608,18937,13025,1151
13609,18941,13026,180
13610,18941,13026,1112
13611,18942,13026,180
13612,18942,13026,1112
13613,18948,13028,180
13614,18948,13028,1112
13615,18948,13028,1213
13616,18954,13031,180
13617,18954,13031,1112
13618,18962,13033,1135
13619,18966,13035,180
13620,18966,13035,1000
13621,18966,13035,1012
13622,18966,13035,1112
13623,18966,13035,1119
13624,18975,13038,180
13625,18975,13038,1112
13626,18975,13038,1158
13627,18975,13038,1159
13628,18984,13041,180
13629,18984,13041,1112
13630,18997,13049,180
13631,18997,13049,1112
13632,19028,13064,179
13633,19033,13065,945
13634,19033,13065,952
13635,19033,13065,964
13636,19033,13065,1128
13637,19040,13068,179
13638,19050,13073,179
13639,19052,13074,963
13640,19063,13076,181
13641,19063,13076,1037
13642,19063,13076,1156
13643,19063,13076,1157
13644,10072,7000,181
13645,19069,13077,180
13646,10198,7082,638
13647,19069,13077,1112
13648,19071,13077,179
13649,10205,7087,179
13650,10227,7097,180
13651,10227,7097,638
13652,19093,13085,181
13653,19093,13085,1153
13654,19099,13087,180
13655,19099,13087,1112
13656,10270,7122,638
13657,19104,13089,180
13658,19104,13089,1112
13659,19139,13101,180
13660,19139,13101,1112
13661,10317,7155,180
13662,19147,13103,181
13663,19149,13104,971
13664,19149,13104,1014
13665,19149,13104,1043
13666,10317,7155,638
13667,19149,13104,1044
13668,24773,16726,87
13669,19152,13105,179
13670,19155,13106,180
13671,19155,13106,1112
13672,19188,13116,180
13673,19188,13116,1000
13674,19188,13116,1012
13675,19188,13116,1112
13676,19188,13116,1119
13677,19191,13116,1053
13678,19191,13116,1095
13679,19197,13119,180
13680,19197,13119,1112
13681,19197,13119,1123
13682,19202,13121,179
13683,19213,13125,180
13684,19213,13125,1112
13685,19216,13126,180
13686,19216,13126,1112
13687,19220,13127,941
13688,19220,13127,1042
13689,19220,13127,1060
13690,19233,13132,940
13691,19233,13132,941
13692,27635,18635,960
13693,19237,13133,180
13694,27690,18656,989
13695,19240,13133,180
13696,27696,18659,989
13697,19240,13133,1112
13698,27702,18662,989
13699,19243,13133,181
13700,27880,18773,998
13701,19246,13133,181
13702,27890,18780,998
13703,29365,19696,1349
13704,8729,6008,398
13705,10973,7571,700
13706,10990,7583,700
13707,20998,14036,1312
13708,27690,18656,990
13709,27696,18659,990
13710,27702,18662,990
13711,12444,8721,1292
13712,12503,8807,1292
13713,12535,8848,1292
13714,19254,13133,181
13715,19254,13133,1002
13716,19254,13133,1084
13717,19254,13133,1153
13718,19256,13133,180
13719,19256,13133,1112
13720,19267,13133,180
13721,19267,13133,1112
13722,19270,13133,181
13723,19273,13133,181
13724,19278,13133,179
13725,19286,13133,180
13726,19286,13133,1112
13727,19287,13133,179
13728,19289,13133,181
13729,19298,13133,179
13730,19299,13133,181
13731,19301,13133,180
13732,19301,13133,1112
13733,19302,13133,179
13734,19311,13133,180
13735,19311,13133,1112
13736,19324,13133,181
13737,19327,13133,180
13738,19327,13133,1112
13739,19332,13133,940
13740,19332,13133,1017
13741,19333,13133,180
13742,19333,13133,1112
13743,19345,13136,180
13744,19345,13136,1112
13745,19369,13144,181
13746,19382,13148,1213
13747,19394,13151,179
13748,19396,13151,940
13749,19403,13153,179
13750,19416,13157,180
13751,19416,13157,1030
13752,19416,13157,1112
13753,19427,13160,1165
13754,19432,13162,1153
13755,19437,13163,1199
13756,19485,13184,180
13757,19485,13184,1112
13758,19541,13212,180
13759,19541,13212,1112
13760,19550,13216,1087
13761,19577,13229,181
13762,19587,13229,180
13763,19587,13229,1112
13764,19590,13229,181
13765,19598,13229,180
13766,19598,13229,1112
13767,19601,13229,179
13768,19604,13229,180
13769,19604,13229,1112
13770,19608,13229,181
13771,19609,13229,179
13772,19618,13229,179
13773,19622,13229,181
13774,19626,13229,180
13775,19626,13229,1112
13776,19634,13229,181
13777,19636,13229,179
13778,19639,13229,181
13779,19649,13229,180
13780,19649,13229,1112
13781,19654,13229,181
13782,19656,13229,179
13783,19676,13229,181
13784,19677,13229,181
13785,19680,13231,180
13786,19680,13231,1112
13787,19695,13238,180
13788,19695,13238,1112
13789,19710,13245,180
13790,19710,13245,1112
13791,10338,7164,180
13792,19714,13247,180
13793,10338,7164,638
13794,10499,7253,181
13795,19714,13247,1112
13796,10517,7270,181
13797,19722,13251,180
13798,19722,13251,1112
13799,19722,13251,1158
13800,19722,13251,1159
13801,10562,7304,181
13802,10608,7338,181
13803,19733,13256,1165
13804,10619,7344,181
13805,19828,13327,971
13806,19828,13327,1009
13807,19828,13327,1014
13808,10784,7445,180
13809,19828,13327,1043
13810,19828,13327,1044
13811,19828,13327,1091
13812,19969,13459,180
13813,10790,7448,181
13814,10800,7454,181
13815,10834,7474,181
13816,10949,7558,181
13817,10949,7558,703
13818,19969,13459,1112
13819,19969,13459,1119
13820,10953,7560,702
13821,10955,7561,710
13822,19975,13461,180
13823,10955,7561,711
13824,19975,13461,1000
13825,19975,13461,1012
13826,19975,13461,1112
13827,10968,7569,179
13828,19975,13461,1119
13829,19978,13462,1088
13830,19983,13464,1156
13831,11083,7662,181
13832,19983,13464,1157
13833,19984,13464,180
13834,19984,13464,1000
13835,19984,13464,1012
13836,11085,7664,179
13837,11230,7753,181
13838,19984,13464,1112
13839,11260,7775,179
13840,19984,13464,1119
13841,19986,13465,1153
13842,19987,13465,180
13843,11332,7832,181
13844,19987,13465,1112
13845,19997,13472,940
13846,19997,13472,1053
13847,19997,13472,1060
13848,11345,7839,181
13849,19997,13472,1141
13850,20016,13483,180
13851,20016,13483,1112
13852,20016,13483,1213
13853,20023,13485,180
13854,20023,13485,1112
13855,20025,13486,1153
13856,20054,13497,180
13857,11370,7854,1212
13858,11370,7854,1208
13859,11377,7858,1218
13860,20054,13497,1112
13861,20054,13497,1123
13862,20067,13501,180
13863,20067,13501,1112
13864,11377,7858,1219
13865,20092,13515,1053
13866,20092,13515,1095
13867,20118,13528,180
13868,11394,7867,180
13869,11394,7867,1214
13870,20118,13528,1112
13871,20128,13533,180
13872,20128,13533,1112
13873,20204,13577,971
13874,11553,8017,179
13875,20204,13577,1009
13876,11554,8018,179
13877,11678,8112,1331
13878,11680,8114,179
13879,11755,8174,179
13880,20204,13577,1014
13881,20204,13577,1043
13882,20204,13577,1044
13883,11823,8216,180
13884,20204,13577,1091
13885,11853,8238,179
13886,11950,8325,179
13887,11960,8331,181
13888,20207,13578,1153
13889,20208,13579,180
13890,20208,13579,1112
13891,11977,8346,181
13892,11983,8350,180
13893,12046,8400,181
13894,12059,8407,179
13895,20265,13607,1135
13896,12085,8429,180
13897,12093,8437,179
13898,12176,8500,179
13899,12219,8522,179
13900,20271,13610,976
13901,12223,8524,179
13902,12330,8608,181
13903,12358,8634,179
13904,12360,8635,181
13905,12435,8712,179
13906,20274,13612,940
13907,20274,13612,941
13908,20274,13612,1055
13909,20286,13620,180
13910,20286,13620,1112
13911,12520,8832,180
13912,12596,8898,181
13913,12771,9033,179
13914,20291,13621,1135
13915,20295,13624,180
13916,20295,13624,995
13917,12795,9047,179
13918,20295,13624,1112
13919,20295,13624,1119
13920,20297,13624,1160
13921,20316,13632,1135
13922,12795,9047,13
13923,20317,13633,180
13924,20317,13633,1000
13925,20317,13633,1012
13926,20317,13633,1112
13927,12797,9049,15
13928,12908,9131,179
13929,12919,9138,181
13930,20317,13633,1119
13931,12921,9139,179
13932,20325,13637,971
13933,20325,13637,1009
13934,20325,13637,1014
13935,20325,13637,1043
13936,13041,9247,181
13937,13395,9494,180
13938,13443,9520,181
13939,20325,13637,1044
13940,20325,13637,1091
13941,20328,13639,922
13942,13500,9548,180
13943,13512,9554,180
13944,20328,13639,940
13945,20328,13639,941
13946,20328,13639,956
13947,20328,13639,1010
13948,13566,9604,181
13949,20328,13639,1017
13950,20328,13639,1042
13951,20328,13639,1045
13952,13653,9674,181
13953,20330,13640,1002
13954,20330,13640,1084
13955,20330,13640,1153
13956,13661,9679,179
13957,20343,13645,922
13958,20348,13647,922
13959,20350,13648,922
13960,20370,13655,922
13961,20370,13655,940
13962,20370,13655,941
13963,20370,13655,956
13964,20370,13655,1010
13965,20370,13655,1017
13966,13715,9711,179
13967,13723,9718,179
13968,20370,13655,1042
13969,13779,9769,179
13970,13799,9786,179
13971,14015,9853,181
13972,20370,13655,1045
13973,14086,9873,179
13974,14106,9879,179
13975,20382,13660,922
13976,14115,9883,106
13977,20382,13660,940
13978,20382,13660,1053
13979,20382,13660,1060
13980,20382,13660,1106
13981,20382,13660,1141
13982,14119,9886,181
13983,20387,13662,940
13984,20387,13662,941
13985,27623,18631,889
13986,27654,18644,884
13987,14173,9933,181
13988,14188,9942,179
13989,14206,9953,180
13990,27676,18650,899
13991,27676,18650,887
13992,27678,18651,887
13993,27681,18652,954
13994,27818,18735,844
13995,27823,18738,1004
13996,27914,18791,1015
13997,27952,18809,864
13998,14267,9982,180
13999,27956,18811,864
14000,27972,18820,864
14001,14268,9983,179
14002,14273,9985,179
14003,28011,18840,864
14004,14283,9991,180
14005,28030,18851,864
14006,29791,19975,24
14007,29791,19975,25
14008,14287,9993,181
14009,14362,10046,180
14010,14400,10059,180
14011,1096,733,195
14012,14402,10060,180
14013,2116,1414,349
14014,8691,5987,491
14015,8707,5996,485
14016,14434,10075,180
14017,8707,5996,490
14018,8741,6015,417
14019,8772,6031,518
14020,9477,6600,816
14021,9477,6600,815
14022,14434,10075,178
14023,14522,10146,181
14024,10350,7166,641
14025,14597,10202,179
14026,14626,10217,181
14027,14783,10326,279
14028,10370,7179,655
14029,14783,10326,277
14030,14793,10327,286
14031,14997,10424,229
14032,14997,10424,240
14033,10601,7334,666
14034,12523,8836,1307
14035,17654,12204,770
14036,15003,10428,181
14037,17671,12212,770
14038,15013,10435,181
14039,15018,10438,181
14040,15099,10488,262
14041,15220,10539,257
14042,15269,10573,180
14043,17734,12239,740
14044,15277,10581,180
14045,15292,10592,181
14046,15333,10622,181
14047,16095,11240,181
14048,16174,11303,179
14049,18889,13008,1099
14050,16180,11307,181
14051,18976,13038,1099
14052,18993,13046,1099
14053,18994,13047,1099
14054,16184,11311,179
14055,19022,13061,942
14056,16255,11366,181
14057,19090,13083,1099
14058,16373,11471,181
14059,19094,13085,1099
14060,19098,13087,1099
14061,19193,13116,1099
14062,16427,11499,180
14063,16442,11507,179
14064,16445,11508,181
14065,19196,13118,1099
14066,19426,13159,1179
14067,19436,13163,1099
14068,16503,11545,622
14069,16515,11554,181
14070,16526,11561,180
14071,16542,11569,181
14072,19445,13165,1099
14073,19522,13202,1099
14074,19544,13213,1099
14075,19556,13218,1099
14076,16589,11595,180
14077,16597,11599,181
14078,16636,11630,180
14079,16990,11909,728
14080,19681,13231,1099
14081,16994,11911,181
14082,19693,13237,1203
14083,19717,13248,1099
14084,19753,13266,1099
14085,16994,11911,727
14086,19769,13277,1099
14087,19787,13293,1099
14088,19808,13309,1099
14089,16994,11911,726
14090,16994,11911,730
14091,16995,11912,728
14092,19842,13340,1099
14093,19855,13353,1099
14094,19892,13390,1099
14095,17083,11957,180
14096,17105,11967,754
14097,17121,11972,754
14098,19894,13392,1099
14099,19904,13401,1148
14100,17127,11974,754
14101,17131,11976,754
14102,19930,13424,1099
14103,17164,11990,180
14104,19947,13440,1161
14105,19950,13442,1099
14106,20024,13485,1099
14107,17191,12002,754
14108,20040,13492,1099
14109,17222,12013,179
14110,17222,12013,754
14111,17231,12015,179
14112,20095,13516,1099
14113,20105,13522,1099
14114,17231,12015,754
14115,20129,13533,1099
14116,17233,12016,181
14117,17235,12017,179
14118,17235,12017,754
14119,20140,13541,1099
14120,20150,13546,1099
14121,17239,12019,179
14122,17239,12019,754
14123,20182,13566,1099
14124,17241,12020,179
14125,17241,12020,754
14126,17261,12029,180
14127,20248,13601,1099
14128,20256,13605,949
14129,20278,13615,1099
14130,17261,12029,753
14131,17295,12045,180
14132,17299,12047,754
14133,20294,13624,926
14134,20318,13633,1099
14135,20341,13644,926
14136,20420,13673,926
14137,20428,13676,1099
14138,17304,12049,754
14139,20464,13693,1099
14140,20575,13737,926
14141,20578,13738,1099
14142,20636,13760,1099
14143,17316,12055,180
14144,20639,13761,1099
14145,17332,12063,180
14146,17375,12084,180
14147,25956,17583,675
14148,27353,18505,884
14149,27355,18506,884
14150,17379,12086,754
14151,27772,18712,844
14152,27825,18739,1004
14153,27959,18813,864
14154,27979,18824,864
14155,17409,12100,754
14156,28020,18846,864
14157,28162,18964,1286
14158,29359,19693,3
14159,17445,12114,180
14160,1226,834,193
14161,2283,1640,557
14162,2283,1640,566
14163,2283,1640,636
14164,2283,1640,446
14165,2342,1690,630
14166,17475,12125,180
14167,2342,1690,634
14168,2342,1690,455
14169,17509,12143,754
14170,17566,12173,754
14171,2342,1690,494
14172,17573,12176,754
14173,17593,12177,180
14174,17617,12189,754
14175,17650,12202,754
14176,2342,1690,440
14177,17675,12214,754
14178,17712,12231,180
14179,17712,12231,745
14180,2342,1690,419
14181,17716,12233,754
14182,4048,2961,846
14183,17725,12236,754
14184,17784,12251,181
14185,17784,12251,776
14186,17817,12256,180
14187,4052,2963,846
14188,17817,12256,745
14189,17825,12260,180
14190,17837,12266,180
14191,6985,4829,305
14192,17925,12304,754
14193,8681,5982,407
14194,17946,12312,754
14195,18027,12349,181
14196,18341,12538,179
14197,18644,12833,180
14198,8694,5989,518
14199,18737,12899,874
14200,9446,6582,815
14201,10233,7100,641
14202,10235,7101,641
14203,10272,7123,641
14204,18795,12944,895
14205,18868,12999,180
14206,14783,10326,284
14207,18868,12999,1112
14208,18885,13006,940
14209,17669,12211,770
14210,18861,12996,1099
14211,18905,13014,1099
14212,18972,13037,1099
14213,18885,13006,1017
14214,18891,13008,1160
14215,18931,13023,1151
14216,18934,13024,180
14217,19025,13062,1099
14218,18934,13024,1030
14219,19037,13066,949
14220,19051,13073,1099
14221,19063,13076,1154
14222,19069,13077,1161
14223,18934,13024,1112
14224,18937,13025,940
14225,19092,13084,1099
14226,18937,13025,941
14227,19093,13085,1013
14228,19095,13086,1099
14229,19139,13101,1161
14230,18955,13031,180
14231,19157,13106,1099
14232,19187,13115,1099
14233,19216,13126,1161
14234,19301,13133,1203
14235,18955,13031,1112
14236,19388,13149,1099
14237,19416,13157,1161
14238,19541,13212,1161
14239,19686,13233,1099
14240,19695,13238,1203
14241,19740,13259,1099
14242,19756,13268,1099
14243,19776,13283,1099
14244,19793,13296,949
14245,18966,13035,1002
14246,19803,13306,1099
14247,19804,13307,1099
14248,19849,13347,1099
14249,18966,13035,1084
14250,18966,13035,1153
14251,19867,13365,1099
14252,18975,13038,1156
14253,19880,13378,1099
14254,19897,13395,1099
14255,19918,13412,1099
14256,19951,13443,1099
14257,18975,13038,1157
14258,18984,13041,1160
14259,19957,13449,1099
14260,19020,13060,179
14261,19961,13452,1099
14262,19983,13464,1154
14263,20000,13473,1099
14264,20010,13479,1099
14265,19033,13065,181
14266,20023,13485,1161
14267,20057,13497,1099
14268,20118,13528,1161
14269,20132,13535,1099
14270,19037,13066,180
14271,19037,13066,945
14272,20154,13550,1099
14273,19037,13066,952
14274,20205,13577,1099
14275,20211,13579,1099
14276,20232,13592,1099
14277,20250,13602,1099
14278,19037,13066,964
14279,19037,13066,1112
14280,20277,13614,1099
14281,19037,13066,1128
14282,20283,13618,1099
14283,20293,13623,1099
14284,20298,13624,1099
14285,19052,13074,179
14286,20328,13639,926
14287,19061,13076,180
14288,19061,13076,1112
14289,19063,13076,1158
14290,20329,13639,1099
14291,20343,13645,926
14292,20348,13647,926
14293,20350,13648,926
14294,20351,13648,1099
14295,20353,13649,1099
14296,20370,13655,926
14297,20382,13660,926
14298,19063,13076,1159
14299,20395,13665,1099
14300,27723,18673,981
14301,19069,13077,1153
14302,28096,18905,1268
14303,29791,19975,18
14304,711,419,140
14305,19077,13079,181
14306,8707,5996,433
14307,11893,8275,1227
14308,15096,10487,234
14309,19077,13079,1157
14310,19093,13085,958
14311,19408,13155,1144
14312,19093,13085,1026
14313,19454,13169,1139
14314,20123,13530,1139
14315,20269,13609,1144
14316,20568,13734,1144
14317,19093,13085,1027
14318,19093,13085,1033
14319,19093,13085,1146
14320,20590,13745,1144
14321,20640,13762,1185
14322,21730,14555,238
14323,19118,13094,181
14324,28091,18903,1268
14325,2342,1690,580
14326,5751,4009,246
14327,10450,7215,657
14328,11878,8262,1241
14329,11924,8303,1241
14330,19138,13101,181
14331,14997,10424,243
14332,18906,13014,1139
14333,19139,13101,1153
14334,19146,13103,180
14335,19146,13103,1112
14336,19033,13065,1139
14337,19149,13104,940
14338,19149,13104,941
14339,19077,13079,1144
14340,19149,13104,1010
14341,27692,18657,989
14342,27717,18670,989
14343,27823,18738,998
14344,19149,13104,1017
14345,19149,13104,1045
14346,29405,19724,1349
14347,19150,13104,179
14348,8680,5981,398
14349,19155,13106,1160
14350,13993,9848,103
14351,19164,13109,179
14352,19188,13116,1002
14353,19972,13460,1022
14354,24777,16730,87
14355,27710,18666,989
14356,19188,13116,1084
14357,27719,18671,989
14358,27825,18739,998
14359,29374,19701,1349
14360,19188,13116,1153
14361,19189,13116,179
14362,19191,13116,994
14363,2342,1690,627
14364,10953,7560,700
14365,27692,18657,990
14366,27717,18670,990
14367,19192,13116,1053
14368,27710,18666,990
14369,27719,18671,990
14370,19192,13116,1060
14371,19192,13116,1141
14372,28028,18850,866
14373,19197,13119,1160
14374,12436,8713,1292
14375,12537,8850,1292
14376,19199,13120,181
14377,19202,13121,940
14378,19205,13122,180
14379,19205,13122,1112
14380,19211,13124,181
14381,19216,13126,1153
14382,19219,13127,181
14383,19219,13127,1041
14384,19219,13127,1157
14385,19220,13127,976
14386,19220,13127,1155
14387,19233,13132,1151
14388,19237,13133,181
14389,19240,13133,181
14390,19243,13133,180
14391,19243,13133,1112
14392,19246,13133,180
14393,19246,13133,1112
14394,19254,13133,180
14395,19254,13133,1000
14396,19254,13133,1012
14397,19254,13133,1112
14398,19254,13133,1119
14399,19256,13133,181
14400,19260,13133,179
14401,19267,13133,181
14402,19270,13133,180
14403,19270,13133,1112
14404,19271,13133,179
14405,19273,13133,180
14406,19273,13133,1112
14407,19283,13133,179
14408,19286,13133,181
14409,19289,13133,180
14410,19289,13133,1112
14411,19299,13133,180
14412,19299,13133,1112
14413,19301,13133,181
14414,19302,13133,1204
14415,19303,13133,179
14416,19306,13133,179
14417,19311,13133,181
14418,19324,13133,180
14419,19324,13133,1112
14420,19327,13133,181
14421,19332,13133,179
14422,19332,13133,1110
14423,19333,13133,181
14424,19333,13133,1160
14425,19371,13144,180
14426,19371,13144,1112
14427,19380,13147,1196
14428,19382,13148,181
14429,19393,13150,1199
14430,19396,13151,938
14431,19396,13151,1050
14432,19396,13151,1149
14433,19406,13154,181
14434,19416,13157,1032
14435,19416,13157,1153
14436,19425,13159,180
14437,19425,13159,1112
14438,19432,13162,180
14439,19432,13162,1112
14440,19446,13165,180
14441,19446,13165,1112
14442,19466,13175,180
14443,19466,13175,1112
14444,19474,13179,180
14445,19474,13179,1112
14446,19479,13181,1151
14447,19496,13190,180
14448,19496,13190,1112
14449,19541,13212,1153
14450,19545,13214,180
14451,19545,13214,1112
14452,19550,13216,1088
14453,19577,13229,180
14454,19577,13229,1112
14455,19579,13229,179
14456,19582,13229,179
14457,19587,13229,181
14458,19590,13229,180
14459,19590,13229,1112
14460,19591,13229,179
14461,19598,13229,181
14462,19604,13229,181
14463,19608,13229,180
14464,19608,13229,1112
14465,19611,13229,179
14466,19622,13229,180
14467,19622,13229,1112
14468,19626,13229,181
14469,19628,13229,179
14470,19634,13229,180
14471,19634,13229,1112
14472,19639,13229,180
14473,19639,13229,1112
14474,19649,13229,181
14475,19652,13229,179
14476,19654,13229,180
14477,19654,13229,1112
14478,19660,13229,179
14479,19676,13229,180
14480,19676,13229,1112
14481,19677,13229,180
14482,19677,13229,1112
14483,19682,13231,180
14484,19682,13231,1112
14485,19716,13248,180
14486,19716,13248,1112
14487,19722,13251,1156
14488,19722,13251,1157
14489,19732,13255,180
14490,19732,13255,1112
14491,19793,13296,180
14492,19793,13296,945
14493,19793,13296,952
14494,19793,13296,964
14495,19793,13296,1112
14496,19793,13296,1128
14497,19820,13320,180
14498,19820,13320,995
14499,19820,13320,1112
14500,19820,13320,1119
14501,19828,13327,940
14502,19828,13327,941
14503,19828,13327,956
14504,19828,13327,1010
14505,19828,13327,1017
14506,19828,13327,1042
14507,19828,13327,1045
14508,27502,18572,889
14509,27638,18636,889
14510,27647,18641,954
14511,27784,18718,844
14512,27963,18815,864
14513,28008,18838,864
14514,28034,18853,864
14515,28255,19003,1066
14516,28350,19048,1101
14517,28377,19064,1059
14518,29357,19692,3
14519,2330,1681,385
14520,3571,2618,805
14521,8691,5987,449
14522,8707,5996,429
14523,8707,5996,443
14524,8707,5996,518
14525,8741,6015,518
14526,8770,6030,518
14527,9453,6586,815
14528,10299,7144,641
14529,14546,10160,872
14530,16902,11853,725
14531,17681,12217,770
14532,18863,12997,942
14533,18902,13013,942
14534,18903,13013,1099
14535,18916,13018,1099
14536,18935,13024,1099
14537,19001,13050,1099
14538,19021,13060,1099
14539,19053,13074,1099
14540,19156,13106,1161
14541,19165,13109,1099
14542,19198,13119,1099
14543,19200,13120,1099
14544,19212,13124,1099
14545,19314,13133,1179
14546,19318,13133,1099
14547,19370,13144,1099
14548,19378,13146,1099
14549,19413,13156,1099
14550,19417,13157,1099
14551,19430,13161,1179
14552,19454,13169,949
14553,19477,13180,1099
14554,19493,13188,1099
14555,19526,13204,1099
14556,19542,13212,1099
14557,19573,13227,1099
14558,19696,13238,1099
14559,19725,13252,1099
14560,19763,13271,1099
14561,19773,13281,1013
14562,19774,13281,1099
14563,19779,13286,1099
14564,19784,13291,1099
14565,19823,13322,1099
14566,19852,13350,1099
14567,19854,13352,1099
14568,19877,13375,1099
14569,19888,13386,1099
14570,19929,13423,1099
14571,19938,13432,1099
14572,19944,13437,1099
14573,19993,13469,1099
14574,20013,13480,1099
14575,20015,13482,1099
14576,20059,13498,1099
14577,20083,13510,1099
14578,20123,13530,949
14579,20162,13555,1099
14580,20170,13560,1099
14581,20178,13564,1099
14582,20273,13611,986
14583,20273,13611,1099
14584,20275,13612,1099
14585,20282,13617,926
14586,20308,13630,1154
14587,20314,13632,1099
14588,20334,13641,1099
14589,20360,13651,926
14590,20397,13666,926
14591,20419,13672,1099
14592,20431,13678,926
14593,20441,13683,1099
14594,20453,13687,1099
14595,20458,13690,1161
14596,20470,13696,1099
14597,20486,13703,1099
14598,20524,13721,1099
14599,20663,13774,1099
14600,25540,17297,669
14601,25544,17299,669
14602,27798,18725,844
14603,27800,18726,844
14604,27820,18736,844
14605,28024,18848,864
14606,28036,18854,864
14607,28296,19021,1105
14608,28388,19069,1066
14609,28875,19398,1066
14610,29422,19737,7
14611,1347,922,223
14612,2283,1640,630
14613,2283,1640,634
14614,2283,1640,455
14615,2283,1640,494
14616,2283,1640,440
14617,2283,1640,419
14618,2342,1690,557
14619,2342,1690,566
14620,2342,1690,636
14621,2342,1690,446
14622,3587,2630,805
14623,4058,2966,846
14624,5380,3796,218
14625,9444,6581,815
14626,10270,7122,641
14627,10338,7164,641
14628,12797,9049,14
14629,17661,12207,770
14630,17679,12216,770
14631,17683,12218,770
14632,17691,12222,770
14633,18865,12998,1099
14634,18900,13012,1099
14635,18906,13014,949
14636,18934,13024,1161
14637,18970,13036,1099
14638,18975,13038,1154
14639,19033,13065,949
14640,19101,13088,1099
14641,19108,13090,1099
14642,19153,13105,1099
14643,19361,13141,1099
14644,19392,13150,1099
14645,19398,13151,1099
14646,19427,13160,1179
14647,19432,13162,1161
14648,19442,13164,1099
14649,19478,13181,1099
14650,19501,13192,1099
14651,19509,13196,1099
14652,19567,13224,1099
14653,19722,13251,1154
14654,19762,13270,1099
14655,19772,13280,1099
14656,19775,13282,1099
14657,19785,13292,1099
14658,19796,13299,1099
14659,19798,13301,1099
14660,19812,13312,1099
14661,19833,13331,1099
14662,19847,13345,1099
14663,19872,13370,1099
14664,19889,13387,1099
14665,27692,18657,981
14666,27717,18670,981
14667,28099,18906,1268
14668,28103,18907,1268
14669,28377,19064,1062
14670,28377,19064,1063
14671,29791,19975,23
14672,727,430,140
14673,2425,1758,647
14674,5757,4013,246
14675,8691,5987,438
14676,8707,5996,474
14677,8857,6110,542
14678,10384,7186,657
14679,10399,7191,657
14680,11944,8320,1241
14681,19569,13225,1144
14682,20256,13605,1139
14683,20718,13819,162
14684,21734,14564,238
14685,27710,18666,981
14686,27719,18671,981
14687,2283,1640,580
14688,8891,6138,542
14689,8899,6145,542
14690,9450,6585,820
14691,10444,7213,657
14692,11864,8249,1241
14693,11947,8323,1241
14694,11952,8326,1241
14695,19037,13066,1139
14696,19793,13296,1139
14697,24812,16764,87
14698,27632,18634,904
14699,27723,18673,989
14700,8749,6019,398
14701,15068,10472,254
14702,2283,1640,627
14703,19256,13133,1022
14704,27723,18673,990
14705,28026,18849,866
14706,13616,9646,80
14707,20409,13669,180
14708,20409,13669,1112
14709,20414,13671,180
14710,20414,13671,1112
14711,20415,13671,940
14712,20415,13671,941
14713,20430,13677,180
14714,20430,13677,1112
14715,20433,13679,922
14716,20433,13679,940
14717,20433,13679,941
14718,20433,13679,1042
14719,20433,13679,1055
14720,20433,13679,1060
14721,20440,13683,180
14722,20440,13683,1112
14723,20446,13684,922
14724,20446,13684,1165
14725,20467,13694,1076
14726,20467,13694,1077
14727,20467,13694,1080
14728,20467,13694,1100
14729,20485,13703,180
14730,20485,13703,1112
14731,20495,13709,180
14732,20495,13709,1112
14733,20496,13709,1088
14734,20502,13711,1052
14735,20502,13711,1053
14736,20502,13711,1060
14737,20502,13711,1141
14738,20505,13713,940
14739,20505,13713,1042
14740,20533,13726,180
14741,20533,13726,1112
14742,20534,13726,940
14743,20534,13726,941
14744,20551,13731,180
14745,20551,13731,1112
14746,20566,13734,1160
14747,20569,13734,1160
14748,20573,13735,1097
14749,20614,13751,1039
14750,20628,13757,1002
14751,20628,13757,1153
14752,20634,13760,180
14753,20634,13760,1112
14754,20635,13760,179
14755,20637,13761,181
14756,20650,13767,180
14757,20650,13767,1112
14758,20654,13769,1157
14759,20662,13773,180
14760,20662,13773,1112
14761,20680,13785,169
14762,20681,13786,168
14763,20721,13821,180
14764,20736,13835,180
14765,20743,13841,180
14766,20744,13842,180
14767,20746,13843,157
14768,20746,13843,154
14769,20746,13843,163
14770,20758,13850,179
14771,20873,13922,1192
14772,20961,13988,179
14773,20967,13994,1335
14774,20992,14030,180
14775,20996,14034,180
14776,20997,14035,180
14777,21005,14045,180
14778,21129,14149,180
14779,21193,14186,181
14780,21193,14186,1257
14781,21193,14186,1259
14782,21199,14189,1234
14783,21201,14190,1253
14784,19958,13450,1165
14785,19969,13459,1002
14786,19969,13459,1084
14787,19969,13459,1153
14788,19975,13461,1002
14789,21233,14202,1255
14790,21233,14202,1257
14791,21233,14202,1259
14792,21241,14206,180
14793,19975,13461,1084
14794,21287,14241,181
14795,21306,14252,1282
14796,19975,13461,1153
14797,21306,14252,1273
14798,21311,14255,181
14799,21393,14303,181
14800,21583,14455,204
14801,19978,13462,1087
14802,19983,13464,180
14803,21639,14487,180
14804,19983,13464,1112
14805,19983,13464,1158
14806,21679,14509,181
14807,21729,14554,179
14808,21745,14587,179
14809,21863,14665,179
14810,19983,13464,1159
14811,19984,13464,1002
14812,19984,13464,1084
14813,19984,13464,1153
14814,22091,14781,179
14815,19986,13465,180
14816,19986,13465,1112
14817,22142,14795,181
14818,19997,13472,976
14819,22173,14823,179
14820,22386,14981,181
14821,22389,14983,180
14822,22394,14988,181
14823,22472,15051,179
14824,20018,13483,1210
14825,22680,15224,181
14826,22983,15400,179
14827,23045,15457,180
14828,23049,15461,180
14829,23378,15727,179
14830,23380,15728,181
14831,20023,13485,1153
14832,23392,15736,179
14833,23607,15903,241
14834,23670,15946,181
14835,20025,13486,180
14836,23673,15947,179
14837,23822,16051,181
14838,23826,16053,179
14839,24003,16189,179
14840,24080,16247,179
14841,20025,13486,1112
14842,20054,13497,1160
14843,24092,16255,181
14844,24134,16275,180
14845,20092,13515,994
14846,20099,13519,180
14847,24138,16277,180
14848,24146,16281,180
14849,24180,16298,180
14850,20099,13519,1112
14851,20118,13528,1153
14852,24214,16311,180
14853,20189,13570,180
14854,24308,16388,179
14855,24311,16389,181
14856,24312,16389,181
14857,24383,16451,585
14858,24386,16454,180
14859,24396,16466,180
14860,24407,16477,180
14861,20189,13570,1112
14862,24408,16478,180
14863,24448,16517,179
14864,20204,13577,940
14865,20204,13577,941
14866,24494,16555,180
14867,24499,16557,181
14868,20204,13577,956
14869,24547,16582,181
14870,24550,16583,181
14871,24559,16587,181
14872,20204,13577,1010
14873,20204,13577,1017
14874,24573,16594,179
14875,20204,13577,1042
14876,20204,13577,1045
14877,24574,16595,613
14878,20207,13578,180
14879,24579,16597,179
14880,24687,16665,180
14881,24831,16779,181
14882,25044,16977,180
14883,20207,13578,1112
14884,20226,13589,180
14885,25165,17079,179
14886,20226,13589,1112
14887,25181,17090,179
14888,25183,17091,1265
14889,25199,17101,1265
14890,25202,17103,1265
14891,20237,13596,180
14892,25207,17106,180
14893,25280,17153,181
14894,25300,17169,180
14895,20237,13596,1112
14896,25316,17182,181
14897,25343,17199,179
14898,25464,17265,181
14899,20258,13606,181
14900,25499,17279,668
14901,25578,17316,671
14902,25585,17322,181
14903,25595,17329,179
14904,20271,13610,940
14905,25603,17335,179
14906,25790,17456,179
14907,25795,17460,181
14908,20271,13610,941
14909,25805,17466,179
14910,25829,17481,684
14911,25839,17486,179
14912,20271,13610,1042
14913,25910,17548,181
14914,25943,17577,181
14915,26029,17636,181
14916,20271,13610,1055
14917,26154,17719,179
14918,26198,17735,181
14919,26198,17735,761
14920,26208,17738,181
14921,20274,13612,976
14922,26208,17738,760
14923,26208,17738,761
14924,26208,17738,734
14925,26226,17743,179
14926,20297,13624,180
14927,20297,13624,1112
14928,26250,17750,181
14929,20302,13626,922
14930,20317,13633,1002
14931,26250,17750,761
14932,20317,13633,1084
14933,26255,17752,179
14934,26346,17817,180
14935,26500,17879,181
14936,20317,13633,1153
14937,20325,13637,922
14938,20325,13637,940
14939,26500,17879,761
14940,20325,13637,941
14941,20325,13637,956
14942,26500,17879,732
14943,20325,13637,1010
14944,26530,17895,181
14945,26556,17914,179
14946,26867,18136,181
14947,27114,18351,179
14948,20325,13637,1017
14949,27164,18386,181
14950,27196,18412,179
14951,27204,18414,181
14952,20325,13637,1042
14953,20325,13637,1045
14954,20328,13639,971
14955,27221,18424,181
14956,20328,13639,1009
14957,20328,13639,1014
14958,20328,13639,1043
14959,27223,18425,179
14960,20328,13639,1044
14961,20328,13639,1091
14962,27326,18490,907
14963,20330,13640,180
14964,20330,13640,1000
14965,20330,13640,1012
14966,27326,18490,905
14967,20330,13640,1112
14968,20330,13640,1119
14969,20352,13649,922
14970,27326,18490,906
14971,27326,18490,936
14972,20370,13655,971
14973,20370,13655,1009
14974,27326,18490,179
14975,20370,13655,1014
14976,27329,18492,880
14977,27329,18492,931
14978,27329,18492,180
14979,27337,18496,907
14980,27337,18496,905
14981,27337,18496,906
14982,27337,18496,936
14983,20370,13655,1043
14984,20370,13655,1044
14985,20370,13655,1091
14986,20381,13659,1135
14987,27337,18496,179
14988,20382,13660,1104
14989,27349,18503,885
14990,27349,18503,932
14991,27360,18508,932
14992,27392,18522,932
14993,20387,13662,1151
14994,27404,18528,931
14995,27404,18528,180
14996,20415,13671,1151
14997,27424,18539,932
14998,27427,18540,907
14999,20433,13679,976
15000,20433,13679,1155
15001,27427,18540,905
15002,27427,18540,906
15003,20447,13685,180
15004,20447,13685,1112
15005,20452,13687,180
15006,27427,18540,936
15007,20452,13687,1112
15008,27442,18546,907
15009,27442,18546,905
15010,27442,18546,906
15011,20463,13692,922
15012,20467,13694,180
15013,20467,13694,996
15014,27442,18546,936
15015,27449,18549,932
15016,27451,18550,907
15017,20467,13694,1112
15018,20467,13694,1126
15019,20487,13704,181
15020,27451,18550,905
15021,20496,13709,1087
15022,20505,13713,1050
15023,27451,18550,906
15024,27451,18550,936
15025,20505,13713,1149
15026,27457,18553,932
15027,27482,18565,931
15028,20506,13713,1204
15029,27491,18568,932
15030,27499,18571,931
15031,27510,18575,931
15032,27513,18576,907
15033,20514,13716,1204
15034,27513,18576,905
15035,27513,18576,906
15036,27513,18576,933
15037,20533,13726,1160
15038,27513,18576,936
15039,27519,18579,931
15040,27521,18580,907
15041,27521,18580,905
15042,20534,13726,1151
15043,27521,18580,906
15044,27521,18580,936
15045,27530,18585,931
15046,27540,18591,885
15047,27540,18591,932
15048,27542,18592,931
15049,20541,13729,180
15050,20541,13729,1112
15051,27545,18593,907
15052,20566,13734,180
15053,20566,13734,1064
15054,27545,18593,905
15055,20566,13734,1112
15056,27545,18593,906
15057,27545,18593,936
15058,27563,18601,931
15059,27572,18606,885
15060,20569,13734,180
15061,27572,18606,932
15062,27579,18610,932
15063,27591,18616,932
15064,20569,13734,1112
15065,27603,18622,931
15066,20573,13735,180
15067,20573,13735,1112
15068,20599,13749,1135
15069,27615,18628,931
15070,27617,18629,880
15071,20606,13751,1039
15072,27617,18629,931
15073,27620,18630,877
15074,20614,13751,1053
15075,27620,18630,907
15076,27620,18630,905
15077,27620,18630,906
15078,27620,18630,936
15079,27620,18630,944
15080,27620,18630,947
15081,27620,18630,917
15082,27649,18642,932
15083,27652,18643,932
15084,27667,18646,931
15085,27683,18653,931
15086,27687,18655,974
15087,27721,18672,967
15088,27725,18674,978
15089,27780,18716,842
15090,20614,13751,1060
15091,20614,13751,1141
15092,20628,13757,180
15093,27796,18724,841
15094,20628,13757,1000
15095,20628,13757,1012
15096,27886,18778,1003
15097,27900,18785,1007
15098,27900,18785,1003
15099,20628,13757,1112
15100,20628,13757,1119
15101,27902,18786,1005
15102,20645,13764,180
15103,20645,13764,945
15104,20645,13764,952
15105,20645,13764,964
15106,20645,13764,1112
15107,20645,13764,1128
15108,27985,18827,858
15109,20650,13767,1160
15110,27985,18827,862
15111,27989,18829,868
15112,28058,18874,1265
15113,28070,18886,1265
15114,20654,13769,180
15115,28107,18911,1265
15116,28222,18990,179
15117,28272,19010,181
15118,28285,19016,181
15119,28285,19016,1019
15120,28285,19016,1073
15121,20654,13769,1112
15122,28285,19016,1040
15123,20662,13773,1160
15124,28285,19016,1067
15125,20666,13776,168
15126,28287,19017,179
15127,28300,19023,179
15128,28312,19029,1078
15129,20667,13777,168
15130,20669,13778,168
15131,20673,13780,168
15132,20677,13784,180
15133,28325,19035,1122
15134,20680,13785,166
15135,20729,13829,168
15136,28332,19039,181
15137,20734,13833,180
15138,20735,13834,168
15139,20741,13840,168
15140,28332,19039,1029
15141,28334,19040,179
15142,28334,19040,1074
15143,20746,13843,159
15144,20746,13843,161
15145,20746,13843,173
15146,28334,19040,1086
15147,20962,13989,181
15148,20972,14004,180
15149,28334,19040,1089
15150,28334,19040,1121
15151,20973,14005,180
15152,20993,14031,180
15153,28358,19053,181
15154,21002,14041,180
15155,21005,14045,181
15156,28381,19066,1118
15157,21006,14046,180
15158,21113,14140,180
15159,21129,14149,1234
15160,21183,14181,1231
15161,28397,19074,1111
15162,21233,14202,1239
15163,21241,14206,1234
15164,28441,19111,1021
15165,21306,14252,181
15166,28441,19111,1020
15167,28489,19126,1021
15168,28489,19126,1020
15169,28616,19221,181
15170,21306,14252,1277
15171,28778,19319,179
15172,28897,19412,180
15173,28927,19429,180
15174,21306,14252,1295
15175,28936,19438,180
15176,28979,19481,180
15177,21342,14281,1298
15178,21416,14317,181
15179,29027,19522,1274
15180,21416,14317,189
15181,29029,19524,179
15182,29030,19525,181
15183,29139,19583,1265
15184,21577,14453,207
15185,29139,19583,181
15186,21580,14454,207
15187,21639,14487,181
15188,21666,14501,180
15189,29141,19584,1265
15190,21721,14544,179
15191,29141,19584,181
15192,29158,19593,1265
15193,21723,14548,179
15194,29158,19593,181
15195,29173,19600,180
15196,29177,19602,180
15197,29188,19607,1265
15198,21758,14601,179
15199,29211,19621,1265
15200,29213,19622,180
15201,29219,19625,1266
15202,29245,19645,180
15203,21761,14603,181
15204,29261,19649,180
15205,29271,19656,180
15206,21976,14723,179
15207,22008,14731,181
15208,29297,19669,1265
15209,29361,19694,2
15210,22101,14786,181
15211,22175,14825,181
15212,29367,19697,6
15213,22184,14833,179
15214,29372,19700,6
15215,22187,14836,181
15216,22306,14920,179
15217,22319,14922,181
15218,22386,14981,180
15219,29378,19704,6
15220,22389,14983,181
15221,29461,19771,181
15222,22664,15216,179
15223,29515,19812,179
15224,29580,19864,12
15225,22741,15270,179
15226,22765,15278,179
15227,29580,19864,181
15228,22935,15373,179
15229,29583,19867,181
15230,23050,15461,180
15231,29604,19887,181
15232,29637,19904,179
15233,23144,15537,181
15234,23214,15591,179
15235,29656,19911,181
15236,29656,19911,30
15237,29656,19911,35
15238,29659,19913,179
15239,23221,15596,179
15240,29729,19952,34
15241,29729,19952,35
15242,23390,15735,181
15243,29797,19979,179
15244,30033,20207,179
15245,30116,20268,180
15246,30160,20305,181
15247,30204,20337,179
15248,30365,20454,181
15249,23393,15737,179
15250,23399,15742,179
15251,23531,15858,181
15252,23579,15882,181
15253,23794,16026,179
15254,30392,20473,180
15255,23899,16108,179
15256,23901,16109,179
15257,30396,20476,181
15258,24111,16264,180
15259,24136,16276,180
15260,30453,20522,1262
15261,24199,16306,181
15262,24313,16389,181
15263,24380,16448,179
15264,20422,13673,1099
15265,20424,13674,1099
15266,20433,13679,926
15267,20446,13684,926
15268,20467,13694,1108
15269,24381,16449,179
15270,20478,13700,1099
15271,20493,13707,1099
15272,24383,16451,179
15273,24416,16486,180
15274,20502,13711,1148
15275,24425,16495,1147
15276,20529,13723,1099
15277,20574,13736,1099
15278,20627,13756,1099
15279,20629,13757,1099
15280,24499,16557,180
15281,20645,13764,949
15282,21193,14186,1235
15283,26208,17738,736
15284,26470,17874,729
15285,24547,16582,180
15286,24550,16583,180
15287,24613,16624,610
15288,27611,18626,887
15289,24636,16635,179
15290,24677,16659,179
15291,24678,16660,181
15292,27626,18632,924
15293,27802,18727,844
15294,27810,18731,844
15295,24681,16662,179
15296,24738,16696,181
15297,28040,18856,864
15298,28859,19386,1101
15299,24796,16748,85
15300,29367,19697,7
15301,29372,19700,7
15302,25044,16977,181
15303,29378,19704,7
15304,25179,17088,179
15305,29399,19719,1351
15306,25183,17091,180
15307,25186,17093,1265
15308,25186,17093,181
15309,25199,17101,180
15310,29656,19911,38
15311,20467,13694,1071
15312,27712,18667,981
15313,25207,17106,1265
15314,27721,18672,981
15315,27727,18675,981
15316,20541,13729,1022
15317,25222,17115,1265
15318,25293,17163,180
15319,25568,17312,668
15320,25592,17327,181
15321,25798,17462,181
15322,25801,17464,181
15323,25812,17470,181
15324,25833,17483,181
15325,25835,17484,179
15326,25980,17606,181
15327,26118,17688,179
15328,26182,17727,179
15329,26182,17727,741
15330,26195,17733,179
15331,26197,17734,179
15332,26208,17738,180
15333,26208,17738,749
15334,26208,17738,724
15335,26211,17739,181
15336,26211,17739,761
15337,26470,17874,179
15338,26483,17876,179
15339,26483,17876,718
15340,26483,17876,738
15341,26530,17895,180
15342,26546,17905,794
15343,26572,17924,181
15344,26795,18078,179
15345,26804,18084,179
15346,27132,18361,181
15347,27154,18380,181
15348,27329,18492,885
15349,27329,18492,921
15350,27329,18492,932
15351,27329,18492,181
15352,27342,18499,907
15353,27342,18499,905
15354,27342,18499,906
15355,27342,18499,936
15356,27349,18503,880
15357,27349,18503,931
15358,27349,18503,180
15359,27360,18508,931
15360,27392,18522,931
15361,27392,18522,180
15362,27404,18528,932
15363,27420,18537,907
15364,27420,18537,905
15365,27420,18537,906
15366,27420,18537,936
15367,27424,18539,931
15368,27449,18549,931
15369,27457,18553,931
15370,27482,18565,932
15371,27491,18568,931
15372,27499,18571,932
15373,27510,18575,932
15374,27519,18579,932
15375,27530,18585,932
15376,27540,18591,880
15377,27540,18591,931
15378,27540,18591,180
15379,27542,18592,930
15380,27542,18592,932
15381,27551,18597,907
15382,27551,18597,905
15383,27551,18597,906
15384,27551,18597,936
15385,27563,18601,932
15386,27572,18606,880
15387,27572,18606,931
15388,27579,18610,931
15389,27591,18616,931
15390,27603,18622,932
15391,27611,18626,907
15392,27611,18626,905
15393,27611,18626,906
15394,27611,18626,936
15395,27611,18626,179
15396,27613,18627,907
15397,27613,18627,905
15398,27613,18627,906
15399,27613,18627,936
15400,27615,18628,932
15401,27617,18629,885
15402,27617,18629,932
15403,27620,18630,900
15404,27620,18630,935
15405,27620,18630,948
15406,27620,18630,953
15407,27620,18630,925
15408,27620,18630,927
15409,27626,18632,907
15410,27626,18632,905
15411,27626,18632,906
15412,27626,18632,936
15413,27649,18642,931
15414,27652,18643,931
15415,27660,18645,907
15416,27660,18645,905
15417,27660,18645,906
15418,27660,18645,936
15419,27660,18645,179
15420,27344,18500,931
15421,27667,18646,932
15422,27344,18500,180
15423,27667,18646,181
15424,27346,18501,907
15425,27683,18653,932
15426,27346,18501,905
15427,27687,18655,978
15428,27346,18501,906
15429,27687,18655,179
15430,27346,18501,936
15431,27698,18660,978
15432,27366,18511,932
15433,27712,18667,980
15434,27366,18511,886
15435,27721,18672,980
15436,27368,18512,885
15437,27727,18675,980
15438,27368,18512,932
15439,27802,18727,842
15440,27377,18515,932
15441,27384,18518,932
15442,27810,18731,842
15443,27388,18520,931
15444,27851,18758,1005
15445,27389,18521,907
15446,27865,18765,1005
15447,27389,18521,905
15448,27869,18767,1005
15449,27389,18521,906
15450,27944,18806,180
15451,27396,18524,931
15452,27944,18806,1008
15453,27396,18524,180
15454,27989,18829,851
15455,27400,18526,907
15456,27989,18829,850
15457,27400,18526,905
15458,28000,18835,868
15459,27400,18526,906
15460,28040,18856,858
15461,27400,18526,936
15462,28040,18856,862
15463,27402,18527,932
15464,28064,18880,1265
15465,27416,18535,907
15466,28067,18883,1265
15467,27416,18535,905
15468,28071,18887,1265
15469,27416,18535,906
15470,28087,18902,1265
15471,27416,18535,936
15472,28087,18902,1269
15473,27418,18536,907
15474,28131,18934,181
15475,27418,18536,905
15476,28164,18965,181
15477,27418,18536,906
15478,28251,19001,181
15479,27418,18536,936
15480,28285,19016,1120
15481,27430,18541,931
15482,28285,19016,1118
15483,27433,18542,931
15484,28300,19023,1058
15485,27437,18544,907
15486,28300,19023,1057
15487,27437,18544,905
15488,28312,19029,179
15489,27437,18544,906
15490,28312,19029,1074
15491,27437,18544,936
15492,28312,19029,1086
15493,27467,18558,907
15494,28312,19029,1089
15495,27467,18558,905
15496,28312,19029,1121
15497,27467,18558,906
15498,28322,19034,181
15499,27467,18558,936
15500,28325,19035,1089
15501,27471,18560,932
15502,28325,19035,179
15503,27475,18562,885
15504,28332,19039,1120
15505,27475,18562,932
15506,28334,19040,1078
15507,27479,18564,907
15508,28373,19063,179
15509,27479,18564,905
15510,28381,19066,181
15511,27479,18564,906
15512,28381,19066,1073
15513,27494,18569,907
15514,28381,19066,1082
15515,27494,18569,905
15516,28794,19334,1092
15517,27494,18569,906
15518,28867,19392,181
15519,27494,18569,936
15520,28892,19409,180
15521,27502,18572,931
15522,28946,19448,180
15523,27515,18577,932
15524,28947,19449,180
15525,27537,18590,931
15526,28960,19462,180
15527,27561,18600,907
15528,28963,19465,180
15529,27561,18600,905
15530,28970,19472,180
15531,27561,18600,906
15532,29027,19522,181
15533,27561,18600,936
15534,29068,19549,179
15535,29077,19558,180
15536,27568,18604,907
15537,29173,19600,1265
15538,27568,18604,905
15539,29177,19602,1265
15540,27568,18604,906
15541,29213,19622,1265
15542,27568,18604,936
15543,29219,19625,1265
15544,27575,18608,931
15545,29222,19627,1265
15546,27581,18611,907
15547,29230,19632,1265
15548,27581,18611,905
15549,29238,19639,1265
15550,27581,18611,906
15551,29239,19640,1265
15552,27581,18611,936
15553,29245,19645,1265
15554,27581,18611,944
15555,29251,19647,1265
15556,27581,18611,947
15557,29259,19648,1265
15558,27605,18623,907
15559,29261,19649,1265
15560,27605,18623,905
15561,29271,19656,1265
15562,27605,18623,906
15563,29297,19669,180
15564,27605,18623,936
15565,29304,19673,1279
15566,27607,18624,931
15567,29363,19695,2
15568,27609,18625,931
15569,29383,19708,1354
15570,27623,18631,932
15571,29399,19719,5
15572,27623,18631,943
15573,29528,19823,180
15574,27629,18633,932
15575,29580,19864,10
15576,27632,18634,907
15577,29583,19867,10
15578,27632,18634,905
15579,29583,19867,180
15580,27632,18634,906
15581,29656,19911,29
15582,27632,18634,936
15583,29680,19923,180
15584,27638,18636,931
15585,29701,19934,180
15586,27643,18639,932
15587,29778,19968,180
15588,30081,20242,181
15589,30083,20243,180
15590,27643,18639,181
15591,30105,20258,180
15592,27647,18641,931
15593,30363,20453,180
15594,27654,18644,885
15595,30365,20454,180
15596,30396,20476,180
15597,27654,18644,932
15598,19898,13396,1099
15599,27674,18649,931
15600,27676,18650,932
15601,27676,18650,886
15602,27678,18651,932
15603,27678,18651,886
15604,27678,18651,891
15605,27681,18652,932
15606,27692,18657,978
15607,27717,18670,978
15608,27730,18676,181
15609,27784,18718,841
15610,27804,18728,842
15611,27823,18738,179
15612,27827,18740,1005
15613,27836,18747,1007
15614,27910,18789,1005
15615,27912,18790,181
15616,27914,18791,1016
15617,27914,18791,179
15618,27947,18807,180
15619,27947,18807,1008
15620,27952,18809,868
15621,27956,18811,868
15622,27961,18814,852
15623,27968,18818,852
15624,27972,18820,868
15625,27993,18831,854
15626,27993,18831,858
15627,27993,18831,862
15628,28008,18838,851
15629,28008,18838,850
15630,28008,18838,859
15631,28011,18840,868
15632,28026,18849,855
15633,28026,18849,858
15634,28026,18849,862
15635,28030,18851,868
15636,28032,18852,854
15637,28032,18852,855
15638,28032,18852,858
15639,28032,18852,862
15640,28081,18897,1265
15641,28085,18901,1265
15642,28096,18905,1265
15643,28096,18905,1269
15644,28119,18923,1265
15645,28242,18995,1023
15646,28261,19006,179
15647,28261,19006,1074
15648,28261,19006,1089
15649,28261,19006,1121
15650,28263,19007,181
15651,28267,19008,1120
15652,28303,19025,179
15653,28314,19030,179
15654,28319,19032,179
15655,28328,19037,181
15656,28342,19044,1085
15657,28350,19048,181
15658,28350,19048,1073
15659,28350,19048,1079
15660,28377,19064,1078
15661,28387,19068,179
15662,28454,19124,1111
15663,28572,19181,1021
15664,28572,19181,1020
15665,28832,19366,1120
15666,28853,19383,1025
15667,28853,19383,1085
15668,28884,19405,180
15669,28938,19440,180
15670,28969,19471,180
15671,28978,19480,180
15672,29015,19511,181
15673,29066,19548,179
15674,29089,19564,180
15675,29153,19592,179
15676,29165,19596,180
15677,29195,19611,1265
15678,29202,19615,180
15679,29228,19631,180
15680,29240,19641,1265
15681,29242,19643,1265
15682,29276,19658,180
15683,29290,19666,1265
15684,29344,19684,1265
15685,29350,19687,1265
15686,29357,19692,1354
15687,29397,19718,179
15688,29405,19724,1357
15689,29405,19724,1359
15690,29405,19724,2
15691,29405,19724,6
15692,29535,19826,179
15693,29546,19830,180
15694,29549,19833,180
15695,29590,19874,9
15696,29591,19875,180
15697,29591,19875,10
15698,29592,19876,181
15699,29616,19895,179
15700,29645,19908,179
15701,29653,19910,179
15702,29688,19927,180
15703,29693,19930,180
15704,29790,19974,180
15705,29793,19976,26
15706,29817,19998,179
15707,30038,20211,181
15708,30062,20230,180
15709,30064,20232,179
15710,30068,20235,181
15711,30121,20271,180
15712,30200,20335,179
15713,30210,20343,179
15714,30277,20390,181
15715,30313,20413,180
15716,30321,20415,181
15717,30327,20418,180
15718,30398,20477,180
15719,216,130,181
15720,445,275,180
15721,454,278,180
15722,579,328,179
15723,605,343,179
15724,605,343,150
15725,700,411,180
15726,772,471,179
15727,957,631,179
15728,1015,677,180
15729,1063,714,179
15730,1096,733,179
15731,19908,13404,1099
15732,1246,852,179
15733,1312,898,179
15734,19922,13416,1099
15735,1424,959,180
15736,19937,13431,1099
15737,1433,964,180
15738,19946,13439,1099
15739,1438,967,180
15740,19986,13465,1161
15741,1442,970,180
15742,20022,13484,1099
15743,1479,1001,180
15744,20025,13486,1161
15745,1560,1061,179
15746,20026,13486,1099
15747,1593,1082,180
15748,20032,13489,1099
15749,1603,1087,179
15750,20066,13500,1099
15751,1697,1150,181
15752,20090,13513,1099
15753,1709,1158,179
15754,20148,13545,1099
15755,1843,1239,181
15756,20168,13559,1099
15757,1847,1241,179
15758,20172,13561,1099
15759,1882,1260,295
15760,20174,13562,1099
15761,1909,1276,179
15762,20197,13573,1099
15763,1931,1291,295
15764,20226,13589,1203
15765,1945,1294,179
15766,20264,13607,1099
15767,1971,1307,181
15768,20302,13626,926
15769,20325,13637,926
15770,2022,1340,325
15771,20331,13640,1099
15772,2022,1340,323
15773,20352,13649,926
15774,2023,1341,179
15775,20368,13654,926
15776,2061,1372,339
15777,20391,13663,1099
15778,2089,1389,330
15779,20418,13672,926
15780,2281,1639,431
15781,20446,13684,1179
15782,2281,1639,432
15783,20463,13692,926
15784,2330,1681,378
15785,20531,13724,1099
15786,2330,1681,552
15787,20539,13728,1099
15788,2330,1681,561
15789,20570,13734,1099
15790,2330,1681,594
15791,20647,13765,1099
15792,2330,1681,527
15793,24613,16624,609
15794,2330,1681,467
15795,25578,17316,669
15796,2330,1681,469
15797,26791,18076,773
15798,2330,1681,473
15799,27337,18496,899
15800,2344,1691,544
15801,27513,18576,889
15802,2349,1694,550
15803,27620,18630,954
15804,2349,1694,551
15805,27620,18630,924
15806,2511,1822,649
15807,27780,18716,844
15808,2511,1822,663
15809,27985,18827,864
15810,2527,1836,181
15811,28285,19016,1066
15812,20447,13685,1185
15813,20452,13687,1185
15814,20467,13694,961
15815,20645,13764,1139
15816,20654,13769,1144
15817,20670,13778,162
15818,27342,18499,876
15819,27620,18630,950
15820,20467,13694,1069
15821,24783,16735,87
15822,24791,16743,87
15823,27712,18667,989
15824,27721,18672,989
15825,27727,18675,989
15826,27712,18667,990
15827,27721,18672,990
15828,27727,18675,990
15829,2620,1915,179
15830,2664,1952,693
15831,2674,1960,694
15832,2683,1966,686
15833,2707,1979,181
15834,2721,1988,180
15835,3001,2222,180
15836,3112,2303,181
15837,3176,2341,778
15838,3176,2341,781
15839,3176,2341,179
15840,3221,2373,181
15841,3326,2440,180
15842,3480,2552,790
15843,3480,2552,804
15844,3537,2591,790
15845,3959,2879,179
15846,4076,2974,181
15847,4081,2978,1362
15848,4090,2982,1360
15849,4140,3014,1355
15850,4166,3029,181
15851,4169,3031,179
15852,4304,3120,180
15853,4304,3120,178
15854,4308,3122,180
15855,4308,3122,178
15856,4310,3123,180
15857,4310,3123,178
15858,4334,3138,180
15859,4334,3138,178
15860,4340,3141,180
15861,4340,3141,178
15862,4363,3146,181
15863,4363,3146,186
15864,4678,3344,179
15865,4698,3356,179
15866,4708,3360,181
15867,4715,3363,179
15868,4877,3466,181
15869,4998,3523,181
15870,5112,3608,181
15871,5122,3617,179
15872,5149,3637,179
15873,5237,3700,181
15874,5393,3805,181
15875,5453,3851,181
15876,5597,3947,181
15877,5609,3952,179
15878,5757,4013,248
15879,5898,4094,249
15880,6086,4186,249
15881,6097,4190,249
15882,6127,4202,259
15883,6127,4202,258
15884,6127,4202,256
15885,6143,4209,248
15886,6162,4222,181
15887,6164,4224,179
15888,6204,4253,181
15889,6221,4264,179
15890,6275,4303,280
15891,6317,4336,179
15892,6469,4469,181
15893,6578,4533,179
15894,6631,4568,1322
15895,6664,4591,1322
15896,6884,4779,313
15897,6911,4788,313
15898,7042,4868,298
15899,7286,5060,181
15900,7288,5061,180
15901,7335,5090,179
15902,7335,5090,332
15903,7337,5091,179
15904,7355,5096,181
15905,7362,5099,179
15906,7379,5108,181
15907,7657,5315,179
15908,7876,5457,181
15909,8059,5587,181
15910,8142,5637,353
15911,8149,5643,181
15912,8269,5732,179
15913,8272,5735,181
15914,8420,5830,181
15915,8487,5864,179
15916,8503,5874,181
15917,8634,5960,181
15918,8647,5962,181
15919,8673,5977,388
15920,8691,5987,422
15921,8691,5987,437
15922,8691,5987,444
15923,8691,5987,458
15924,8691,5987,515
15925,8691,5987,464
15926,8691,5987,472
15927,8691,5987,478
15928,8691,5987,505
15929,8703,5994,530
15930,8707,5996,392
15931,8707,5996,418
15932,8707,5996,421
15933,8707,5996,441
15934,8707,5996,453
15935,8707,5996,454
15936,8707,5996,434
15937,8707,5996,445
15938,8707,5996,479
15939,8707,5996,507
15940,8707,5996,511
15941,8707,5996,463
15942,8707,5996,468
15943,8707,5996,483
15944,8707,5996,486
15945,8707,5996,487
15946,8707,5996,488
15947,8707,5996,503
15948,8741,6015,392
15949,8749,6019,530
15950,8751,6020,530
15951,8758,6024,530
15952,8768,6029,416
15953,8772,6031,530
15954,8840,6097,547
15955,8959,6186,180
15956,8991,6218,181
15957,9061,6275,181
15958,9092,6295,179
15959,9139,6326,181
15960,9141,6327,181
15961,9143,6329,179
15962,9259,6430,291
15963,9271,6436,179
15964,9273,6437,180
15965,9310,6471,180
15966,9441,6578,179
15967,9442,6579,181
15968,9453,6586,817
15969,9453,6586,180
15970,9477,6600,181
15971,9660,6714,598
15972,9680,6722,179
15973,9797,6796,179
15974,9937,6914,181
15975,9943,6919,624
15976,9980,6943,624
15977,10010,6959,624
15978,10021,6964,624
15979,10081,7006,179
15980,10160,7062,638
15981,10170,7067,180
15982,10170,7067,638
15983,10190,7077,180
15984,10190,7077,638
15985,10201,7084,179
15986,10204,7086,179
15987,10210,7089,181
15988,10258,7115,638
15989,10260,7116,180
15990,10260,7116,638
15991,10278,7128,638
15992,10280,7130,638
15993,10285,7133,638
15994,10286,7134,638
15995,10299,7144,642
15996,10321,7157,181
15997,10370,7179,181
15998,10514,7268,181
15999,10601,7334,181
16000,10765,7431,667
16001,10801,7455,181
16002,10853,7484,180
16003,10872,7496,179
16004,10940,7553,708
16005,10979,7576,180
16006,11035,7620,822
16007,11038,7621,179
16008,11140,7705,181
16009,11149,7707,179
16010,11247,7768,179
16011,11249,7769,181
16012,11334,7833,181
16013,11346,7840,181
16014,11366,7852,1205
16015,11366,7852,1193
16016,11366,7852,179
16017,11366,7852,1215
16018,11400,7870,180
16019,11400,7870,1214
16020,11687,8117,181
16021,11850,8236,179
16022,11944,8320,1247
16023,11944,8320,1248
16024,12057,8406,179
16025,12131,8469,179
16026,12139,8474,1328
16027,12217,8521,179
16028,12304,8587,181
16029,12332,8609,179
16030,12446,8726,180
16031,12515,8822,1147
16032,12519,8828,179
16033,12527,8840,1290
16034,12531,8844,1318
16035,12541,8860,1306
16036,12606,8905,179
16037,12728,9010,181
16038,12749,9022,180
16039,12769,9032,181
16040,12931,9144,180
16041,12945,9152,179
16042,12955,9156,180
16043,13236,9412,179
16044,13267,9430,181
16045,13316,9458,180
16046,13355,9476,180
16047,13392,9492,180
16048,13427,9511,180
16049,13428,9512,180
16050,13431,9513,180
16051,13451,9524,180
16052,13496,9546,180
16053,13505,9551,180
16054,13507,9552,180
16055,13526,9566,181
16056,13672,9687,180
16057,13693,9699,179
16058,13718,9714,179
16059,13843,9826,181
16060,13993,9848,104
16061,14066,9867,180
16062,14114,9883,96
16063,14134,9900,180
16064,14149,9912,181
16065,14248,9973,180
16066,14276,9988,180
16067,14293,9996,181
16068,14414,10065,180
16069,14414,10065,178
16070,14437,10076,151
16071,14440,10077,180
16072,14440,10077,178
16073,14569,10181,179
16074,14588,10195,181
16075,14623,10215,179
16076,14879,10380,179
16077,14954,10397,181
16078,15006,10429,179
16079,15019,10439,179
16080,15096,10487,229
16081,15096,10487,240
16082,15128,10507,250
16083,15334,10623,179
16084,15339,10627,179
16085,15352,10632,181
16086,15839,10989,179
16087,16101,11244,179
16088,16352,11453,179
16089,16399,11479,181
16090,16429,11500,180
16091,16457,11514,179
16092,16511,11552,181
16093,16513,11553,180
16094,16517,11556,8
16095,16539,11568,180
16096,16548,11572,179
16097,16566,11582,180
16098,16574,11586,180
16099,16719,11682,701
16100,16719,11682,699
16101,16735,11697,179
16102,16739,11700,181
16103,16801,11761,181
16104,16902,11853,728
16105,17075,11954,754
16106,17087,11960,754
16107,17133,11977,754
16108,17150,11984,179
16109,17150,11984,754
16110,17160,11988,179
16111,17160,11988,754
16112,17247,12022,754
16113,17251,12024,754
16114,17257,12027,180
16115,17351,12072,180
16116,17369,12081,180
16117,17411,12101,180
16118,17416,12103,754
16119,17433,12109,180
16120,17505,12141,754
16121,17507,12142,764
16122,17518,12147,754
16123,17534,12155,754
16124,17603,12183,180
16125,17611,12186,180
16126,17615,12188,180
16127,17654,12204,754
16128,17671,12212,754
16129,17696,12225,774
16130,17703,12228,754
16131,17808,12252,181
16132,17835,12265,743
16133,17847,12271,180
16134,17865,12278,180
16135,17882,12285,754
16136,17895,12290,754
16137,17900,12292,754
16138,17906,12295,754
16139,17910,12297,754
16140,17944,12311,180
16141,18019,12348,179
16142,18046,12359,179
16143,18054,12363,181
16144,18286,12494,181
16145,18288,12495,181
16146,18368,12564,181
16147,18370,12565,181
16148,18408,12601,179
16149,18581,12773,179
16150,18709,12883,180
16151,18722,12889,895
16152,18863,12997,180
16153,18863,12997,958
16154,18863,12997,1112
16155,18863,12997,1146
16156,18872,13001,1196
16157,18894,13010,180
16158,18894,13010,1112
16159,18901,13012,1097
16160,18902,13013,180
16161,18902,13013,958
16162,18902,13013,1112
16163,18902,13013,1146
16164,18908,13015,180
16165,18908,13015,1112
16166,18919,13020,179
16167,18925,13022,180
16168,18925,13022,1112
16169,18940,13026,180
16170,18940,13026,1112
16171,18944,13027,180
16172,18944,13027,1112
16173,18953,13031,180
16174,18953,13031,1030
16175,18953,13031,1112
16176,18959,13033,1002
16177,18959,13033,1084
16178,18959,13033,1153
16179,18960,13033,180
16180,18960,13033,1112
16181,19000,13050,1053
16182,19000,13050,1095
16183,19013,13057,179
16184,19013,13057,994
16185,19022,13061,181
16186,19022,13061,1084
16187,19022,13061,1153
16188,19034,13065,180
16189,19034,13065,1112
16190,19035,13066,1151
16191,19059,13076,994
16192,19076,13079,940
16193,19076,13079,941
16194,19076,13079,956
16195,19076,13079,1010
16196,19076,13079,1017
16197,19076,13079,1042
16198,19076,13079,1045
16199,19080,13080,181
16200,19082,13081,940
16201,19082,13081,941
16202,19100,13088,179
16203,19122,13096,1042
16204,19131,13098,181
16205,19135,13100,180
16206,19135,13100,1112
16207,19158,13106,965
16208,19159,13107,181
16209,19162,13108,1046
16210,19167,13110,940
16211,19167,13110,941
16212,19167,13110,956
16213,19167,13110,1010
16214,19167,13110,1017
16215,19167,13110,1045
16216,19171,13110,180
16217,19171,13110,1112
16218,19171,13110,1162
16219,19174,13110,1199
16220,19179,13111,1135
16221,19182,13113,1153
16222,19186,13115,181
16223,19195,13118,179
16224,19195,13118,994
16225,19203,13121,940
16226,19203,13121,941
16227,19222,13128,1002
16228,19222,13128,1084
16229,19222,13128,1153
16230,19223,13128,179
16231,19223,13128,1145
16232,19241,13133,179
16233,19244,13133,180
16234,19244,13133,1112
16235,19245,13133,179
16236,19252,13133,181
16237,19268,13133,180
16238,19268,13133,1112
16239,19280,13133,180
16240,19280,13133,1064
16241,19280,13133,1112
16242,19281,13133,181
16243,19291,13133,179
16244,19292,13133,181
16245,19292,13133,1157
16246,19295,13133,180
16247,19295,13133,1112
16248,19297,13133,181
16249,19300,13133,181
16250,19304,13133,181
16251,19305,13133,180
16252,19305,13133,1112
16253,19308,13133,179
16254,19310,13133,180
16255,19310,13133,1112
16256,19312,13133,180
16257,19312,13133,1112
16258,19314,13133,181
16259,19317,13133,181
16260,19321,13133,181
16261,19331,13133,181
16262,19335,13133,180
16263,19335,13133,1112
16264,19337,13133,180
16265,19337,13133,1112
16266,19357,13140,181
16267,19362,13141,180
16268,19362,13141,1112
16269,19363,13142,180
16270,19363,13142,1112
16271,19364,13142,180
16272,19364,13142,1112
16273,19366,13143,181
16274,19377,13146,180
16275,19377,13146,1112
16276,19408,13155,976
16277,19410,13156,181
16278,19410,13156,1032
16279,19414,13157,181
16280,19430,13161,181
16281,19439,13164,180
16282,19439,13164,1112
16283,19441,13164,180
16284,19441,13164,1112
16285,19447,13166,181
16286,19451,13168,180
16287,19451,13168,1112
16288,19455,13170,180
16289,19455,13170,1112
16290,19490,13187,180
16291,19490,13187,1112
16292,19521,13202,1028
16293,19527,13205,1046
16294,19539,13211,1160
16295,19551,13216,180
16296,19551,13216,1112
16297,19565,13223,180
16298,19565,13223,1112
16299,19568,13224,1160
16300,19569,13225,940
16301,19569,13225,1052
16302,19569,13225,1053
16303,19569,13225,1060
16304,19569,13225,1141
16305,19588,13229,179
16306,19592,13229,181
16307,19593,13229,179
16308,19594,13229,181
16309,19606,13229,180
16310,19606,13229,1112
16311,19613,13229,180
16312,19613,13229,1112
16313,19614,13229,179
16314,19615,13229,180
16315,19615,13229,1112
16316,19617,13229,181
16317,19623,13229,180
16318,19623,13229,1112
16319,19625,13229,179
16320,19635,13229,181
16321,19659,13229,181
16322,19662,13229,180
16323,19662,13229,1112
16324,19667,13229,180
16325,19667,13229,1112
16326,19672,13229,179
16327,19688,13234,180
16328,19688,13234,1112
16329,19699,13240,180
16330,19699,13240,1112
16331,19703,13242,180
16332,19703,13242,1112
16333,19754,13267,180
16334,19754,13267,995
16335,19754,13267,1112
16336,19754,13267,1119
16337,19758,13269,180
16338,19758,13269,1112
16339,19773,13281,962
16340,19773,13281,971
16341,19773,13281,1011
16342,19904,13401,1157
16343,19973,13460,180
16344,19973,13460,1112
16345,19976,13461,180
16346,19976,13461,1112
16347,19999,13473,1053
16348,19999,13473,1095
16349,20002,13475,180
16350,20002,13475,995
16351,20002,13475,1112
16352,20002,13475,1119
16353,20020,13484,180
16354,20020,13484,1112
16355,20020,13484,1123
16356,20029,13487,919
16357,20060,13498,1135
16358,20061,13499,1151
16359,20070,13502,180
16360,20070,13502,1112
16361,20085,13511,180
16362,20085,13511,1112
16363,20087,13512,1157
16364,20096,13517,940
16365,20096,13517,941
16366,20096,13517,1010
16367,20096,13517,1017
16368,20096,13517,1045
16369,20124,13531,181
16370,20125,13531,1053
16371,20125,13531,1095
16372,20145,13544,971
16373,20145,13544,1009
16374,20145,13544,1014
16375,20145,13544,1043
16376,20145,13544,1044
16377,20145,13544,1091
16378,20160,13554,994
16379,20183,13567,180
16380,20183,13567,1112
16381,20194,13572,940
16382,20194,13572,941
16383,20194,13572,956
16384,20194,13572,1010
16385,20194,13572,1017
16386,20194,13572,1042
16387,20194,13572,1045
16388,20217,13582,180
16389,20217,13582,1112
16390,20228,13590,180
16391,20228,13590,1112
16392,20233,13592,1206
16393,20239,13597,180
16394,20239,13597,1112
16395,20269,13609,179
16396,20279,13616,1157
16397,20282,13617,180
16398,20282,13617,1112
16399,20299,13625,922
16400,20299,13625,1053
16401,20299,13625,1095
16402,20308,13630,976
16403,20308,13630,1155
16404,20357,13651,180
16405,20357,13651,1064
16406,20357,13651,1112
16407,20360,13651,180
16408,20360,13651,1112
16409,20376,13658,180
16410,20376,13658,1112
16411,20397,13666,180
16412,20397,13666,1112
16413,20403,13667,1199
16414,20407,13669,922
16415,20408,13669,922
16416,20431,13678,180
16417,20431,13678,1112
16418,20431,13678,1158
16419,20431,13678,1159
16420,20445,13684,180
16421,20445,13684,1112
16422,20458,13690,922
16423,20468,13695,971
16424,20468,13695,1009
16425,20468,13695,1014
16426,20468,13695,1043
16427,20468,13695,1044
16428,20468,13695,1091
16429,20471,13697,180
16430,20471,13697,1112
16431,20476,13699,180
16432,20476,13699,1000
16433,20476,13699,1012
16434,20476,13699,1112
16435,20476,13699,1119
16436,20492,13706,180
16437,20492,13706,1112
16438,20513,13716,180
16439,20513,13716,1112
16440,20518,13718,180
16441,20518,13718,1112
16442,20522,13720,180
16443,20522,13720,1112
16444,20522,13720,1162
16445,20536,13727,1160
16446,20538,13728,180
16447,20538,13728,1112
16448,20538,13728,1123
16449,20544,13729,1151
16450,20554,13733,1053
16451,20554,13733,1095
16452,20557,13733,1088
16453,20559,13733,940
16454,20559,13733,941
16455,20561,13733,179
16456,20563,13734,179
16457,20565,13734,1035
16458,20565,13734,1036
16459,20567,13734,1087
16460,20571,13734,1135
16461,20577,13738,922
16462,20577,13738,1053
16463,20577,13738,1095
16464,20590,13745,976
16465,20601,13750,180
16466,20601,13750,1112
16467,20603,13751,940
16468,20603,13751,941
16469,20603,13751,956
16470,20603,13751,1010
16471,20603,13751,1017
16472,20603,13751,1042
16473,20603,13751,1045
16474,20605,13751,180
16475,20605,13751,1034
16476,20605,13751,1112
16477,20618,13751,1135
16478,20624,13755,180
16479,20624,13755,1112
16480,20624,13755,1213
16481,20631,13759,940
16482,20631,13759,941
16483,20631,13759,956
16484,20631,13759,1010
16485,20631,13759,1017
16486,20631,13759,1042
16487,20631,13759,1045
16488,20648,13766,1160
16489,20656,13770,940
16490,20656,13770,941
16491,20656,13770,956
16492,20656,13770,1010
16493,20656,13770,1017
16494,20656,13770,1042
16495,20656,13770,1045
16496,20672,13779,171
16497,20689,13793,180
16498,20723,13823,180
16499,20730,13830,168
16500,20732,13832,168
16501,20738,13837,168
16502,20798,13883,181
16503,20800,13884,181
16504,20850,13915,181
16505,20908,13951,179
16506,20911,13953,179
16507,20912,13954,181
16508,20939,13972,179
16509,20947,13974,179
16510,20956,13983,181
16511,20957,13984,179
16512,20964,13991,181
16513,20968,13996,1313
16514,20990,14028,1334
16515,20994,14032,180
16516,21081,14111,181
16517,21117,14142,180
16518,21120,14143,1240
16519,21120,14143,1245
16520,21120,14143,1239
16521,21125,14146,1234
16522,21131,14150,180
16523,21144,14159,180
16524,21152,14163,1253
16525,21167,14174,1245
16526,21181,14179,1234
16527,21187,14183,1233
16528,21401,14307,1295
16529,21496,14386,181
16530,21496,14386,189
16531,21525,14414,181
16532,21612,14474,204
16533,21629,14481,207
16534,21681,14510,179
16535,21713,14535,181
16536,21722,14547,179
16537,21726,14551,179
16538,21734,14564,179
16539,21763,14604,179
16540,21855,14661,179
16541,22097,14784,181
16542,22179,14828,181
16543,22396,14990,181
16544,22708,15251,179
16545,22820,15309,179
16546,22947,15378,181
16547,23062,15472,180
16548,23064,15473,180
16549,23210,15590,179
16550,23372,15721,179
16551,23581,15883,179
16552,23587,15886,181
16553,23639,15923,179
16554,23680,15950,181
16555,23737,15988,179
16556,23987,16177,181
16557,24090,16254,180
16558,24123,16270,180
16559,24142,16279,180
16560,24165,16291,180
16561,24207,16308,180
16562,24224,16317,179
16563,24226,16319,179
16564,24377,16445,181
16565,24378,16446,179
16566,24384,16452,180
16567,24410,16480,180
16568,24414,16484,180
16569,24510,16562,180
16570,24514,16564,180
16571,24542,16580,180
16572,24571,16593,181
16573,24683,16663,180
16574,24700,16672,180
16575,24759,16715,181
16576,24761,16716,181
16577,24823,16772,179
16578,24833,16780,181
16579,25031,16969,180
16580,25035,16972,179
16581,25037,16973,180
16582,25139,17063,181
16583,25187,17094,1265
16584,25187,17094,181
16585,25193,17097,180
16586,25210,17108,1265
16587,25228,17119,180
16588,25234,17122,1265
16589,25244,17128,1270
16590,25347,17201,181
16591,25531,17293,668
16592,25540,17297,672
16593,25544,17299,672
16594,25594,17328,181
16595,25600,17332,179
16596,25602,17334,179
16597,25608,17337,181
16598,25616,17342,179
16599,25687,17396,73
16600,25735,17419,181
16601,25756,17436,181
16602,25777,17449,179
16603,25794,17459,179
16604,25808,17468,181
16605,25855,17501,179
16606,25912,17550,181
16607,25926,17561,181
16608,26027,17635,181
16609,26030,17637,181
16610,26223,17742,181
16611,26223,17742,761
16612,26238,17745,735
16613,26397,17840,734
16614,26397,17840,732
16615,26526,17893,181
16616,26559,17916,179
16617,26887,18150,179
16618,26989,18234,829
16619,26989,18234,827
16620,27100,18338,181
16621,27317,18486,932
16622,27340,18498,931
16623,27348,18502,907
16624,27348,18502,905
16625,27348,18502,906
16626,27348,18502,936
16627,27353,18505,885
16628,27353,18505,932
16629,27355,18506,885
16630,27355,18506,932
16631,27382,18517,907
16632,27382,18517,905
16633,27382,18517,906
16634,27382,18517,936
16635,27408,18531,907
16636,27408,18531,905
16637,27408,18531,906
16638,27408,18531,936
16639,27410,18532,907
16640,27410,18532,905
16641,27410,18532,906
16642,27410,18532,936
16643,27410,18532,882
16644,27440,18545,932
16645,27444,18547,932
16646,27447,18548,907
16647,27447,18548,905
16648,27447,18548,906
16649,27447,18548,936
16650,27453,18551,932
16651,27459,18554,932
16652,27461,18555,907
16653,27461,18555,905
16654,27461,18555,906
16655,27461,18555,936
16656,27463,18556,907
16657,27463,18556,905
16658,27463,18556,906
16659,27463,18556,936
16660,27465,18557,931
16661,27469,18559,932
16662,27473,18561,907
16663,27473,18561,905
16664,27473,18561,906
16665,27488,18567,907
16666,27488,18567,905
16667,27488,18567,906
16668,27488,18567,936
16669,27546,18594,907
16670,27546,18594,905
16671,27546,18594,906
16672,27546,18594,936
16673,27550,18596,877
16674,27550,18596,907
16675,27550,18596,905
16676,27550,18596,906
16677,27550,18596,936
16678,27558,18599,907
16679,27558,18599,905
16680,27558,18599,906
16681,27558,18599,936
16682,27567,18603,932
16683,27587,18614,932
16684,27601,18621,931
16685,27640,18637,932
16686,27641,18638,932
16687,27641,18638,181
16688,27670,18647,907
16689,27670,18647,905
16690,27670,18647,906
16691,27670,18647,936
16692,27710,18666,978
16693,27713,18668,980
16694,27714,18669,980
16695,27719,18671,978
16696,27788,18720,842
16697,27798,18725,841
16698,27800,18726,841
16699,27820,18736,841
16700,27825,18739,179
16701,27853,18759,1005
16702,27857,18761,1005
16703,27878,18772,180
16704,27888,18779,1007
16705,27892,18781,1005
16706,27954,18810,858
16707,27954,18810,862
16708,27959,18813,868
16709,27974,18821,854
16710,27974,18821,858
16711,27974,18821,862
16712,27975,18822,858
16713,27975,18822,862
16714,27979,18824,868
16715,27983,18826,858
16716,27983,18826,862
16717,27991,18830,852
16718,27997,18833,852
16719,27997,18833,865
16720,28006,18837,852
16721,28020,18846,868
16722,28028,18850,852
16723,28038,18855,858
16724,28038,18855,862
16725,28051,18867,1265
16726,28057,18873,1265
16727,28073,18889,1265
16728,28091,18903,1265
16729,28091,18903,1269
16730,28093,18904,1276
16731,28257,19004,181
16732,28294,19020,181
16733,28296,19021,1107
16734,28298,19022,179
16735,28302,19024,179
16736,28348,19047,1078
16737,28393,19071,181
16738,28736,19303,1023
16739,28822,19357,1121
16740,28871,19395,1075
16741,28886,19406,180
16742,28909,19419,179
16743,28913,19421,180
16744,28925,19427,180
16745,28930,19432,180
16746,28933,19435,180
16747,28948,19450,180
16748,28953,19455,180
16749,28955,19457,180
16750,28973,19475,180
16751,29026,19521,181
16752,29043,19532,179
16753,29116,19573,179
16754,29116,19573,1272
16755,29135,19581,180
16756,29169,19598,180
16757,29189,19608,1265
16758,29207,19618,180
16759,29244,19644,180
16760,29267,19654,1265
16761,29301,19671,1265
16762,29322,19677,1265
16763,29322,19677,181
16764,29346,19685,1265
16765,29386,19710,4
16766,29416,19733,181
16767,29470,19777,179
16768,29539,19827,181
16769,29550,19834,181
16770,29639,19905,181
16771,29682,19924,180
16772,29782,19970,36
16773,29888,20068,179
16774,30089,20244,179
16775,30100,20254,180
16776,30199,20334,181
16777,30206,20339,179
16778,30266,20389,181
16779,30317,20414,181
16780,30323,20416,180
16781,30447,20517,1262
16782,30459,20527,181
16783,2,1,45
16784,171,99,181
16785,340,211,179
16786,348,213,181
16787,348,213,142
16788,352,215,148
16789,424,263,179
16790,441,274,180
16791,461,281,180
16792,512,297,181
16793,591,331,180
16794,603,341,180
16795,635,367,180
16796,703,413,180
16797,965,636,181
16798,1037,695,179
16799,1211,829,181
16800,1261,862,181
16801,1278,875,180
16802,1347,922,197
16803,1347,922,221
16804,1347,922,215
16805,1347,922,210
16806,1364,925,179
16807,1393,938,180
16808,1421,957,181
16809,1429,962,179
16810,1455,978,179
16811,1480,1001,181
16812,1498,1015,179
16813,1503,1018,181
16814,1595,1083,180
16815,1601,1086,181
16816,1619,1097,179
16817,1704,1155,179
16818,1708,1157,180
16819,1848,1242,179
16820,1853,1245,181
16821,1857,1247,181
16822,1863,1250,179
16823,1868,1253,181
16824,1879,1259,181
16825,1907,1274,295
16826,1960,1296,179
16827,1974,1308,1250
16828,1974,1308,179
16829,2007,1329,1254
16830,2038,1354,325
16831,2044,1359,179
16832,2128,1423,330
16833,2220,1494,181
16834,2283,1640,179
16835,2283,1640,382
16836,2283,1640,553
16837,2283,1640,625
16838,2283,1640,619
16839,2283,1640,617
16840,2283,1640,579
16841,2283,1640,570
16842,2283,1640,565
16843,2283,1640,572
16844,2283,1640,597
16845,2283,1640,581
16846,2283,1640,593
16847,2283,1640,526
16848,2283,1640,506
16849,2283,1640,510
16850,2283,1640,396
16851,2283,1640,404
16852,2283,1640,402
16853,2283,1640,640
16854,2283,1640,643
16855,2283,1640,442
16856,2283,1640,497
16857,2283,1640,466
16858,2283,1640,484
16859,2283,1640,489
16860,2283,1640,493
16861,2286,1642,504
16862,2288,1643,550
16863,2288,1643,551
16864,2342,1690,380
16865,2342,1690,556
16866,2342,1690,558
16867,2342,1690,616
16868,2342,1690,568
16869,2342,1690,578
16870,2342,1690,576
16871,2342,1690,592
16872,2342,1690,584
16873,2342,1690,529
16874,2342,1690,531
16875,2342,1690,533
16876,2342,1690,534
16877,2342,1690,400
16878,2342,1690,477
16879,2342,1690,451
16880,2342,1690,460
16881,2342,1690,496
16882,2342,1690,406
16883,2342,1690,412
16884,2342,1690,608
16885,2347,1693,179
16886,2347,1693,502
16887,2347,1693,501
16888,2442,1770,181
16889,2458,1786,179
16890,2470,1796,665
16891,2489,1810,662
16892,2509,1821,648
16893,2688,1970,693
16894,2712,1982,179
16895,2716,1985,179
16896,2723,1989,181
16897,2725,1990,181
16898,2996,2218,181
16899,3014,2230,180
16900,3100,2292,179
16901,3121,2307,179
16902,3215,2367,179
16903,3224,2375,181
16904,3270,2409,179
16905,3319,2435,180
16906,3381,2489,180
16907,3506,2569,181
16908,3803,2783,179
16909,3848,2805,181
16910,3953,2873,179
16911,4019,2938,179
16912,4048,2961,853
16913,4052,2963,853
16914,4058,2966,857
16915,4088,2981,1360
16916,4109,2997,1362
16917,4147,3020,1362
16918,4171,3033,181
16919,4245,3089,181
16920,4290,3113,181
16921,4326,3134,180
16922,4326,3134,178
16923,4332,3137,180
16924,4332,3137,178
16925,4391,3157,180
16926,4391,3157,178
16927,4412,3176,180
16928,4412,3176,178
16929,4427,3182,180
16930,4427,3182,178
16931,4427,3182,185
16932,4460,3191,180
16933,4460,3191,178
16934,4467,3193,180
16935,4467,3193,178
16936,4523,3239,181
16937,4683,3345,181
16938,4713,3362,179
16939,4729,3370,181
16940,4846,3439,179
16941,4922,3494,179
16942,5061,3572,179
16943,5062,3573,179
16944,5311,3745,179
16945,5371,3790,180
16946,5380,3796,230
16947,5415,3818,180
16948,5522,3907,181
16949,5601,3948,248
16950,5688,3981,249
16951,5724,3997,248
16952,5759,4014,249
16953,5893,4093,249
16954,6153,4213,249
16955,6161,4221,181
16956,6165,4225,180
16957,6389,4402,181
16958,6480,4471,179
16959,6516,4488,179
16960,6587,4537,1322
16961,6629,4567,1322
16962,6945,4799,313
16963,6991,4833,181
16964,7006,4841,181
16965,7162,4968,179
16966,7166,4970,179
16967,7324,5084,181
16968,7333,5089,181
16969,7377,5107,181
16970,7792,5398,181
16971,7886,5460,179
16972,7973,5520,181
16973,7976,5523,179
16974,8069,5589,181
16975,8131,5629,179
16976,8147,5641,179
16977,8271,5734,179
16978,8501,5872,181
16979,8516,5881,179
16980,8681,5982,179
16981,8681,5982,414
16982,8694,5989,530
16983,8841,6098,179
16984,8844,6100,538
16985,8933,6170,179
16986,8992,6219,180
16987,9005,6230,181
16988,9083,6290,179
16989,9085,6291,179
16990,9144,6330,181
16991,9274,6438,180
16992,9320,6477,180
16993,9399,6542,179
16994,9444,6581,817
16995,9517,6635,179
16996,9531,6640,181
16997,9673,6718,181
16998,9677,6720,181
16999,9682,6723,179
17000,9682,6723,600
17001,9690,6727,181
17002,9690,6727,607
17003,9815,6801,181
17004,10014,6961,181
17005,10024,6964,624
17006,10072,7000,179
17007,10148,7057,180
17008,10151,7058,180
17009,10153,7058,181
17010,10184,7073,638
17011,10205,7087,181
17012,10208,7088,638
17013,10214,7091,180
17014,10214,7091,638
17015,10223,7095,638
17016,10250,7110,180
17017,10250,7110,638
17018,10257,7114,180
17019,10257,7114,638
17020,10268,7121,638
17021,10270,7122,642
17022,10287,7135,638
17023,10338,7164,642
17024,10476,7237,181
17025,10517,7270,179
17026,10562,7304,179
17027,10608,7338,179
17028,10619,7344,179
17029,10776,7440,180
17030,10800,7454,179
17031,10834,7474,179
17032,10840,7475,181
17033,10949,7558,179
17034,10949,7558,707
17035,10949,7558,711
17036,10955,7561,708
17037,10968,7569,181
17038,11071,7650,181
17039,11083,7662,179
17040,11085,7664,181
17041,11260,7775,181
17042,11332,7832,179
17043,11345,7839,179
17044,11370,7854,1207
17045,11370,7854,180
17046,11370,7854,1214
17047,11394,7867,1212
17048,11394,7867,1208
17049,11398,7869,181
17050,11398,7869,1218
17051,11398,7869,1219
17052,11553,8017,181
17053,11554,8018,181
17054,11678,8112,1329
17055,11680,8114,181
17056,11755,8174,181
17057,11853,8238,181
17058,11864,8249,1247
17059,11864,8249,1248
17060,11947,8323,1247
17061,11947,8323,1248
17062,11950,8325,181
17063,11952,8326,1247
17064,11952,8326,1248
17065,11960,8331,179
17066,11977,8346,179
17067,12022,8379,180
17068,12046,8400,179
17069,12059,8407,181
17070,12093,8437,181
17071,12155,8485,1328
17072,12176,8500,181
17073,12219,8522,181
17074,12223,8524,181
17075,12330,8608,179
17076,12358,8634,181
17077,12435,8712,181
17078,12491,8792,180
17079,12493,8794,180
17080,12494,8795,1303
17081,12506,8810,180
17082,12532,8845,180
17083,12538,8851,180
17084,12596,8898,179
17085,12737,9016,180
17086,12771,9033,181
17087,12795,9047,181
17088,12797,9049,180
17089,12797,9049,16
17090,12908,9131,181
17091,12919,9138,179
17092,12921,9139,181
17093,12949,9153,181
17094,13041,9247,179
17095,13383,9487,180
17096,13405,9499,180
17097,13443,9520,179
17098,13566,9604,179
17099,13661,9679,181
17100,13715,9711,181
17101,13723,9718,181
17102,13779,9769,181
17103,13799,9786,181
17104,14015,9853,179
17105,14086,9873,181
17106,14106,9879,95
17107,14106,9879,181
17108,14115,9883,180
17109,14115,9883,96
17110,14119,9886,179
17111,14173,9933,179
17112,14188,9942,181
17113,14268,9983,181
17114,14273,9985,181
17115,14287,9993,179
17116,14359,10045,180
17117,14434,10075,151
17118,14522,10146,179
17119,14580,10188,288
17120,14597,10202,181
17121,14626,10217,179
17122,14997,10424,231
17123,15003,10428,179
17124,15013,10435,179
17125,15018,10438,179
17126,15220,10539,253
17127,15242,10554,180
17128,15276,10580,180
17129,15292,10592,179
17130,15333,10622,179
17131,16095,11240,179
17132,16174,11303,181
17133,16180,11307,179
17134,16184,11311,181
17135,16255,11366,179
17136,16373,11471,179
17137,16442,11507,181
17138,16503,11545,621
17139,16535,11566,181
17140,16542,11569,179
17141,16545,11570,180
17142,16568,11583,180
17143,16582,11591,180
17144,16597,11599,179
17145,16600,11600,180
17146,16671,11654,180
17147,16994,11911,179
17148,17100,11965,180
17149,17222,12013,181
17150,17231,12015,181
17151,17233,12016,179
17152,17233,12016,754
17153,17235,12017,181
17154,17237,12018,754
17155,17239,12019,181
17156,17241,12020,181
17157,17253,12025,754
17158,17314,12054,180
17159,17322,12058,754
17160,17344,12069,754
17161,17437,12111,180
17162,17453,12116,754
17163,17459,12119,180
17164,17503,12140,180
17165,17516,12146,754
17166,17525,12150,754
17167,17546,12162,754
17168,17554,12167,755
17169,17554,12167,756
17170,17556,12168,754
17171,17564,12172,754
17172,17569,12174,754
17173,17631,12193,754
17174,17669,12211,754
17175,17689,12221,754
17176,17712,12231,743
17177,17747,12245,754
17178,17784,12251,754
17179,17817,12256,743
17180,17839,12267,180
17181,17845,12270,754
17182,17874,12282,180
17183,17902,12293,180
17184,17923,12303,180
17185,18341,12538,181
17186,18614,12805,180
17187,18698,12877,180
17188,18701,12880,180
17189,18714,12885,180
17190,18737,12899,873
17191,18737,12899,894
17192,18795,12944,892
17193,18795,12944,893
17194,18849,12986,789
17195,18868,12999,1204
17196,18886,13007,180
17197,18886,13007,1112
17198,18896,13011,180
17199,18896,13011,1112
17200,18921,13020,180
17201,18921,13020,1112
17202,18926,13022,180
17203,18926,13022,1030
17204,18926,13022,1112
17205,18931,13023,1160
17206,18937,13025,180
17207,18937,13025,1112
17208,18938,13025,180
17209,18938,13025,1112
17210,18962,13033,1160
17211,18966,13035,971
17212,18966,13035,1009
17213,18966,13035,1014
17214,18966,13035,1043
17215,18966,13035,1044
17216,18966,13035,1091
17217,18975,13038,976
17218,18975,13038,1155
17219,19020,13060,181
17220,19033,13065,179
17221,19052,13074,181
17222,19061,13076,1087
17223,19063,13076,940
17224,19063,13076,941
17225,19063,13076,1055
17226,19077,13079,179
17227,19093,13085,940
17228,19093,13085,941
17229,19093,13085,982
17230,19093,13085,983
17231,19093,13085,1006
17232,19093,13085,1017
17233,19093,13085,1152
17234,19118,13094,179
17235,19118,13094,1036
17236,19137,13100,180
17237,19137,13100,1112
17238,19138,13101,179
17239,19141,13101,180
17240,19141,13101,1112
17241,19149,13104,180
17242,19149,13104,1000
17243,19149,13104,1012
17244,19149,13104,1112
17245,19149,13104,1119
17246,19150,13104,181
17247,19155,13106,1151
17248,19164,13109,181
17249,19188,13116,971
17250,19188,13116,1009
17251,19188,13116,1014
17252,19188,13116,1043
17253,19188,13116,1044
17254,19188,13116,1091
17255,19189,13116,181
17256,19192,13116,180
17257,19192,13116,1112
17258,19199,13120,179
17259,19205,13122,940
17260,19211,13124,179
17261,19219,13127,179
17262,19219,13127,1145
17263,19220,13127,1156
17264,19220,13127,1157
17265,19233,13132,1160
17266,19237,13133,179
17267,19240,13133,179
17268,19243,13133,963
17269,19254,13133,940
17270,19254,13133,941
17271,19254,13133,956
17272,19254,13133,1010
17273,19254,13133,1017
17274,19254,13133,1042
17275,19254,13133,1045
17276,19256,13133,179
17277,19260,13133,181
17278,19267,13133,179
17279,19267,13133,1035
17280,19267,13133,1036
17281,19271,13133,181
17282,19278,13133,180
17283,19278,13133,1112
17284,19283,13133,181
17285,19286,13133,179
17286,19287,13133,180
17287,19287,13133,1112
17288,19287,13133,1123
17289,19298,13133,180
17290,19298,13133,1112
17291,19299,13133,1196
17292,19301,13133,179
17293,19302,13133,180
17294,19302,13133,1112
17295,19303,13133,181
17296,19306,13133,181
17297,19311,13133,179
17298,19327,13133,179
17299,19327,13133,1199
17300,19332,13133,181
17301,19332,13133,1153
17302,19333,13133,179
17303,19369,13144,1196
17304,19380,13147,180
17305,19380,13147,1112
17306,19382,13148,179
17307,19396,13151,1160
17308,19406,13154,179
17309,19411,13156,180
17310,19411,13156,1112
17311,19425,13159,1135
17312,19437,13163,180
17313,19437,13163,1112
17314,19466,13175,963
17315,19474,13179,1053
17316,19474,13179,1095
17317,19488,13186,180
17318,19488,13186,1112
17319,19494,13189,180
17320,19494,13189,1112
17321,19579,13229,181
17322,19582,13229,181
17323,19587,13229,179
17324,19591,13229,181
17325,19598,13229,179
17326,19601,13229,180
17327,19601,13229,1112
17328,19604,13229,179
17329,19609,13229,180
17330,19609,13229,1112
17331,19611,13229,181
17332,19618,13229,180
17333,19618,13229,1112
17334,19626,13229,179
17335,19628,13229,181
17336,19636,13229,180
17337,19636,13229,1112
17338,19649,13229,179
17339,19652,13229,181
17340,19656,13229,180
17341,19656,13229,1112
17342,19660,13229,181
17343,19704,13242,180
17344,19704,13242,1112
17345,19704,13242,1213
17346,19710,13245,1210
17347,19722,13251,976
17348,19722,13251,1155
17349,19820,13320,1053
17350,19820,13320,1095
17351,19828,13327,180
17352,19828,13327,1000
17353,19828,13327,1012
17354,19828,13327,1112
17355,19828,13327,1119
17356,19958,13450,180
17357,19958,13450,1112
17358,19969,13459,971
17359,19969,13459,1009
17360,19969,13459,1014
17361,19969,13459,1043
17362,19969,13459,1044
17363,19970,13459,180
17364,19970,13459,1112
17365,19975,13461,971
17366,19975,13461,1009
17367,19975,13461,1014
17368,19975,13461,1043
17369,19975,13461,1044
17370,19975,13461,1091
17371,19978,13462,180
17372,19978,13462,1112
17373,19980,13463,180
17374,19980,13463,1112
17375,19983,13464,940
17376,19983,13464,941
17377,19983,13464,1042
17378,19983,13464,1055
17379,19983,13464,1060
17380,19984,13464,971
17381,19984,13464,1009
17382,19984,13464,1014
17383,19984,13464,1043
17384,19984,13464,1044
17385,19984,13464,1091
17386,19997,13472,1157
17387,20033,13489,180
17388,20033,13489,945
17389,20033,13489,952
17390,20033,13489,964
17391,20033,13489,1112
17392,20033,13489,1128
17393,20107,13524,180
17394,20107,13524,1112
17395,20107,13524,1213
17396,20149,13546,180
17397,20149,13546,1112
17398,20156,13551,180
17399,20156,13551,1112
17400,20204,13577,180
17401,20204,13577,1000
17402,20204,13577,1012
17403,20204,13577,1112
17404,20204,13577,1119
17405,20207,13578,940
17406,20207,13578,1017
17407,20243,13599,180
17408,20243,13599,1112
17409,20258,13606,179
17410,20265,13607,1160
17411,20271,13610,180
17412,20271,13610,1112
17413,20271,13610,1158
17414,20271,13610,1159
17415,20274,13612,1156
17416,20274,13612,1157
17417,27405,18529,884
17418,27770,18711,844
17419,27794,18723,844
17420,27961,18814,864
17421,27968,18818,864
17422,27995,18832,864
17423,27999,18834,864
17424,28022,18847,864
17425,28342,19044,1083
17426,28832,19366,1066
17427,28853,19383,1083
17428,29405,19724,7
17429,29793,19976,24
17430,29793,19976,25
17431,25,11,46
17432,2281,1639,636
17433,2281,1639,423
17434,2330,1681,557
17435,2330,1681,566
17436,2330,1681,446
17437,2511,1822,650
17438,4090,2982,1361
17439,8691,5987,485
17440,8691,5987,490
17441,8707,5996,491
17442,14562,10175,872
17443,18908,13015,1161
17444,18917,13019,1099
17445,18949,13028,1099
17446,18953,13031,1161
17447,18960,13033,1161
17448,18990,13045,942
17449,19022,13061,1013
17450,19171,13110,1109
17451,19194,13117,1099
17452,19217,13126,1099
17453,19310,13133,1161
17454,19363,13142,1203
17455,19367,13143,1099
17456,19372,13145,1099
17457,19426,13159,1171
17458,19452,13168,1099
17459,19497,13190,1099
17460,19532,13207,1099
17461,19701,13241,1099
17462,19715,13247,1099
17463,19755,13267,1099
17464,19770,13278,1099
17465,19778,13285,1099
17466,19790,13295,1099
17467,19802,13305,1099
17468,19815,13315,1099
17469,19824,13323,1099
17470,19861,13359,1099
17471,19900,13397,1099
17472,19913,13407,1099
17473,19923,13417,1099
17474,19928,13422,1099
17475,19948,13440,1099
17476,19973,13460,1161
17477,19992,13468,1099
17478,19998,13472,1099
17479,20038,13491,1099
17480,20068,13501,1099
17481,20110,13524,1099
17482,20119,13528,1099
17483,20121,13529,949
17484,20144,13543,1099
17485,20165,13557,1099
17486,20180,13565,1099
17487,20195,13572,1099
17488,20201,13575,1099
17489,20222,13585,1099
17490,20246,13600,1099
17491,20285,13619,1099
17492,20299,13625,926
17493,20380,13659,1099
17494,20399,13666,1099
17495,20407,13669,926
17496,20408,13669,926
17497,20427,13676,926
17498,20438,13681,1099
17499,20458,13690,926
17500,20522,13720,1109
17501,20523,13720,1099
17502,20546,13729,1099
17503,20572,13735,1099
17504,20577,13738,926
17505,20625,13755,1099
17506,20655,13769,1099
17507,25923,17559,691
17508,26779,18069,773
17509,27331,18493,884
17510,27380,18516,889
17511,27485,18566,889
17512,27505,18573,889
17513,27782,18717,844
17514,27790,18721,844
17515,27792,18722,844
17516,27806,18729,844
17517,27878,18772,1004
17518,27991,18830,864
17519,27997,18833,864
17520,28006,18837,864
17521,28028,18850,864
17522,29639,19905,38
17523,348,213,144
17524,2342,1690,385
17525,4046,2960,846
17526,4054,2964,846
17527,4068,2971,846
17528,4088,2981,1361
17529,10268,7121,641
17530,10631,7352,666
17531,14793,10327,284
17532,16503,11545,620
17533,18885,13006,1098
17534,18926,13022,1161
17535,18956,13031,1099
17536,18996,13048,1099
17537,19044,13069,1099
17538,19070,13077,1099
17539,19161,13107,1099
17540,19207,13122,1099
17541,19210,13123,1099
17542,19215,13125,1099
17543,19220,13127,1154
17544,19467,13175,1099
17545,19469,13176,1099
17546,19483,13183,1099
17547,19507,13195,1099
17548,19514,13198,1099
17549,19524,13203,1099
17550,19552,13216,1099
17551,19554,13217,1099
17552,19658,13229,1099
17553,19684,13232,1099
17554,19720,13250,1099
17555,19723,13251,1099
17556,19727,13253,1099
17557,19751,13265,1099
17558,19780,13287,1099
17559,19782,13289,1099
17560,19794,13297,1099
17561,19821,13320,1099
17562,19826,13325,1099
17563,19831,13329,1099
17564,19876,13374,1099
17565,19906,13402,1099
17566,19914,13408,1099
17567,19941,13435,1099
17568,19943,13436,1099
17569,19970,13459,1161
17570,19977,13461,1099
17571,20019,13483,1099
17572,20073,13503,1099
17573,20097,13517,1099
17574,20106,13523,1099
17575,20139,13540,1099
17576,20146,13544,1099
17577,20188,13569,1099
17578,20190,13570,1099
17579,20221,13584,1099
17580,20223,13586,1099
17581,20224,13587,1099
17582,20227,13589,1099
17583,20255,13605,1099
17584,20270,13609,1099
17585,20274,13612,1154
17586,27730,18676,981
17587,29793,19976,18
17588,2436,1766,647
17589,8691,5987,433
17590,9477,6600,820
17591,10433,7209,657
17592,11882,8266,1241
17593,27700,18661,981
17594,28093,18904,1268
17595,1347,922,222
17596,2395,1733,647
17597,10373,7180,657
17598,10382,7185,657
17599,10412,7198,657
17600,10419,7203,657
17601,19192,13116,1144
17602,19958,13450,1185
17603,20033,13489,1139
17604,27623,18631,960
17605,29793,19976,19
17606,7898,5469,346
17607,15128,10507,254
17608,27713,18668,989
17609,27714,18669,989
17610,29369,19698,1349
17611,14106,9879,103
17612,18885,13006,992
17613,27713,18668,990
17614,27714,18669,990
17615,12457,8744,1292
17616,12536,8849,1292
17617,20291,13621,1160
17618,20295,13624,994
17619,20297,13624,940
17620,20297,13624,941
17621,20302,13626,180
17622,20302,13626,1112
17623,20316,13632,1160
17624,20317,13633,971
17625,20317,13633,1009
17626,20317,13633,1014
17627,20317,13633,1043
17628,20317,13633,1044
17629,20317,13633,1091
17630,20325,13637,180
17631,20325,13637,1000
17632,20325,13637,1012
17633,20325,13637,1112
17634,20325,13637,1119
17635,20328,13639,1002
17636,20328,13639,1084
17637,20328,13639,1153
17638,20330,13640,922
17639,20330,13640,940
17640,20330,13640,941
17641,20330,13640,956
17642,20330,13640,1010
17643,20330,13640,1017
17644,20330,13640,1042
17645,20330,13640,1045
17646,20339,13643,180
17647,20339,13643,1112
17648,20352,13649,180
17649,20352,13649,1112
17650,20368,13654,180
17651,20368,13654,1112
17652,20370,13655,1002
17653,20370,13655,1051
17654,20370,13655,1084
17655,20370,13655,1153
17656,20381,13659,180
17657,20381,13659,1112
17658,20382,13660,912
17659,20382,13660,915
17660,20382,13660,1157
17661,20387,13662,1160
17662,20415,13671,1160
17663,20418,13672,180
17664,20418,13672,1112
17665,20433,13679,1156
17666,20433,13679,1157
17667,20447,13685,1165
17668,20452,13687,922
17669,20452,13687,1165
17670,20463,13692,180
17671,20463,13692,1112
17672,20467,13694,922
17673,20467,13694,929
17674,20467,13694,993
17675,20467,13694,1103
17676,20481,13702,180
17677,20481,13702,1112
17678,20487,13704,179
17679,20496,13709,180
17680,20496,13709,1112
17681,20502,13711,1157
17682,20505,13713,1160
17683,20506,13713,180
17684,20506,13713,1112
17685,20514,13716,180
17686,20514,13716,1112
17687,20534,13726,1160
17688,20540,13729,180
17689,20540,13729,1112
17690,20540,13729,1123
17691,20545,13729,180
17692,20545,13729,1112
17693,20566,13734,940
17694,20566,13734,1042
17695,20569,13734,940
17696,20569,13734,941
17697,20573,13735,922
17698,20573,13735,965
17699,20597,13748,180
17700,20597,13748,945
17701,20597,13748,952
17702,20597,13748,964
17703,20597,13748,1112
17704,20597,13748,1128
17705,20599,13749,180
17706,20599,13749,1112
17707,20614,13751,180
17708,20614,13751,1034
17709,20614,13751,1112
17710,20628,13757,940
17711,20628,13757,941
17712,20628,13757,956
17713,20628,13757,1010
17714,20628,13757,1017
17715,20628,13757,1042
17716,20628,13757,1045
17717,20650,13767,1050
17718,20650,13767,1149
17719,20654,13769,1053
17720,20654,13769,1060
17721,20654,13769,1140
17722,20654,13769,1141
17723,20666,13776,180
17724,20667,13777,180
17725,20669,13778,180
17726,20673,13780,180
17727,20677,13784,168
17728,20680,13785,158
17729,20680,13785,165
17730,20729,13829,180
17731,20734,13833,168
17732,20735,13834,180
17733,20741,13840,180
17734,20746,13843,160
17735,20962,13989,179
17736,21004,14044,180
17737,21006,14046,1313
17738,21008,14048,180
17739,21146,14160,1234
17740,21188,14184,180
17741,21193,14186,1246
17742,21201,14190,1234
17743,21203,14191,1234
17744,21233,14202,1249
17745,21306,14252,179
17746,21306,14252,1302
17747,21342,14281,1299
17748,21416,14317,179
17749,21539,14426,180
17750,21583,14455,207
17751,21639,14487,179
17752,21646,14491,180
17753,21721,14544,181
17754,21723,14548,181
17755,21748,14595,237
17756,21758,14601,181
17757,21761,14603,179
17758,21976,14723,181
17759,22008,14731,179
17760,22101,14786,179
17761,22175,14825,179
17762,22184,14833,181
17763,22187,14836,179
17764,22306,14920,181
17765,22389,14983,179
17766,22646,15201,180
17767,22664,15216,181
17768,22741,15270,181
17769,22765,15278,181
17770,22935,15373,181
17771,23053,15464,376
17772,23066,15475,180
17773,23076,15481,180
17774,23214,15591,181
17775,23221,15596,181
17776,23390,15735,179
17777,23393,15737,181
17778,23399,15742,181
17779,23531,15858,179
17780,23579,15882,179
17781,23646,15924,181
17782,23794,16026,181
17783,23899,16108,181
17784,23901,16109,181
17785,24127,16272,180
17786,24167,16292,180
17787,24186,16301,180
17788,24199,16306,179
17789,24218,16313,180
17790,24308,16388,180
17791,24380,16448,181
17792,24381,16449,181
17793,24383,16451,181
17794,24404,16474,180
17795,24425,16495,1305
17796,24473,16538,595
17797,24488,16551,595
17798,24556,16586,180
17799,24583,16601,613
17800,24608,16621,611
17801,24636,16635,181
17802,24677,16659,181
17803,24678,16660,179
17804,24681,16662,181
17805,24720,16682,180
17806,24738,16696,179
17807,24783,16735,85
17808,24791,16743,85
17809,25044,16977,179
17810,25179,17088,181
17811,25186,17093,179
17812,25195,17098,1265
17813,25204,17104,1265
17814,25212,17109,180
17815,25213,17110,1265
17816,25215,17112,1265
17817,25226,17118,180
17818,25256,17131,1265
17819,25568,17312,671
17820,25578,17316,672
17821,25592,17327,179
17822,25715,17406,181
17823,25796,17461,678
17824,25798,17462,179
17825,25801,17464,179
17826,25812,17470,179
17827,25833,17483,179
17828,25835,17484,181
17829,25980,17606,179
17830,26118,17688,181
17831,26182,17727,181
17832,26182,17727,761
17833,26195,17733,181
17834,26195,17733,761
17835,26197,17734,181
17836,26197,17734,761
17837,26208,17738,733
17838,26211,17739,179
17839,26250,17750,735
17840,26271,17759,180
17841,26470,17874,181
17842,26470,17874,761
17843,26470,17874,732
17844,26483,17876,181
17845,26483,17876,761
17846,26483,17876,734
17847,26500,17879,716
17848,26500,17879,735
17849,26521,17890,180
17850,26534,17897,181
17851,26572,17924,179
17852,26795,18078,181
17853,26804,18084,181
17854,27132,18361,179
17855,27154,18380,179
17856,27326,18490,931
17857,27326,18490,180
17858,27329,18492,907
17859,27329,18492,905
17860,27329,18492,906
17861,27329,18492,936
17862,27329,18492,882
17863,27329,18492,179
17864,27337,18496,931
17865,27342,18499,932
17866,27404,18528,907
17867,27404,18528,905
17868,27404,18528,906
17869,27404,18528,936
17870,27420,18537,932
17871,27427,18540,931
17872,27442,18546,931
17873,27451,18550,931
17874,27482,18565,877
17875,27482,18565,907
17876,27482,18565,905
17877,27482,18565,906
17878,27482,18565,936
17879,27499,18571,907
17880,27499,18571,905
17881,27499,18571,906
17882,27499,18571,936
17883,27510,18575,907
17884,27510,18575,905
17885,27510,18575,906
17886,27510,18575,936
17887,27513,18576,931
17888,27519,18579,907
17889,27519,18579,905
17890,27519,18579,906
17891,27519,18579,936
17892,27521,18580,931
17893,27530,18585,907
17894,27530,18585,905
17895,27530,18585,906
17896,27530,18585,936
17897,27542,18592,877
17898,27542,18592,907
17899,27542,18592,923
17900,27542,18592,905
17901,27542,18592,906
17902,27542,18592,936
17903,27545,18593,931
17904,27545,18593,180
17905,27551,18597,932
17906,27563,18601,907
17907,27563,18601,905
17908,27563,18601,906
17909,27563,18601,936
17910,27603,18622,907
17911,27603,18622,905
17912,27603,18622,906
17913,27603,18622,936
17914,27611,18626,932
17915,27611,18626,886
17916,27611,18626,181
17917,27613,18627,932
17918,27615,18628,907
17919,27615,18628,905
17920,27615,18628,906
17921,27615,18628,936
17922,27617,18629,907
17923,27617,18629,905
17924,27617,18629,906
17925,27620,18630,931
17926,27620,18630,946
17927,27620,18630,928
17928,27620,18630,916
17929,27626,18632,932
17930,27660,18645,932
17931,27660,18645,181
17932,27667,18646,907
17933,27667,18646,905
17934,27667,18646,906
17935,27667,18646,936
17936,27683,18653,907
17937,27683,18653,905
17938,27683,18653,906
17939,27683,18653,936
17940,27687,18655,181
17941,27721,18672,972
17942,27721,18672,973
17943,27725,18674,980
17944,27780,18716,841
17945,27796,18724,842
17946,27851,18758,1007
17947,27865,18765,1007
17948,27869,18767,1007
17949,27989,18829,852
17950,28000,18835,858
17951,28000,18835,862
17952,28040,18856,868
17953,28043,18859,1265
17954,28044,18860,1265
17955,28114,18918,1265
17956,28131,18934,179
17957,28164,18965,179
17958,28251,19001,179
17959,28300,19023,1056
17960,28300,19023,1048
17961,28312,19029,181
17962,28312,19029,1061
17963,28312,19029,1073
17964,28322,19034,179
17965,28325,19035,1124
17966,28325,19035,181
17967,28334,19040,1118
17968,28334,19040,1120
17969,28373,19063,181
17970,28381,19066,179
17971,28381,19066,1089
17972,28397,19074,1090
17973,28782,19322,1102
17974,28850,19381,1096
17975,28850,19381,180
17976,28859,19386,1018
17977,28867,19392,179
17978,28926,19428,180
17979,28931,19433,180
17980,28972,19474,180
17981,28975,19477,180
17982,28976,19478,180
17983,29027,19522,179
17984,29027,19522,1272
17985,29147,19587,1265
17986,29163,19595,1265
17987,29180,19604,1265
17988,29210,19620,180
17989,29217,19624,180
17990,29236,19637,1265
17991,29338,19681,180
17992,29399,19719,1350
17993,29464,19772,181
17994,29507,19805,181
17995,29583,19867,9
17996,29665,19916,180
17997,29686,19926,180
17998,29690,19928,180
17999,29784,19971,27
18000,29797,19979,180
18001,30081,20242,179
18002,30108,20260,180
18003,30363,20453,591
18004,30374,20459,180
18005,30376,20460,180
18006,30390,20472,180
18007,30441,20513,1262
18008,20330,13640,926
18009,20340,13643,1099
18010,20368,13654,1161
18011,20385,13661,1099
18012,20433,13679,1154
18013,20434,13679,1099
18014,20452,13687,926
18015,20462,13692,1099
18016,20467,13694,926
18017,20467,13694,1072
18018,20488,13704,1099
18019,20537,13727,1099
18020,20573,13735,926
18021,20584,13741,1099
18022,20643,13763,1099
18023,23569,15876,239
18024,25796,17461,676
18025,26208,17738,729
18026,26470,17874,736
18027,27337,18496,898
18028,27349,18503,884
18029,27540,18591,884
18030,27572,18606,884
18031,27620,18630,937
18032,27989,18829,864
18033,29383,19708,3
18034,29656,19911,33
18035,20597,13748,1139
18036,20614,13751,1144
18037,27687,18655,981
18038,27698,18660,981
18039,23053,15464,381
18040,27725,18674,989
18041,28222,18990,1114
18042,27725,18674,990
