resource_type_id,service_id,name,reference_url,arn_pattern
1,1,account,"",arn:${Partition}:account::${Account}:account
2,1,accountInOrganization,"",arn:${Partition}:account::${ManagementAccountId}:account/o-${OrganizationId}/${MemberAccountId}
3,4,registry,"",arn:${Partition}:agent-registry:${Region}:${Account}:registry/${RegistryId}
4,4,registry-record,"",arn:${Partition}:agent-registry:${Region}:${Account}:registry/${RegistryId}/record/${RecordId}
5,5,apps,"",arn:${Partition}:amplify:${Region}:${Account}:apps/${AppId}
6,5,branches,"",arn:${Partition}:amplify:${Region}:${Account}:apps/${AppId}/branches/${BranchName}
7,5,domains,"",arn:${Partition}:amplify:${Region}:${Account}:apps/${AppId}/domains/${DomainName}
8,5,jobs,"",arn:${Partition}:amplify:${Region}:${Account}:apps/${AppId}/branches/${BranchName}/jobs/${JobId}
9,5,webhooks,"",arn:${Partition}:amplify:${Region}:${Account}:webhooks/${WebhookId}
10,6,api,"",arn:${Partition}:amplifybackend:${Region}:${Account}:/backend/${AppId}/api/*
11,6,auth,"",arn:${Partition}:amplifybackend:${Region}:${Account}:/backend/${AppId}/auth/*
12,6,backend,"",arn:${Partition}:amplifybackend:${Region}:${Account}:/backend/${AppId}/*
13,6,config,"",arn:${Partition}:amplifybackend:${Region}:${Account}:/backend/${AppId}/config/*
14,6,created-backend,"",arn:${Partition}:amplifybackend:${Region}:${Account}:/backend/*
15,6,environment,"",arn:${Partition}:amplifybackend:${Region}:${Account}:/backend/${AppId}/environments/*
16,6,job,"",arn:${Partition}:amplifybackend:${Region}:${Account}:/backend/${AppId}/job/*
17,6,storage,"",arn:${Partition}:amplifybackend:${Region}:${Account}:/backend/${AppId}/storage/*
18,6,token,"",arn:${Partition}:amplifybackend:${Region}:${Account}:/backend/${AppId}/challenge/*
19,7,CodegenJobResource,"",arn:${Partition}:amplifyuibuilder:${Region}:${Account}:app/${AppId}/environment/${EnvironmentName}/codegen-jobs/${Id}
20,7,ComponentResource,"",arn:${Partition}:amplifyuibuilder:${Region}:${Account}:app/${AppId}/environment/${EnvironmentName}/components/${Id}
21,7,FormResource,"",arn:${Partition}:amplifyuibuilder:${Region}:${Account}:app/${AppId}/environment/${EnvironmentName}/forms/${Id}
22,7,ThemeResource,"",arn:${Partition}:amplifyuibuilder:${Region}:${Account}:app/${AppId}/environment/${EnvironmentName}/themes/${Id}
23,8,gatewayRoute,"",arn:${Partition}:appmesh:${Region}:${Account}:mesh/${MeshName}/virtualGateway/${VirtualGatewayName}/gatewayRoute/${GatewayRouteName}
24,8,mesh,"",arn:${Partition}:appmesh:${Region}:${Account}:mesh/${MeshName}
25,8,route,"",arn:${Partition}:appmesh:${Region}:${Account}:mesh/${MeshName}/virtualRouter/${VirtualRouterName}/route/${RouteName}
26,8,virtualGateway,"",arn:${Partition}:appmesh:${Region}:${Account}:mesh/${MeshName}/virtualGateway/${VirtualGatewayName}
27,8,virtualNode,"",arn:${Partition}:appmesh:${Region}:${Account}:mesh/${MeshName}/virtualNode/${VirtualNodeName}
28,8,virtualRouter,"",arn:${Partition}:appmesh:${Region}:${Account}:mesh/${MeshName}/virtualRouter/${VirtualRouterName}
29,8,virtualService,"",arn:${Partition}:appmesh:${Region}:${Account}:mesh/${MeshName}/virtualService/${VirtualServiceName}
30,9,gatewayRoute,"",arn:${Partition}:appmesh-preview:${Region}:${Account}:mesh/${MeshName}/virtualGateway/${VirtualGatewayName}/gatewayRoute/${GatewayRouteName}
31,9,mesh,"",arn:${Partition}:appmesh-preview:${Region}:${Account}:mesh/${MeshName}
32,9,route,"",arn:${Partition}:appmesh-preview:${Region}:${Account}:mesh/${MeshName}/virtualRouter/${VirtualRouterName}/route/${RouteName}
33,9,virtualGateway,"",arn:${Partition}:appmesh-preview:${Region}:${Account}:mesh/${MeshName}/virtualGateway/${VirtualGatewayName}
34,9,virtualNode,"",arn:${Partition}:appmesh-preview:${Region}:${Account}:mesh/${MeshName}/virtualNode/${VirtualNodeName}
35,9,virtualRouter,"",arn:${Partition}:appmesh-preview:${Region}:${Account}:mesh/${MeshName}/virtualRouter/${VirtualRouterName}
36,9,virtualService,"",arn:${Partition}:appmesh-preview:${Region}:${Account}:mesh/${MeshName}/virtualService/${VirtualServiceName}
37,10,autoscalingconfiguration,"",arn:${Partition}:apprunner:${Region}:${Account}:autoscalingconfiguration/${AutoscalingConfigurationName}/${AutoscalingConfigurationVersion}/${AutoscalingConfigurationId}
38,10,connection,"",arn:${Partition}:apprunner:${Region}:${Account}:connection/${ConnectionName}/${ConnectionId}
39,10,observabilityconfiguration,"",arn:${Partition}:apprunner:${Region}:${Account}:observabilityconfiguration/${ObservabilityConfigurationName}/${ObservabilityConfigurationVersion}/${ObservabilityConfigurationId}
40,10,service,"",arn:${Partition}:apprunner:${Region}:${Account}:service/${ServiceName}/${ServiceId}
41,10,vpcconnector,"",arn:${Partition}:apprunner:${Region}:${Account}:vpcconnector/${VpcConnectorName}/${VpcConnectorVersion}/${VpcConnectorId}
42,10,vpcingressconnection,"",arn:${Partition}:apprunner:${Region}:${Account}:vpcingressconnection/${VpcIngressConnectionName}/${VpcIngressConnectionId}
43,10,webacl,"",arn:${Partition}:wafv2:${Region}:${Account}:${Scope}/webacl/${Name}/${Id}
44,11,application,"",arn:${Partition}:appstudio:${Region}:${Account}:application/${ApplicationId}
45,11,connector,"",arn:${Partition}:appstudio:${Region}:${Account}:connector/${ConnectionId}
46,11,instance,"",arn:${Partition}:appstudio:${Region}:${Account}:instance/${InstanceId}
47,13,application,"",arn:${Partition}:appconfig:${Region}:${Account}:application/${ApplicationId}
48,13,configuration,"",arn:${Partition}:appconfig:${Region}:${Account}:application/${ApplicationId}/environment/${EnvironmentId}/configuration/${ConfigurationProfileId}
49,13,configurationprofile,"",arn:${Partition}:appconfig:${Region}:${Account}:application/${ApplicationId}/configurationprofile/${ConfigurationProfileId}
50,13,deployment,"",arn:${Partition}:appconfig:${Region}:${Account}:application/${ApplicationId}/environment/${EnvironmentId}/deployment/${DeploymentNumber}
51,13,deploymentstrategy,"",arn:${Partition}:appconfig:${Region}:${Account}:deploymentstrategy/${DeploymentStrategyId}
52,13,environment,"",arn:${Partition}:appconfig:${Region}:${Account}:application/${ApplicationId}/environment/${EnvironmentId}
53,13,experimentdefinition,"",arn:${Partition}:appconfig:${Region}:${Account}:application/${ApplicationId}/experimentdefinition/${ExperimentDefinitionId}
54,13,experimentrun,"",arn:${Partition}:appconfig:${Region}:${Account}:application/${ApplicationId}/experimentdefinition/${ExperimentDefinitionId}/experimentrun/${ExperimentRunNumber}
55,13,extension,"",arn:${Partition}:appconfig:${Region}:${Account}:extension/${ExtensionId}/${ExtensionVersionNumber}
56,13,extensionassociation,"",arn:${Partition}:appconfig:${Region}:${Account}:extensionassociation/${ExtensionAssociationId}
57,13,hostedconfigurationversion,"",arn:${Partition}:appconfig:${Region}:${Account}:application/${ApplicationId}/configurationprofile/${ConfigurationProfileId}
58,14,appauthorization,"",arn:${Partition}:appfabric:${Region}:${Account}:appbundle/${AppbundleId}/appauthorization/${AppAuthorizationIdentifier}
59,14,appbundle,"",arn:${Partition}:appfabric:${Region}:${Account}:appbundle/${AppBundleIdentifier}
60,14,ingestion,"",arn:${Partition}:appfabric:${Region}:${Account}:appbundle/${AppbundleId}/ingestion/${IngestionIdentifier}
61,14,ingestiondestination,"",arn:${Partition}:appfabric:${Region}:${Account}:appbundle/${AppbundleId}/ingestion/${IngestionIdentifier}/ingestiondestination/${IngestionDestinationIdentifier}
62,15,api,"",arn:${Partition}:appsync:${Region}:${Account}:apis/${ApiId}
63,15,channelNamespace,"",arn:${Partition}:appsync:${Region}:${Account}:apis/${ApiId}/channelNamespace/${ChannelNamespaceName}
64,15,datasource,"",arn:${Partition}:appsync:${Region}:${Account}:apis/${GraphQLAPIId}/datasources/${DatasourceName}
65,15,domain,"",arn:${Partition}:appsync:${Region}:${Account}:domainnames/${DomainName}
66,15,field,"",arn:${Partition}:appsync:${Region}:${Account}:apis/${GraphQLAPIId}/types/${TypeName}/fields/${FieldName}
67,15,function,"",arn:${Partition}:appsync:${Region}:${Account}:apis/${GraphQLAPIId}/functions/${FunctionId}
68,15,graphqlapi,"",arn:${Partition}:appsync:${Region}:${Account}:apis/${GraphQLAPIId}
69,15,mergedApiAssociation,"",arn:${Partition}:appsync:${Region}:${Account}:apis/${SourceGraphQLAPIId}/mergedApiAssociations/${Associationid}
70,15,sourceApiAssociation,"",arn:${Partition}:appsync:${Region}:${Account}:apis/${MergedGraphQLAPIId}/sourceApiAssociations/${Associationid}
71,15,type,"",arn:${Partition}:appsync:${Region}:${Account}:apis/${GraphQLAPIId}/types/${TypeName}
72,16,ScalableTarget,"",arn:${Partition}:application-autoscaling:${Region}:${Account}:scalable-target/${ResourceId}
73,18,ApplicationResource,"",arn:${Partition}:mgn:${Region}:${Account}:application/${ApplicationID}
74,18,ConnectorResource,"",arn:${Partition}:mgn:${Region}:${Account}:connector/${ConnectorID}
75,18,ExportResource,"",arn:${Partition}:mgn:${Region}:${Account}:export/${ExportID}
76,18,ImportResource,"",arn:${Partition}:mgn:${Region}:${Account}:import/${ImportID}
77,18,JobResource,"",arn:${Partition}:mgn:${Region}:${Account}:job/${JobID}
78,18,LaunchConfigurationTemplateResource,"",arn:${Partition}:mgn:${Region}:${Account}:launch-configuration-template/${LaunchConfigurationTemplateID}
79,18,NetworkMigrationDefinitionResource,"",arn:${Partition}:mgn:${Region}:${Account}:network-migration-definition/${NetworkMigrationDefinitionID}
80,18,ReplicationConfigurationTemplateResource,"",arn:${Partition}:mgn:${Region}:${Account}:replication-configuration-template/${ReplicationConfigurationTemplateID}
81,18,SourceServerResource,"",arn:${Partition}:mgn:${Region}:${Account}:source-server/${SourceServerID}
82,18,VcenterClientResource,"",arn:${Partition}:mgn:${Region}:${Account}:vcenter-client/${VcenterClientID}
83,18,WaveResource,"",arn:${Partition}:mgn:${Region}:${Account}:wave/${WaveID}
84,20,agreement,"",arn:${Partition}:artifact:::agreement/*
85,20,compliance-inquiry,"",arn:${Partition}:artifact:${Region}:${Account}:compliance-inquiry/*
86,20,customer-agreement,"",arn:${Partition}:artifact::${Account}:customer-agreement/*
87,20,report,"",arn:${Partition}:artifact:${Region}::report/${ReportId}:${Version}
88,21,assessment,"",arn:${Partition}:auditmanager:${Region}:${Account}:assessment/${AssessmentId}
89,21,assessmentControlSet,"",arn:${Partition}:auditmanager:${Region}:${Account}:assessment/${AssessmentId}/controlSet/${ControlSetId}
90,21,assessmentFramework,"",arn:${Partition}:auditmanager:${Region}:${Account}:assessmentFramework/${AssessmentFrameworkId}
91,21,control,"",arn:${Partition}:auditmanager:${Region}:${Account}:control/${ControlId}
92,23,capability,"",arn:${Partition}:b2bi:${Region}:${Account}:capability/${ResourceId}
93,23,partnership,"",arn:${Partition}:b2bi:${Region}:${Account}:partnership/${ResourceId}
94,23,profile,"",arn:${Partition}:b2bi:${Region}:${Account}:profile/${ResourceId}
95,23,transformer,"",arn:${Partition}:b2bi:${Region}:${Account}:transformer/${ResourceId}
96,24,backupAccessPoint,"",arn:${Partition}:backup:${Region}:${Account}:accesspoint/${AccessPointName}
97,24,backupPlan,"",arn:${Partition}:backup:${Region}:${Account}:backup-plan:${BackupPlanId}
98,24,backupVault,"",arn:${Partition}:backup:${Region}:${Account}:backup-vault:${BackupVaultName}
99,24,framework,"",arn:${Partition}:backup:${Region}:${Account}:framework:${FrameworkName}-${FrameworkId}
100,24,legalHold,"",arn:${Partition}:backup:${Region}:${Account}:legal-hold:${LegalHoldId}
101,24,recoveryPoint,"",arn:${Partition}:${Vendor}:${Region}:*:${ResourceType}:${RecoveryPointId}
102,24,reportPlan,"",arn:${Partition}:backup:${Region}:${Account}:report-plan:${ReportPlanName}-${ReportPlanId}
103,24,restoreTestingPlan,"",arn:${Partition}:backup:${Region}:${Account}:restore-testing-plan:${RestoreTestingPlanName}-${RestoreTestingPlanId}
104,24,tieringConfiguration,"",arn:${Partition}:backup:${Region}:${Account}:tiering-configuration:${TieringConfigurationName}-${TieringConfigurationId}
105,25,gateway,"",arn:${Partition}:backup-gateway:${Region}:${Account}:gateway/${GatewayId}
106,25,hypervisor,"",arn:${Partition}:backup-gateway:${Region}:${Account}:hypervisor/${HypervisorId}
107,25,virtualmachine,"",arn:${Partition}:backup-gateway:${Region}:${Account}:vm/${VirtualmachineId}
108,26,searchExportJob,"",arn:${Partition}:backup-search:${Region}:${Account}:search-export-job/${ResourceId}
109,26,searchJob,"",arn:${Partition}:backup-search:${Region}:${Account}:search-job/${ResourceId}
110,28,compute-environment,"",arn:${Partition}:batch:${Region}:${Account}:compute-environment/${ComputeEnvironmentName}
111,28,consumable-resource,"",arn:${Partition}:batch:${Region}:${Account}:consumable-resource/${ConsumableResourceName}
112,28,job,"",arn:${Partition}:batch:${Region}:${Account}:job/${JobId}
113,28,job-definition,"",arn:${Partition}:batch:${Region}:${Account}:job-definition/${JobDefinitionName}
114,28,job-definition-revision,"",arn:${Partition}:batch:${Region}:${Account}:job-definition/${JobDefinitionName}:${Revision}
115,28,job-queue,"",arn:${Partition}:batch:${Region}:${Account}:job-queue/${JobQueueName}
116,28,quota-share,"",arn:${Partition}:batch:${Region}:${Account}:job-queue/${JobQueueName}/quota-share/${QuotaShareName}
117,28,scheduling-policy,"",arn:${Partition}:batch:${Region}:${Account}:scheduling-policy/${SchedulingPolicyName}
118,28,service-environment,"",arn:${Partition}:batch:${Region}:${Account}:service-environment/${ServiceEnvironmentName}
119,28,service-job,"",arn:${Partition}:batch:${Region}:${Account}:service-job/${JobId}
120,29,billingview,"",arn:${Partition}:billing::${Account}:billingview/${ResourceId}
121,30,billingview,"",arn:${Partition}:billing::${Account}:billingview/${ResourceId}
122,30,export,"",arn:${Partition}:bcm-data-exports:${Region}:${Account}:export/${Identifier}
123,30,table,"",arn:${Partition}:bcm-data-exports:${Region}:${Account}:table/${Identifier}
124,31,bill-estimate,"",arn:${Partition}:bcm-pricing-calculator::${Account}:bill-estimate/${BillEstimateId}
125,31,bill-scenario,"",arn:${Partition}:bcm-pricing-calculator::${Account}:bill-scenario/${BillScenarioId}
126,31,workload-estimate,"",arn:${Partition}:bcm-pricing-calculator::${Account}:workload-estimate/${WorkloadEstimateId}
127,33,billinggroup,"",arn:${Partition}:billingconductor::${Account}:billinggroup/${BillingGroupId}
128,33,customlineitem,"",arn:${Partition}:billingconductor::${Account}:customlineitem/${CustomLineItemId}
129,33,pricingplan,"",arn:${Partition}:billingconductor::${Account}:pricingplan/${PricingPlanId}
130,33,pricingrule,"",arn:${Partition}:billingconductor::${Account}:pricingrule/${PricingRuleId}
131,35,dashboard,"",arn:${Partition}:bcm-dashboards::${Account}:dashboard/${DashboardName}
132,35,scheduled-report,"",arn:${Partition}:bcm-dashboards::${Account}:scheduled-report/${ScheduledReportName}
133,36,budget,"",arn:${Partition}:budgets::${Account}:budget/${BudgetName}
134,36,budgetAction,"",arn:${Partition}:budgets::${Account}:budget/${BudgetName}/action/${ActionId}
135,37,Event,"",arn:${Partition}:bugbust:${Region}:${Account}:events/${EventId}
136,38,acme-domain-validation,"",arn:${Partition}:acm:${Region}:${Account}:acme-endpoint/${AcmeEndpointId}/acme-domain-validation/${AcmeDomainValidationId}
137,38,acme-endpoint,"",arn:${Partition}:acm:${Region}:${Account}:acme-endpoint/${AcmeEndpointId}
138,38,acme-external-account-binding,"",arn:${Partition}:acm:${Region}:${Account}:acme-endpoint/${AcmeEndpointId}/acme-external-account-binding/${ExternalAccountBindingId}
139,38,certificate,"",arn:${Partition}:acm:${Region}:${Account}:certificate/${CertificateId}
140,39,ChatbotConfiguration,"",arn:${Partition}:chatbot::${Account}:chat-configuration/${ConfigurationType}/${ChatbotConfigurationName}
141,39,custom-action,"",arn:${Partition}:chatbot::${Account}:custom-action/${ActionName}
142,40,analysistemplate,"",arn:${Partition}:cleanrooms:${Region}:${Account}:membership/${MembershipId}/analysistemplate/${AnalysisTemplateId}
143,40,collaboration,"",arn:${Partition}:cleanrooms:${Region}:${Account}:collaboration/${CollaborationId}
144,40,configuredaudiencemodelassociation,"",arn:${Partition}:cleanrooms:${Region}:${Account}:membership/${MembershipId}/configuredaudiencemodelassociation/${ConfiguredAudienceModelAssociationId}
145,40,configuredtable,"",arn:${Partition}:cleanrooms:${Region}:${Account}:configuredtable/${ConfiguredTableId}
146,40,configuredtableassociation,"",arn:${Partition}:cleanrooms:${Region}:${Account}:membership/${MembershipId}/configuredtableassociation/${ConfiguredTableAssociationId}
147,40,idmappingtable,"",arn:${Partition}:cleanrooms:${Region}:${Account}:membership/${MembershipId}/idmappingtable/${IdMappingTableId}
148,40,idnamespaceassociation,"",arn:${Partition}:cleanrooms:${Region}:${Account}:membership/${MembershipId}/idnamespaceassociation/${IdNamespaceAssociationId}
149,40,intermediatetable,"",arn:${Partition}:cleanrooms:${Region}:${Account}:membership/${MembershipId}/intermediatetable/${IntermediateTableId}
150,40,membership,"",arn:${Partition}:cleanrooms:${Region}:${Account}:membership/${MembershipId}
151,40,privacybudgettemplate,"",arn:${Partition}:cleanrooms:${Region}:${Account}:membership/${MembershipId}/privacybudgettemplate/${PrivacyBudgetTemplateId}
152,41,ConfiguredModelAlgorithm,"",arn:${Partition}:cleanrooms-ml:${Region}:${Account}:configured-model-algorithm/${ResourceId}
153,41,ConfiguredModelAlgorithmAssociation,"",arn:${Partition}:cleanrooms-ml:${Region}:${Account}:membership/${MembershipId}/configured-model-algorithm-association/${ResourceId}
154,41,MLInputChannel,"",arn:${Partition}:cleanrooms-ml:${Region}:${Account}:membership/${MembershipId}/ml-input-channel/${ResourceId}
155,41,TrainedModel,"",arn:${Partition}:cleanrooms-ml:${Region}:${Account}:membership/${MembershipId}/trained-model/${ResourceId}
156,41,TrainedModelInferenceJob,"",arn:${Partition}:cleanrooms-ml:${Region}:${Account}:membership/${MembershipId}/trained-model-inference-job/${ResourceId}
157,41,audiencegenerationjob,"",arn:${Partition}:cleanrooms-ml:${Region}:${Account}:audience-generation-job/${ResourceId}
158,41,audiencemodel,"",arn:${Partition}:cleanrooms-ml:${Region}:${Account}:audience-model/${ResourceId}
159,41,configuredaudiencemodel,"",arn:${Partition}:cleanrooms-ml:${Region}:${Account}:configured-audience-model/${ResourceId}
160,41,trainingdataset,"",arn:${Partition}:cleanrooms-ml:${Region}:${Account}:training-dataset/${ResourceId}
161,43,namespace,"",arn:${Partition}:servicediscovery:${Region}:${Account}:namespace/${NamespaceId}
162,43,service,"",arn:${Partition}:servicediscovery:${Region}:${Account}:service/${ServiceId}
163,44,environment,"",arn:${Partition}:cloud9:${Region}:${Account}:environment:${ResourceId}
164,45,changeset,"",arn:${Partition}:cloudformation:${Region}:${Account}:changeSet/${ChangeSetName}/${Id}
165,45,generatedtemplate,"",arn:${Partition}:cloudformation:${Region}:${Account}:generatedTemplate/${Id}
166,45,resourcescan,"",arn:${Partition}:cloudformation:${Region}:${Account}:resourceScan/${Id}
167,45,stack,"",arn:${Partition}:cloudformation:${Region}:${Account}:stack/${StackName}/${Id}
168,45,stackset,"",arn:${Partition}:cloudformation:${Region}:${Account}:stackset/${StackSetName}:${Id}
169,45,stackset-target,"",arn:${Partition}:cloudformation:${Region}:${Account}:stackset-target/${StackSetTarget}
170,45,type,"",arn:${Partition}:cloudformation:${Region}:${Account}:type/resource/${Type}
171,45,typeHook,"",arn:${Partition}:cloudformation:${Region}:${Account}:type/hook/${Type}
172,46,backup,"",arn:${Partition}:cloudhsm:${Region}:${Account}:backup/${CloudHsmBackupInstanceName}
173,46,cluster,"",arn:${Partition}:cloudhsm:${Region}:${Account}:cluster/${CloudHsmClusterInstanceName}
174,47,Environment,"",arn:${Partition}:cloudshell:${Region}:${Account}:environment/${EnvironmentId}
175,48,channel,"",arn:${Partition}:cloudtrail:${Region}:${Account}:channel/${ChannelId}
176,48,dashboard,"",arn:${Partition}:cloudtrail:${Region}:${Account}:dashboard/${DashboardName}
177,48,eventdatastore,"",arn:${Partition}:cloudtrail:${Region}:${Account}:eventdatastore/${EventDataStoreId}
178,48,trail,"",arn:${Partition}:cloudtrail:${Region}:${Account}:trail/${TrailName}
179,49,channel,"",arn:${Partition}:cloudtrail:${Region}:${Account}:channel/${ChannelId}
180,50,AppMonitorResource,"",arn:${Partition}:rum:${Region}:${Account}:appmonitor/${Name}
181,51,domain,"",arn:${Partition}:codeartifact:${Region}:${Account}:domain/${DomainName}
182,51,package,"",arn:${Partition}:codeartifact:${Region}:${Account}:package/${DomainName}/${RepositoryName}/${PackageFormat}/${PackageNamespace}/${PackageName}
183,51,package-group,"",arn:${Partition}:codeartifact:${Region}:${Account}:package-group/${DomainName}${EncodedPackageGroupPattern}
184,51,repository,"",arn:${Partition}:codeartifact:${Region}:${Account}:repository/${DomainName}/${RepositoryName}
185,52,build,"",arn:${Partition}:codebuild:${Region}:${Account}:build/${BuildId}
186,52,build-batch,"",arn:${Partition}:codebuild:${Region}:${Account}:build-batch/${BuildBatchId}
187,52,fleet,"",arn:${Partition}:codebuild:${Region}:${Account}:fleet/${FleetName}:${FleetId}
188,52,project,"",arn:${Partition}:codebuild:${Region}:${Account}:project/${ProjectName}
189,52,report,"",arn:${Partition}:codebuild:${Region}:${Account}:report/${ReportGroupName}:${ReportId}
190,52,report-group,"",arn:${Partition}:codebuild:${Region}:${Account}:report-group/${ReportGroupName}
191,52,sandbox,"",arn:${Partition}:codebuild:${Region}:${Account}:sandbox/${SandboxId}
192,53,repository,"",arn:${Partition}:codecommit:${Region}:${Account}:${RepositoryName}
193,54,Connection,"",arn:${Partition}:codeconnections:${Region}:${Account}:connection/${ConnectionId}
194,54,Host,"",arn:${Partition}:codeconnections:${Region}:${Account}:host/${HostId}
195,54,RepositoryLink,"",arn:${Partition}:codeconnections:${Region}:${Account}:repository-link/${RepositoryLinkId}
196,55,application,"",arn:${Partition}:codedeploy:${Region}:${Account}:application:${ApplicationName}
197,55,deploymentconfig,"",arn:${Partition}:codedeploy:${Region}:${Account}:deploymentconfig:${DeploymentConfigurationName}
198,55,deploymentgroup,"",arn:${Partition}:codedeploy:${Region}:${Account}:deploymentgroup:${ApplicationName}/${DeploymentGroupName}
199,55,instance,"",arn:${Partition}:codedeploy:${Region}:${Account}:instance:${InstanceName}
200,57,action,"",arn:${Partition}:codepipeline:${Region}:${Account}:${PipelineName}/${StageName}/${ActionName}
201,57,actiontype,"",arn:${Partition}:codepipeline:${Region}:${Account}:actiontype:${Owner}/${Category}/${Provider}/${Version}
202,57,pipeline,"",arn:${Partition}:codepipeline:${Region}:${Account}:${PipelineName}
203,57,stage,"",arn:${Partition}:codepipeline:${Region}:${Account}:${PipelineName}/${StageName}
204,57,webhook,"",arn:${Partition}:codepipeline:${Region}:${Account}:webhook:${WebhookName}
205,58,project,"",arn:${Partition}:codestar:${Region}:${Account}:project/${ProjectId}
206,58,user,"",arn:${Partition}:iam::${Account}:user/${AwsUserName}
207,59,Connection,"",arn:${Partition}:codestar-connections:${Region}:${Account}:connection/${ConnectionId}
208,59,Host,"",arn:${Partition}:codestar-connections:${Region}:${Account}:host/${HostId}
209,59,RepositoryLink,"",arn:${Partition}:codestar-connections:${Region}:${Account}:repository-link/${RepositoryLinkId}
210,60,notificationrule,"",arn:${Partition}:codestar-notifications:${Region}:${Account}:notificationrule/${NotificationRuleId}
211,62,AutomationRule,"",arn:${Partition}:compute-optimizer::${Account}:automation-rule/${RuleId}
212,63,AggregationAuthorization,"",arn:${Partition}:config:${Region}:${Account}:aggregation-authorization/${AggregatorAccount}/${AggregatorRegion}
213,63,ConfigRule,"",arn:${Partition}:config:${Region}:${Account}:config-rule/${ConfigRuleId}
214,63,ConfigurationAggregator,"",arn:${Partition}:config:${Region}:${Account}:config-aggregator/${AggregatorId}
215,63,ConfigurationRecorder,"",arn:${Partition}:config:${Region}:${Account}:configuration-recorder/${RecorderName}/${RecorderId}
216,63,ConformancePack,"",arn:${Partition}:config:${Region}:${Account}:conformance-pack/${ConformancePackName}/${ConformancePackId}
217,63,Connector,"",arn:${Partition}:config:${Region}:${Account}:connector/${Provider}/${ProviderId}/${ConnectorId}
218,63,OrganizationConfigRule,"",arn:${Partition}:config:${Region}:${Account}:organization-config-rule/${OrganizationConfigRuleId}
219,63,OrganizationConformancePack,"",arn:${Partition}:config:${Region}:${Account}:organization-conformance-pack/${OrganizationConformancePackId}
220,63,RemediationConfiguration,"",arn:${Partition}:config:${Region}:${Account}:remediation-configuration/${RemediationConfigurationId}
221,63,StoredQuery,"",arn:${Partition}:config:${Region}:${Account}:stored-query/${StoredQueryName}/${StoredQueryId}
222,66,common-control,"",arn:${Partition}:controlcatalog:::common-control/${CommonControlId}
223,66,control,"",arn:${Partition}:controlcatalog:::control/${ControlId}
224,66,domain,"",arn:${Partition}:controlcatalog:::domain/${DomainId}
225,66,objective,"",arn:${Partition}:controlcatalog:::objective/${ObjectiveId}
226,67,Baseline,"",arn:${Partition}:controltower:${Region}::baseline/${BaselineId}
227,67,EnabledBaseline,"",arn:${Partition}:controltower:${Region}:${Account}:enabledbaseline/${EnabledBaselineId}
228,67,EnabledControl,"",arn:${Partition}:controltower:${Region}:${Account}:enabledcontrol/${EnabledControlId}
229,67,LandingZone,"",arn:${Partition}:controltower:${Region}:${Account}:landingzone/${LandingZoneId}
230,68,anomalymonitor,"",arn:${Partition}:ce::${Account}:anomalymonitor/${Identifier}
231,68,anomalysubscription,"",arn:${Partition}:ce::${Account}:anomalysubscription/${Identifier}
232,68,billingview,"",arn:${Partition}:billing::${Account}:billingview/${ResourceId}
233,68,costcategory,"",arn:${Partition}:ce::${Account}:costcategory/${Identifier}
234,70,cur,"",arn:${Partition}:cur:${Region}:${Account}:definition/${ReportName}
235,72,assets,"",arn:${Partition}:dataexchange:${Region}:${Account}:data-sets/${DataSetId}/revisions/${RevisionId}/assets/${AssetId}
236,72,data-grants,"",arn:${Partition}:dataexchange:${Region}:${Account}:data-grants/${DataGrantId}
237,72,data-sets,"",arn:${Partition}:dataexchange:${Region}:${Account}:data-sets/${DataSetId}
238,72,entitled-assets,"",arn:${Partition}:dataexchange:${Region}::data-sets/${DataSetId}/revisions/${RevisionId}/assets/${AssetId}
239,72,entitled-data-sets,"",arn:${Partition}:dataexchange:${Region}::data-sets/${DataSetId}
240,72,entitled-revisions,"",arn:${Partition}:dataexchange:${Region}::data-sets/${DataSetId}/revisions/${RevisionId}
241,72,event-actions,"",arn:${Partition}:dataexchange:${Region}:${Account}:event-actions/${EventActionId}
242,72,jobs,"",arn:${Partition}:dataexchange:${Region}:${Account}:jobs/${JobId}
243,72,revisions,"",arn:${Partition}:dataexchange:${Region}:${Account}:data-sets/${DataSetId}/revisions/${RevisionId}
244,73,pipeline,"",arn:${Partition}:datapipeline:${Region}:${Account}:pipeline/${PipelineId}
245,74,agent,"",arn:${Partition}:datasync:${Region}:${AccountId}:agent/${AgentId}
246,74,discoveryjob,"",arn:${Partition}:datasync:${Region}:${AccountId}:system/${StorageSystemId}/job/${DiscoveryJobId}
247,74,location,"",arn:${Partition}:datasync:${Region}:${AccountId}:location/${LocationId}
248,74,storagesystem,"",arn:${Partition}:datasync:${Region}:${AccountId}:system/${StorageSystemId}
249,74,task,"",arn:${Partition}:datasync:${Region}:${AccountId}:task/${TaskId}
250,74,taskexecution,"",arn:${Partition}:datasync:${Region}:${AccountId}:task/${TaskId}/execution/${ExecutionId}
251,75,Certificate,"",arn:${Partition}:dms:${Region}:${Account}:cert:*
252,75,DataMigration,"",arn:${Partition}:dms:${Region}:${Account}:data-migration:*
253,75,DataProvider,"",arn:${Partition}:dms:${Region}:${Account}:data-provider:*
254,75,Endpoint,"",arn:${Partition}:dms:${Region}:${Account}:endpoint:*
255,75,EventSubscription,"",arn:${Partition}:dms:${Region}:${Account}:es:*
256,75,InstanceProfile,"",arn:${Partition}:dms:${Region}:${Account}:instance-profile:*
257,75,MigrationProject,"",arn:${Partition}:dms:${Region}:${Account}:migration-project:*
258,75,ReplicationConfig,"",arn:${Partition}:dms:${Region}:${Account}:replication-config:*
259,75,ReplicationInstance,"",arn:${Partition}:dms:${Region}:${Account}:rep:*
260,75,ReplicationSubnetGroup,"",arn:${Partition}:dms:${Region}:${Account}:subgrp:*
261,75,ReplicationTask,"",arn:${Partition}:dms:${Region}:${Account}:task:*
262,75,ReplicationTaskAssessmentRun,"",arn:${Partition}:dms:${Region}:${Account}:assessment-run:*
263,75,ReplicationTaskIndividualAssessment,"",arn:${Partition}:dms:${Region}:${Account}:individual-assessment:*
264,76,budget,"",arn:${Partition}:deadline:${Region}:${Account}:farm/${FarmId}/budget/${BudgetId}
265,76,farm,"",arn:${Partition}:deadline:${Region}:${Account}:farm/${FarmId}
266,76,fleet,"",arn:${Partition}:deadline:${Region}:${Account}:farm/${FarmId}/fleet/${FleetId}
267,76,job,"",arn:${Partition}:deadline:${Region}:${Account}:farm/${FarmId}/queue/${QueueId}/job/${JobId}
268,76,license-endpoint,"",arn:${Partition}:deadline:${Region}:${Account}:license-endpoint/${LicenseEndpointId}
269,76,monitor,"",arn:${Partition}:deadline:${Region}:${Account}:monitor/${MonitorId}
270,76,queue,"",arn:${Partition}:deadline:${Region}:${Account}:farm/${FarmId}/queue/${QueueId}
271,76,volume,"",arn:${Partition}:deadline:${Region}:${Account}:farm/${FarmId}/fleet/${FleetId}/volume/${VolumeId}
272,76,worker,"",arn:${Partition}:deadline:${Region}:${Account}:farm/${FarmId}/fleet/${FleetId}/worker/${WorkerId}
273,77,agentspace,"",arn:${Partition}:aidevops:${Region}:${Account}:agentspace/${AgentSpaceId}
274,77,asset,"",arn:${Partition}:aidevops:${Region}:${Account}:agentspace/${AgentSpaceId}/asset/${AssetId}
275,77,associations,"",arn:${Partition}:aidevops:${Region}:${Account}:agentspace/${AgentSpaceId}/association/${AssociationId}
276,77,private-connection,"",arn:${Partition}:aidevops:${Region}:${Account}:private-connection/${Name}
277,77,service,"",arn:${Partition}:aidevops:${Region}:${Account}:service/${ServiceId}
278,77,trigger,"",arn:${Partition}:aidevops:${Region}:${Account}:agentspace/${AgentSpaceId}/trigger/${TriggerId}
279,78,artifact,"",arn:${Partition}:devicefarm:${Region}:${Account}:artifact:${ResourceId}
280,78,device,"",arn:${Partition}:devicefarm:${Region}::device:${ResourceId}
281,78,deviceinstance,"",arn:${Partition}:devicefarm:${Region}::deviceinstance:${ResourceId}
282,78,devicepool,"",arn:${Partition}:devicefarm:${Region}:${Account}:devicepool:${ResourceId}
283,78,instanceprofile,"",arn:${Partition}:devicefarm:${Region}:${Account}:instanceprofile:${ResourceId}
284,78,job,"",arn:${Partition}:devicefarm:${Region}:${Account}:job:${ResourceId}
285,78,networkprofile,"",arn:${Partition}:devicefarm:${Region}:${Account}:networkprofile:${ResourceId}
286,78,project,"",arn:${Partition}:devicefarm:${Region}:${Account}:project:${ResourceId}
287,78,run,"",arn:${Partition}:devicefarm:${Region}:${Account}:run:${ResourceId}
288,78,sample,"",arn:${Partition}:devicefarm:${Region}:${Account}:sample:${ResourceId}
289,78,session,"",arn:${Partition}:devicefarm:${Region}:${Account}:session:${ResourceId}
290,78,suite,"",arn:${Partition}:devicefarm:${Region}:${Account}:suite:${ResourceId}
291,78,test,"",arn:${Partition}:devicefarm:${Region}:${Account}:test:${ResourceId}
292,78,testgrid-project,"",arn:${Partition}:devicefarm:${Region}:${Account}:testgrid-project:${ResourceId}
293,78,testgrid-session,"",arn:${Partition}:devicefarm:${Region}:${Account}:testgrid-session:${ResourceId}
294,78,upload,"",arn:${Partition}:devicefarm:${Region}:${Account}:upload:${ResourceId}
295,78,vpceconfiguration,"",arn:${Partition}:devicefarm:${Region}:${Account}:vpceconfiguration:${ResourceId}
296,79,execution,"",arn:${Partition}:ts::${Account}:execution/${UserId}/${ToolId}/${ExecutionId}
297,79,tool,"",arn:${Partition}:ts::aws:tool/${ToolId}
298,80,dx-gateway,"",arn:${Partition}:directconnect::${Account}:dx-gateway/${DirectConnectGatewayId}
299,80,dx-resiliency-group,"",arn:${Partition}:directconnect::${Account}:dx-resiliency-group/${ResiliencyGroupId}
300,80,dxcon,"",arn:${Partition}:directconnect:${Region}:${Account}:dxcon/${ConnectionId}
301,80,dxlag,"",arn:${Partition}:directconnect:${Region}:${Account}:dxlag/${LagId}
302,80,dxvif,"",arn:${Partition}:directconnect:${Region}:${Account}:dxvif/${VirtualInterfaceId}
303,81,directory,"",arn:${Partition}:ds:${Region}:${Account}:directory/${DirectoryId}
304,82,directory,"",arn:${Partition}:ds:${Region}:${Account}:directory/${DirectoryId}
305,83,application,"",arn:${Partition}:elasticbeanstalk:${Region}:${Account}:application/${ApplicationName}
306,83,applicationversion,"",arn:${Partition}:elasticbeanstalk:${Region}:${Account}:applicationversion/${ApplicationName}/${VersionLabel}
307,83,configurationtemplate,"",arn:${Partition}:elasticbeanstalk:${Region}:${Account}:configurationtemplate/${ApplicationName}/${TemplateName}
308,83,environment,"",arn:${Partition}:elasticbeanstalk:${Region}:${Account}:environment/${ApplicationName}/${EnvironmentName}
309,83,platform,"",arn:${Partition}:elasticbeanstalk:${Region}::platform/${PlatformNameWithVersion}
310,83,solutionstack,"",arn:${Partition}:elasticbeanstalk:${Region}::solutionstack/${SolutionStackName}
311,84,JobResource,"",arn:${Partition}:drs:${Region}:${Account}:job/${JobID}
312,84,LaunchConfigurationTemplateResource,"",arn:${Partition}:drs:${Region}:${Account}:launch-configuration-template/${LaunchConfigurationTemplateID}
313,84,RecoveryInstanceResource,"",arn:${Partition}:drs:${Region}:${Account}:recovery-instance/${RecoveryInstanceID}
314,84,RecoveryPlanExecutionResource,"",arn:${Partition}:drs:${Region}:${Account}:recovery-plan-execution/${RecoveryPlanExecutionID}
315,84,RecoveryPlanResource,"",arn:${Partition}:drs:${Region}:${Account}:recovery-plan/${RecoveryPlanID}
316,84,ReplicationConfigurationTemplateResource,"",arn:${Partition}:drs:${Region}:${Account}:replication-configuration-template/${ReplicationConfigurationTemplateID}
317,84,SourceNetworkResource,"",arn:${Partition}:drs:${Region}:${Account}:source-network/${SourceNetworkID}
318,84,SourceServerResource,"",arn:${Partition}:drs:${Region}:${Account}:source-server/${SourceServerID}
319,85,loadbalancer,"",arn:${Partition}:elasticloadbalancing:${Region}:${Account}:loadbalancer/${LoadBalancerName}
320,86,listener-rule/app,"",arn:${Partition}:elasticloadbalancing:${Region}:${Account}:listener-rule/app/${LoadBalancerName}/${LoadBalancerId}/${ListenerId}/${ListenerRuleId}
321,86,listener-rule/net,"",arn:${Partition}:elasticloadbalancing:${Region}:${Account}:listener-rule/net/${LoadBalancerName}/${LoadBalancerId}/${ListenerId}/${ListenerRuleId}
322,86,listener/app,"",arn:${Partition}:elasticloadbalancing:${Region}:${Account}:listener/app/${LoadBalancerName}/${LoadBalancerId}/${ListenerId}
323,86,listener/gwy,"",arn:${Partition}:elasticloadbalancing:${Region}:${Account}:listener/gwy/${LoadBalancerName}/${LoadBalancerId}/${ListenerId}
324,86,listener/net,"",arn:${Partition}:elasticloadbalancing:${Region}:${Account}:listener/net/${LoadBalancerName}/${LoadBalancerId}/${ListenerId}
325,86,loadbalancer/app/,"",arn:${Partition}:elasticloadbalancing:${Region}:${Account}:loadbalancer/app/${LoadBalancerName}/${LoadBalancerId}
326,86,loadbalancer/gwy/,"",arn:${Partition}:elasticloadbalancing:${Region}:${Account}:loadbalancer/gwy/${LoadBalancerName}/${LoadBalancerId}
327,86,loadbalancer/net/,"",arn:${Partition}:elasticloadbalancing:${Region}:${Account}:loadbalancer/net/${LoadBalancerName}/${LoadBalancerId}
328,86,targetgroup,"",arn:${Partition}:elasticloadbalancing:${Region}:${Account}:targetgroup/${TargetGroupName}/${TargetGroupId}
329,86,truststore,"",arn:${Partition}:elasticloadbalancing:${Region}:${Account}:truststore/${TrustStoreName}/${TrustStoreId}
330,87,quote,"",arn:${Partition}:elemental-appliances-software:${Region}:${Account}:quote/${ResourceId}
331,89,dictionary,"",arn:${Partition}:elemental-inference:${Region}:${Account}:dictionary/${Id}
332,89,feed,"",arn:${Partition}:elemental-inference:${Region}:${Account}:feed/${Id}
333,90,Bridge,"",arn:${Partition}:mediaconnect:${Region}:${Account}:bridge:${BridgeId}:${BridgeName}
334,90,Entitlement,"",arn:${Partition}:mediaconnect:${Region}:${Account}:entitlement:${FlowId}:${EntitlementName}
335,90,Flow,"",arn:${Partition}:mediaconnect:${Region}:${Account}:flow:${FlowId}:${FlowName}
336,90,Gateway,"",arn:${Partition}:mediaconnect:${Region}:${Account}:gateway:${GatewayId}:${GatewayName}
337,90,GatewayInstance,"",arn:${Partition}:mediaconnect:${Region}:${Account}:gateway:${GatewayId}:${GatewayName}:instance:${InstanceId}
338,90,MediaStream,"",arn:${Partition}:mediaconnect:${Region}:${Account}:flow:${FlowId}:${FlowName}/mediaStream/${MediaStreamName}
339,90,Offering,"",arn:${Partition}:mediaconnect:${Region}:offering:${OfferingId}
340,90,Output,"",arn:${Partition}:mediaconnect:${Region}:${Account}:output:${OutputId}:${OutputName}
341,90,Reservation,"",arn:${Partition}:mediaconnect:${Region}:${Account}:reservation:${ReservationId}:${ReservationName}
342,90,RouterInput,"",arn:${Partition}:mediaconnect:${Region}:${Account}:routerInput:${RouterInputId}
343,90,RouterNetworkInterface,"",arn:${Partition}:mediaconnect:${Region}:${Account}:routerNetworkInterface:${RouterNetworkInterfaceId}
344,90,RouterOutput,"",arn:${Partition}:mediaconnect:${Region}:${Account}:routerOutput:${RouterOutputId}
345,90,Source,"",arn:${Partition}:mediaconnect:${Region}:${Account}:source:${SourceId}:${SourceName}
346,90,VpcInterface,"",arn:${Partition}:mediaconnect:${Region}:${Account}:flow:${FlowId}:${FlowName}/vpcInterface/${VpcInterfaceName}
347,91,CertificateAssociation,"",arn:${Partition}:mediaconvert:${Region}:${Account}:certificates/${CertificateArn}
348,91,Job,"",arn:${Partition}:mediaconvert:${Region}:${Account}:jobs/${JobId}
349,91,JobTemplate,"",arn:${Partition}:mediaconvert:${Region}:${Account}:jobTemplates/${JobTemplateName}
350,91,Preset,"",arn:${Partition}:mediaconvert:${Region}:${Account}:presets/${PresetName}
351,91,Queue,"",arn:${Partition}:mediaconvert:${Region}:${Account}:queues/${QueueName}
352,92,channel,"",arn:${Partition}:medialive:${Region}:${Account}:channel:${ChannelId}
353,92,channel-placement-group,"",arn:${Partition}:medialive:${Region}:${Account}:channelPlacementGroup:${ClusterId}/${ChannelPlacementGroupId}
354,92,cloudwatch-alarm-template,"",arn:${Partition}:medialive:${Region}:${Account}:cloudwatch-alarm-template:${CloudWatchAlarmTemplateId}
355,92,cloudwatch-alarm-template-group,"",arn:${Partition}:medialive:${Region}:${Account}:cloudwatch-alarm-template-group:${CloudWatchAlarmTemplateGroupId}
356,92,cluster,"",arn:${Partition}:medialive:${Region}:${Account}:cluster:${ClusterId}
357,92,eventbridge-rule-template,"",arn:${Partition}:medialive:${Region}:${Account}:eventbridge-rule-template:${EventBridgeRuleTemplateId}
358,92,eventbridge-rule-template-group,"",arn:${Partition}:medialive:${Region}:${Account}:eventbridge-rule-template-group:${EventBridgeRuleTemplateGroupId}
359,92,input,"",arn:${Partition}:medialive:${Region}:${Account}:input:${InputId}
360,92,input-device,"",arn:${Partition}:medialive:${Region}:${Account}:inputDevice:${DeviceId}
361,92,input-security-group,"",arn:${Partition}:medialive:${Region}:${Account}:inputSecurityGroup:${InputSecurityGroupId}
362,92,multiplex,"",arn:${Partition}:medialive:${Region}:${Account}:multiplex:${MultiplexId}
363,92,network,"",arn:${Partition}:medialive:${Region}:${Account}:network:${NetworkId}
364,92,node,"",arn:${Partition}:medialive:${Region}:${Account}:node:${ClusterId}/${NodeId}
365,92,offering,"",arn:${Partition}:medialive:${Region}:${Account}:offering:${OfferingId}
366,92,reservation,"",arn:${Partition}:medialive:${Region}:${Account}:reservation:${ReservationId}
367,92,sdi-source,"",arn:${Partition}:medialive:${Region}:${Account}:sdiSource:${SdiSourceId}
368,92,signal-map,"",arn:${Partition}:medialive:${Region}:${Account}:signal-map:${SignalMapId}
369,93,channels,"",arn:${Partition}:mediapackage:${Region}:${Account}:channels/${ChannelIdentifier}
370,93,harvest_jobs,"",arn:${Partition}:mediapackage:${Region}:${Account}:harvest_jobs/${HarvestJobIdentifier}
371,93,origin_endpoints,"",arn:${Partition}:mediapackage:${Region}:${Account}:origin_endpoints/${OriginEndpointIdentifier}
372,94,Channel,"",arn:${Partition}:mediapackagev2:${Region}:${Account}:channelGroup/${ChannelGroupName}/channel/${ChannelName}
373,94,ChannelGroup,"",arn:${Partition}:mediapackagev2:${Region}:${Account}:channelGroup/${ChannelGroupName}
374,94,ChannelPolicy,"",arn:${Partition}:mediapackagev2:${Region}:${Account}:channelGroup/${ChannelGroupName}/channel/${ChannelName}
375,94,HarvestJob,"",arn:${Partition}:mediapackagev2:${Region}:${Account}:channelGroup/${ChannelGroupName}/channel/${ChannelName}/originEndpoint/${OriginEndpointName}/harvestJob/${HarvestJobName}
376,94,OriginEndpoint,"",arn:${Partition}:mediapackagev2:${Region}:${Account}:channelGroup/${ChannelGroupName}/channel/${ChannelName}/originEndpoint/${OriginEndpointName}
377,94,OriginEndpointPolicy,"",arn:${Partition}:mediapackagev2:${Region}:${Account}:channelGroup/${ChannelGroupName}/channel/${ChannelName}/originEndpoint/${OriginEndpointName}
378,95,assets,"",arn:${Partition}:mediapackage-vod:${Region}:${Account}:assets/${AssetIdentifier}
379,95,packaging-configurations,"",arn:${Partition}:mediapackage-vod:${Region}:${Account}:packaging-configurations/${PackagingConfigurationIdentifier}
380,95,packaging-groups,"",arn:${Partition}:mediapackage-vod:${Region}:${Account}:packaging-groups/${PackagingGroupIdentifier}
381,96,container,"",arn:${Partition}:mediastore:${Region}:${Account}:container/${ContainerName}
382,96,folder,"",arn:${Partition}:mediastore:${Region}:${Account}:container/${ContainerName}/${FolderPath}
383,96,object,"",arn:${Partition}:mediastore:${Region}:${Account}:container/${ContainerName}/${ObjectPath}
384,97,channel,"",arn:${Partition}:mediatailor:${Region}:${Account}:channel/${ChannelName}
385,97,liveSource,"",arn:${Partition}:mediatailor:${Region}:${Account}:liveSource/${SourceLocationName}/${LiveSourceName}
386,97,playbackConfiguration,"",arn:${Partition}:mediatailor:${Region}:${Account}:playbackConfiguration/${ResourceId}
387,97,prefetchSchedule,"",arn:${Partition}:mediatailor:${Region}:${Account}:prefetchSchedule/${ResourceId}
388,97,program,"",arn:${Partition}:mediatailor:${Region}:${Account}:program/${ChannelName}/${ProgramName}
389,97,sourceLocation,"",arn:${Partition}:mediatailor:${Region}:${Account}:sourceLocation/${SourceLocationName}
390,97,vodSource,"",arn:${Partition}:mediatailor:${Region}:${Account}:vodSource/${SourceLocationName}/${VodSourceName}
391,98,case,"",arn:${Partition}:elemental-support-cases::${Account}:case/${ResourceId}
392,100,ConfigurationSet,"",arn:${Partition}:sms-voice:${Region}:${Account}:configuration-set/${ConfigurationSetName}
393,100,Message,"",arn:${Partition}:sms-voice:${Region}:${Account}:message/${MessageId}
394,100,NotifyConfiguration,"",arn:${Partition}:sms-voice:${Region}:${Account}:notify-configuration/${NotifyConfigurationId}
395,100,OptOutList,"",arn:${Partition}:sms-voice:${Region}:${Account}:opt-out-list/${OptOutListName}
396,100,PhoneNumber,"",arn:${Partition}:sms-voice:${Region}:${Account}:phone-number/${PhoneNumberId}
397,100,Pool,"",arn:${Partition}:sms-voice:${Region}:${Account}:pool/${PoolId}
398,100,ProtectConfiguration,"",arn:${Partition}:sms-voice:${Region}:${Account}:protect-configuration/${ProtectConfigurationId}
399,100,RcsAgent,"",arn:${Partition}:sms-voice:${Region}:${Account}:rcs-agent/${RcsAgentId}
400,100,Registration,"",arn:${Partition}:sms-voice:${Region}:${Account}:registration/${RegistrationId}
401,100,RegistrationAttachment,"",arn:${Partition}:sms-voice:${Region}:${Account}:registration-attachment/${RegistrationAttachmentId}
402,100,SenderId,"",arn:${Partition}:sms-voice:${Region}:${Account}:sender-id/${SenderId}/${IsoCountryCode}
403,100,VerifiedDestinationNumber,"",arn:${Partition}:sms-voice:${Region}:${Account}:verified-destination-number/${VerifiedDestinationNumberId}
404,101,phone-number-id,"",arn:${Partition}:social-messaging:${Region}:${Account}:phone-number-id/${OriginationPhoneNumberId}
405,101,waba,"",arn:${Partition}:social-messaging:${Region}:${Account}:waba/${WabaId}
406,102,IdMappingWorkflow,"",arn:${Partition}:entityresolution:${Region}:${Account}:idmappingworkflow/${WorkflowName}
407,102,IdNamespace,"",arn:${Partition}:entityresolution:${Region}:${Account}:idnamespace/${IdNamespaceName}
408,102,MatchingWorkflow,"",arn:${Partition}:entityresolution:${Region}:${Account}:matchingworkflow/${WorkflowName}
409,102,ProviderService,"",arn:${Partition}:entityresolution:${Region}:${Account}:providerservice/${ProviderName}/${ProviderServiceName}
410,102,SchemaMapping,"",arn:${Partition}:entityresolution:${Region}:${Account}:schemamapping/${SchemaName}
411,103,action,"",arn:${Partition}:fis:${Region}:${Account}:action/${Id}
412,103,experiment,"",arn:${Partition}:fis:${Region}:${Account}:experiment/${Id}
413,103,experiment-template,"",arn:${Partition}:fis:${Region}:${Account}:experiment-template/${Id}
414,103,safety-lever,"",arn:${Partition}:fis:${Region}:${Account}:safety-lever/${Id}
415,105,applications-list,"",arn:${Partition}:fms:${Region}:${Account}:applications-list/${Id}
416,105,policy,"",arn:${Partition}:fms:${Region}:${Account}:policy/${Id}
417,105,protocols-list,"",arn:${Partition}:fms:${Region}:${Account}:protocols-list/${Id}
418,105,resource-set,"",arn:${Partition}:fms:${Region}:${Account}:resource-set/${Id}
419,107,accelerator,"",arn:${Partition}:globalaccelerator::${Account}:accelerator/${ResourceId}
420,107,attachment,"",arn:${Partition}:globalaccelerator::${Account}:attachment/${ResourceId}
421,107,endpointgroup,"",arn:${Partition}:globalaccelerator::${Account}:accelerator/${ResourceId}/listener/${ListenerId}/endpoint-group/${EndpointGroupId}
422,107,listener,"",arn:${Partition}:globalaccelerator::${Account}:accelerator/${ResourceId}/listener/${ListenerId}
423,108,blueprint,"",arn:${Partition}:glue:${Region}:${Account}:blueprint/${BlueprintName}
424,108,catalog,"",arn:${Partition}:glue:${Region}:${Account}:catalog/${CatalogName}
425,108,completion,"",arn:${Partition}:glue:${Region}:${Account}:completion/${CompletionId}
426,108,connection,"",arn:${Partition}:glue:${Region}:${Account}:connection/${ConnectionName}
427,108,connectionType,"",arn:${Partition}:glue:${Region}:${Account}:connectionType:${ConnectionTypeName}
428,108,crawler,"",arn:${Partition}:glue:${Region}:${Account}:crawler/${CrawlerName}
429,108,customEntityType,"",arn:${Partition}:glue:${Region}:${Account}:customEntityType/${CustomEntityTypeId}
430,108,dataQualityRuleset,"",arn:${Partition}:glue:${Region}:${Account}:dataQualityRuleset/${RulesetName}
431,108,database,"",arn:${Partition}:glue:${Region}:${Account}:database/${DatabaseName}
432,108,devendpoint,"",arn:${Partition}:glue:${Region}:${Account}:devEndpoint/${DevEndpointName}
433,108,integration,"",arn:${Partition}:glue:${Region}:${Account}:integration:${IntegrationId}
434,108,integrationResourceProperty,"",arn:${Partition}:glue:${Region}:${Account}:integrationresourceproperty/${ResourceType}/${ResourceName}
435,108,job,"",arn:${Partition}:glue:${Region}:${Account}:job/${JobName}
436,108,mlTransform,"",arn:${Partition}:glue:${Region}:${Account}:mlTransform/${TransformId}
437,108,registry,"",arn:${Partition}:glue:${Region}:${Account}:registry/${RegistryName}
438,108,rootcatalog,"",arn:${Partition}:glue:${Region}:${Account}:catalog
439,108,schema,"",arn:${Partition}:glue:${Region}:${Account}:schema/${SchemaName}
440,108,session,"",arn:${Partition}:glue:${Region}:${Account}:session/${SessionId}
441,108,table,"",arn:${Partition}:glue:${Region}:${Account}:table/${DatabaseName}/${TableName}
442,108,tableversion,"",arn:${Partition}:glue:${Region}:${Account}:tableVersion/${DatabaseName}/${TableName}/${TableVersionName}
443,108,trigger,"",arn:${Partition}:glue:${Region}:${Account}:trigger/${TriggerName}
444,108,usageProfile,"",arn:${Partition}:glue:${Region}:${Account}:usageProfile/${UsageProfileId}
445,108,userdefinedfunction,"",arn:${Partition}:glue:${Region}:${Account}:userDefinedFunction/${DatabaseName}/${UserDefinedFunctionName}
446,108,workflow,"",arn:${Partition}:glue:${Region}:${Account}:workflow/${WorkflowName}
447,109,Dataset,"",arn:${Partition}:databrew:${Region}:${Account}:dataset/${ResourceId}
448,109,Job,"",arn:${Partition}:databrew:${Region}:${Account}:job/${ResourceId}
449,109,Project,"",arn:${Partition}:databrew:${Region}:${Account}:project/${ResourceId}
450,109,Recipe,"",arn:${Partition}:databrew:${Region}:${Account}:recipe/${ResourceId}
451,109,Ruleset,"",arn:${Partition}:databrew:${Region}:${Account}:ruleset/${ResourceId}
452,109,Schedule,"",arn:${Partition}:databrew:${Region}:${Account}:schedule/${ResourceId}
453,110,Agent,"",arn:${Partition}:groundstation:${Region}:${Account}:agent/${AgentId}
454,110,Config,"",arn:${Partition}:groundstation:${Region}:${Account}:config/${ConfigType}/${ConfigId}
455,110,Contact,"",arn:${Partition}:groundstation:${Region}:${Account}:contact/${ContactId}
456,110,DataflowEndpointGroup,"",arn:${Partition}:groundstation:${Region}:${Account}:dataflow-endpoint-group/${DataflowEndpointGroupId}
457,110,EphemerisItem,"",arn:${Partition}:groundstation:${Region}:${Account}:ephemeris/${EphemerisId}
458,110,GroundStationResource,"",arn:${Partition}:groundstation:${Region}:${Account}:groundstation:${GroundStationId}
459,110,MissionProfile,"",arn:${Partition}:groundstation:${Region}:${Account}:mission-profile/${MissionProfileId}
460,110,Satellite,"",arn:${Partition}:groundstation:${Region}:${Account}:satellite/${SatelliteId}
461,111,event,"",arn:${Partition}:health:*::event/${Service}/${EventTypeCode}/*
462,112,datastore,"",arn:${Partition}:medical-imaging:${Region}:${Account}:datastore/${DatastoreId}
463,112,imageset,"",arn:${Partition}:medical-imaging:${Region}:${Account}:datastore/${DatastoreId}/imageset/${ImageSetId}
464,113,dataTransformationProfile,"",arn:${Partition}:healthlake:${Region}:${Account}:dataTransformationProfile/${ProfileId}
465,113,datastore,"",arn:${Partition}:healthlake:${Region}:${Account}:datastore/fhir/${DatastoreId}
466,114,AnnotationStore,"",arn:${Partition}:omics:${Region}:${Account}:annotationStore/${AnnotationStoreName}
467,114,AnnotationStoreVersion,"",arn:${Partition}:omics:${Region}:${Account}:annotationStore/${AnnotationStoreName}/version/${AnnotationStoreVersionName}
468,114,TaskResource,"",arn:${Partition}:omics:${Region}:${Account}:task/${Id}
469,114,VariantStore,"",arn:${Partition}:omics:${Region}:${Account}:variantStore/${VariantStoreName}
470,114,WorkflowVersion,"",arn:${Partition}:omics:${Region}:${Account}:workflow/${Id}/version/${VersionName}
471,114,configuration,"",arn:${Partition}:omics:${Region}:${Account}:configuration/${Name}
472,114,readSet,"",arn:${Partition}:omics:${Region}:${Account}:sequenceStore/${SequenceStoreId}/readSet/${ReadSetId}
473,114,reference,"",arn:${Partition}:omics:${Region}:${Account}:referenceStore/${ReferenceStoreId}/reference/${ReferenceId}
474,114,referenceStore,"",arn:${Partition}:omics:${Region}:${Account}:referenceStore/${ReferenceStoreId}
475,114,run,"",arn:${Partition}:omics:${Region}:${Account}:run/${Id}
476,114,runBatch,"",arn:${Partition}:omics:${Region}:${Account}:runBatch/${BatchId}
477,114,runCache,"",arn:${Partition}:omics:${Region}:${Account}:runCache/${Id}
478,114,runGroup,"",arn:${Partition}:omics:${Region}:${Account}:runGroup/${Id}
479,114,sequenceStore,"",arn:${Partition}:omics:${Region}:${Account}:sequenceStore/${SequenceStoreId}
480,114,workflow,"",arn:${Partition}:omics:${Region}:${Account}:workflow/${Id}
481,115,Analyzer,"",arn:${Partition}:access-analyzer:${Region}:${Account}:analyzer/${AnalyzerName}
482,115,ArchiveRule,"",arn:${Partition}:access-analyzer:${Region}:${Account}:analyzer/${AnalyzerName}/archive-rule/${RuleName}
483,116,Account,"",arn:${Partition}:sso:::account/${AccountId}
484,116,Application,"",arn:${Partition}:sso::${AccountId}:application/${InstanceId}/${ApplicationId}
485,116,ApplicationProvider,"",arn:${Partition}:sso::aws:applicationProvider/${ApplicationProviderId}
486,116,Instance,"",arn:${Partition}:sso:::instance/${InstanceId}
487,116,PermissionSet,"",arn:${Partition}:sso:::permissionSet/${InstanceId}/${PermissionSetId}
488,116,TrustedTokenIssuer,"",arn:${Partition}:sso::${AccountId}:trustedTokenIssuer/${InstanceId}/${TrustedTokenIssuerId}
489,117,Application,"",arn:${Partition}:sso::${AccountId}:application/${InstanceId}/${ApplicationId}
490,119,attachment,"",arn:${Partition}:iq:${Region}::attachment/${AttachmentId}
491,119,buyer,"",arn:${Partition}:iq:${Region}::buyer/${BuyerId}
492,119,call,"",arn:${Partition}:iq:${Region}::call/${CallId}
493,119,company,"",arn:${Partition}:iq:${Region}::company/${CompanyId}
494,119,conversation,"",arn:${Partition}:iq:${Region}::conversation/${ConversationId}
495,119,expert,"",arn:${Partition}:iq:${Region}::expert/${ExpertId}
496,119,listing,"",arn:${Partition}:iq:${Region}::listing/${ListingId}
497,119,paymentRequest,"",arn:${Partition}:iq:${Region}::paymentRequest/${ConversationId}/${ProposalId}/${PaymentRequestId}
498,119,paymentSchedule,"",arn:${Partition}:iq:${Region}::paymentSchedule/${ConversationId}/${ProposalId}/${VersionId}
499,119,permission,"",arn:${Partition}:iq-permission:${Region}::permission/${PermissionRequestId}
500,119,proposal,"",arn:${Partition}:iq:${Region}::proposal/${ConversationId}/${ProposalId}
501,119,request,"",arn:${Partition}:iq:${Region}::request/${RequestId}
502,119,seller,"",arn:${Partition}:iq:${Region}::seller/${SellerAwsAccountId}
503,119,token,"",arn:${Partition}:iq:${Region}::token/${TokenId}
504,120,permission,"",arn:${Partition}:iq-permission:${Region}::permission/${PermissionRequestId}
505,121,AllGroupMemberships,"",arn:${Partition}:identitystore:::membership/*
506,121,AllGroups,"",arn:${Partition}:identitystore:::group/*
507,121,AllUsers,"",arn:${Partition}:identitystore:::user/*
508,121,Group,"",arn:${Partition}:identitystore:::group/${GroupId}
509,121,GroupMembership,"",arn:${Partition}:identitystore:::membership/${MembershipId}
510,121,Identitystore,"",arn:${Partition}:identitystore::${Account}:identitystore/${IdentityStoreId}
511,121,User,"",arn:${Partition}:identitystore:::user/${UserId}
512,123,SyncProfileResource,"",arn:${Partition}:identity-sync:${Region}:${Account}:profile/${SyncProfileName}
513,123,SyncTargetResource,"",arn:${Partition}:identity-sync:${Region}:${Account}:target/${SyncProfileName}/${SyncTargetName}
514,124,access-report,"",arn:${Partition}:iam::${Account}:access-report/${EntityPath}
515,124,assumed-role,"",arn:${Partition}:iam::${Account}:assumed-role/${RoleName}/${RoleSessionName}
516,124,delegation-request,"",arn:${Partition}:iam::${Account}:delegation-request/${DelegationRequestId}
517,124,federated-user,"",arn:${Partition}:iam::${Account}:federated-user/${UserName}
518,124,group,"",arn:${Partition}:iam::${Account}:group/${GroupNameWithPath}
519,124,instance-profile,"",arn:${Partition}:iam::${Account}:instance-profile/${InstanceProfileNameWithPath}
520,124,mfa,"",arn:${Partition}:iam::${Account}:mfa/${MfaTokenIdWithPath}
521,124,oidc-provider,"",arn:${Partition}:iam::${Account}:oidc-provider/${OidcProviderName}
522,124,policy,"",arn:${Partition}:iam::${Account}:policy/${PolicyNameWithPath}
523,124,role,"",arn:${Partition}:iam::${Account}:role/${RoleNameWithPath}
524,124,role-template,"",arn:${Partition}:iam::aws:role-template/${AWSServicePrincipal}/${RoleTemplateName}:${RoleTemplateMajorVersion}
525,124,saml-provider,"",arn:${Partition}:iam::${Account}:saml-provider/${SamlProviderName}
526,124,server-certificate,"",arn:${Partition}:iam::${Account}:server-certificate/${CertificateNameWithPath}
527,124,sms-mfa,"",arn:${Partition}:iam::${Account}:sms-mfa/${MfaTokenIdWithPath}
528,124,user,"",arn:${Partition}:iam::${Account}:user/${UserNameWithPath}
529,125,crl,"",arn:${Partition}:rolesanywhere:${Region}:${Account}:crl/${CrlId}
530,125,profile,"",arn:${Partition}:rolesanywhere:${Region}:${Account}:profile/${ProfileId}
531,125,subject,"",arn:${Partition}:rolesanywhere:${Region}:${Account}:subject/${SubjectId}
532,125,trust-anchor,"",arn:${Partition}:rolesanywhere:${Region}:${Account}:trust-anchor/${TrustAnchorId}
533,127,connection,"",arn:${Partition}:interconnect:${Region}:${Account}:connection/${Id}
534,127,environment,"",arn:${Partition}:interconnect:${Region}:${Account}:environment/${Id}
535,128,invoice-unit,"",arn:${Partition}:invoicing::${Account}:invoice-unit/${Identifier}
536,128,procurement-portal-preference,"",arn:${Partition}:invoicing::${Account}:procurement-portal-preference/${Identifier}
537,129,authorizer,"",arn:${Partition}:iot:${Region}:${Account}:authorizer/${AuthorizerName}
538,129,billinggroup,"",arn:${Partition}:iot:${Region}:${Account}:billinggroup/${BillingGroupName}
539,129,cacert,"",arn:${Partition}:iot:${Region}:${Account}:cacert/${CACertificate}
540,129,cert,"",arn:${Partition}:iot:${Region}:${Account}:cert/${Certificate}
541,129,certificateprovider,"",arn:${Partition}:iot:${Region}:${Account}:certificateprovider/${CertificateProviderName}
542,129,client,"",arn:${Partition}:iot:${Region}:${Account}:client/${ClientId}
543,129,command,"",arn:${Partition}:iot:${Region}:${Account}:command/${CommandId}
544,129,custommetric,"",arn:${Partition}:iot:${Region}:${Account}:custommetric/${MetricName}
545,129,destination,"",arn:${Partition}:iot:${Region}:${Account}:ruledestination/${DestinationType}/${Uuid}
546,129,dimension,"",arn:${Partition}:iot:${Region}:${Account}:dimension/${DimensionName}
547,129,domainconfiguration,"",arn:${Partition}:iot:${Region}:${Account}:domainconfiguration/${DomainConfigurationName}/${Id}
548,129,dynamicthinggroup,"",arn:${Partition}:iot:${Region}:${Account}:thinggroup/${ThingGroupName}
549,129,fleetmetric,"",arn:${Partition}:iot:${Region}:${Account}:fleetmetric/${FleetMetricName}
550,129,index,"",arn:${Partition}:iot:${Region}:${Account}:index/${IndexName}
551,129,job,"",arn:${Partition}:iot:${Region}:${Account}:job/${JobId}
552,129,jobtemplate,"",arn:${Partition}:iot:${Region}:${Account}:jobtemplate/${JobTemplateId}
553,129,mitigationaction,"",arn:${Partition}:iot:${Region}:${Account}:mitigationaction/${MitigationActionName}
554,129,otaupdate,"",arn:${Partition}:iot:${Region}:${Account}:otaupdate/${OtaUpdateId}
555,129,package,"",arn:${Partition}:iot:${Region}:${Account}:package/${PackageName}
556,129,packageversion,"",arn:${Partition}:iot:${Region}:${Account}:package/${PackageName}/version/${VersionName}
557,129,policy,"",arn:${Partition}:iot:${Region}:${Account}:policy/${PolicyName}
558,129,provisioningtemplate,"",arn:${Partition}:iot:${Region}:${Account}:provisioningtemplate/${ProvisioningTemplate}
559,129,rolealias,"",arn:${Partition}:iot:${Region}:${Account}:rolealias/${RoleAlias}
560,129,rule,"",arn:${Partition}:iot:${Region}:${Account}:rule/${RuleName}
561,129,scheduledaudit,"",arn:${Partition}:iot:${Region}:${Account}:scheduledaudit/${ScheduleName}
562,129,securityprofile,"",arn:${Partition}:iot:${Region}:${Account}:securityprofile/${SecurityProfileName}
563,129,stream,"",arn:${Partition}:iot:${Region}:${Account}:stream/${StreamId}
564,129,thing,"",arn:${Partition}:iot:${Region}:${Account}:thing/${ThingName}
565,129,thinggroup,"",arn:${Partition}:iot:${Region}:${Account}:thinggroup/${ThingGroupName}
566,129,thingtype,"",arn:${Partition}:iot:${Region}:${Account}:thingtype/${ThingTypeName}
567,129,topic,"",arn:${Partition}:iot:${Region}:${Account}:topic/${TopicName}
568,129,topicfilter,"",arn:${Partition}:iot:${Region}:${Account}:topicfilter/${TopicFilter}
569,129,tunnel,"",arn:${Partition}:iot:${Region}:${Account}:tunnel/${TunnelId}
570,130,channel,"",arn:${Partition}:iotanalytics:${Region}:${Account}:channel/${ChannelName}
571,130,dataset,"",arn:${Partition}:iotanalytics:${Region}:${Account}:dataset/${DatasetName}
572,130,datastore,"",arn:${Partition}:iotanalytics:${Region}:${Account}:datastore/${DatastoreName}
573,130,pipeline,"",arn:${Partition}:iotanalytics:${Region}:${Account}:pipeline/${PipelineName}
574,131,Suitedefinition,"",arn:${Partition}:iotdeviceadvisor:${Region}:${Account}:suitedefinition/${SuiteDefinitionId}
575,131,Suiterun,"",arn:${Partition}:iotdeviceadvisor:${Region}:${Account}:suiterun/${SuiteDefinitionId}/${SuiteRunId}
576,133,application,"",arn:${Partition}:iotfleethub:${Region}:${Account}:application/${ApplicationId}
577,134,campaign,"",arn:${Partition}:iotfleetwise:${Region}:${Account}:campaign/${CampaignName}
578,134,decodermanifest,"",arn:${Partition}:iotfleetwise:${Region}:${Account}:decoder-manifest/${Name}
579,134,fleet,"",arn:${Partition}:iotfleetwise:${Region}:${Account}:fleet/${FleetId}
580,134,modelmanifest,"",arn:${Partition}:iotfleetwise:${Region}:${Account}:model-manifest/${Name}
581,134,signalcatalog,"",arn:${Partition}:iotfleetwise:${Region}:${Account}:signal-catalog/${Name}
582,134,statetemplate,"",arn:${Partition}:iotfleetwise:${Region}:${Account}:state-template/${StateTemplateId}
583,134,vehicle,"",arn:${Partition}:iotfleetwise:${Region}:${Account}:vehicle/${VehicleId}
584,135,bulkDeployment,"",arn:${Partition}:greengrass:${Region}:${Account}:/greengrass/bulk/deployments/${BulkDeploymentId}
585,135,certificateAuthority,"",arn:${Partition}:greengrass:${Region}:${Account}:/greengrass/groups/${GroupId}/certificateauthorities/${CertificateAuthorityId}
586,135,connectivityInfo,"",arn:${Partition}:greengrass:${Region}:${Account}:/greengrass/things/${ThingName}/connectivityInfo
587,135,connectorDefinition,"",arn:${Partition}:greengrass:${Region}:${Account}:/greengrass/definition/connectors/${ConnectorDefinitionId}
588,135,connectorDefinitionVersion,"",arn:${Partition}:greengrass:${Region}:${Account}:/greengrass/definition/connectors/${ConnectorDefinitionId}/versions/${VersionId}
589,135,coreDefinition,"",arn:${Partition}:greengrass:${Region}:${Account}:/greengrass/definition/cores/${CoreDefinitionId}
590,135,coreDefinitionVersion,"",arn:${Partition}:greengrass:${Region}:${Account}:/greengrass/definition/cores/${CoreDefinitionId}/versions/${VersionId}
591,135,deployment,"","arn:${Partition}:greengrass:${Region}:${Account}:/greengrass/groups/${GroupId}/deployments/${DeploymentId}, arn:${Partition}:greengrass:${Region}:${Account}:deployments:${DeploymentId}"
592,135,deviceDefinition,"",arn:${Partition}:greengrass:${Region}:${Account}:/greengrass/definition/devices/${DeviceDefinitionId}
593,135,deviceDefinitionVersion,"",arn:${Partition}:greengrass:${Region}:${Account}:/greengrass/definition/devices/${DeviceDefinitionId}/versions/${VersionId}
594,135,functionDefinition,"",arn:${Partition}:greengrass:${Region}:${Account}:/greengrass/definition/functions/${FunctionDefinitionId}
595,135,functionDefinitionVersion,"",arn:${Partition}:greengrass:${Region}:${Account}:/greengrass/definition/functions/${FunctionDefinitionId}/versions/${VersionId}
596,135,group,"",arn:${Partition}:greengrass:${Region}:${Account}:/greengrass/groups/${GroupId}
597,135,groupVersion,"",arn:${Partition}:greengrass:${Region}:${Account}:/greengrass/groups/${GroupId}/versions/${VersionId}
598,135,loggerDefinition,"",arn:${Partition}:greengrass:${Region}:${Account}:/greengrass/definition/loggers/${LoggerDefinitionId}
599,135,loggerDefinitionVersion,"",arn:${Partition}:greengrass:${Region}:${Account}:/greengrass/definition/loggers/${LoggerDefinitionId}/versions/${VersionId}
600,135,resourceDefinition,"",arn:${Partition}:greengrass:${Region}:${Account}:/greengrass/definition/resources/${ResourceDefinitionId}
601,135,resourceDefinitionVersion,"",arn:${Partition}:greengrass:${Region}:${Account}:/greengrass/definition/resources/${ResourceDefinitionId}/versions/${VersionId}
602,135,subscriptionDefinition,"",arn:${Partition}:greengrass:${Region}:${Account}:/greengrass/definition/subscriptions/${SubscriptionDefinitionId}
603,135,subscriptionDefinitionVersion,"",arn:${Partition}:greengrass:${Region}:${Account}:/greengrass/definition/subscriptions/${SubscriptionDefinitionId}/versions/${VersionId}
604,135,thing,"",arn:${Partition}:iot:${Region}:${Account}:thing/${ThingName}
605,135,thingRuntimeConfig,"",arn:${Partition}:greengrass:${Region}:${Account}:/greengrass/things/${ThingName}/runtimeconfig
606,136,component,"",arn:${Partition}:greengrass:${Region}:${Account}:components:${ComponentName}
607,136,componentVersion,"",arn:${Partition}:greengrass:${Region}:${Account}:components:${ComponentName}:versions:${ComponentVersion}
608,136,connectivityInfo,"",arn:${Partition}:greengrass:${Region}:${Account}:/greengrass/things/${ThingName}/connectivityInfo
609,136,coreDevice,"",arn:${Partition}:greengrass:${Region}:${Account}:coreDevices:${CoreDeviceThingName}
610,136,deployment,"","arn:${Partition}:greengrass:${Region}:${Account}:/greengrass/groups/${GroupId}/deployments/${DeploymentId}, arn:${Partition}:greengrass:${Region}:${Account}:deployments:${DeploymentId}"
611,137,thing,"",arn:${Partition}:iot:${Region}:${Account}:thing/${ThingName}
612,138,account-association,"",arn:${Partition}:iotmanagedintegrations:${Region}:${Account}:account-association/${AccountAssociationId}
613,138,credential-locker,"",arn:${Partition}:iotmanagedintegrations:${Region}:${Account}:credential-locker/${Identifier}
614,138,managed-thing,"",arn:${Partition}:iotmanagedintegrations:${Region}:${Account}:managed-thing/${Identifier}
615,138,ota-task,"",arn:${Partition}:iotmanagedintegrations:${Region}:${Account}:ota-task/${Identifier}
616,138,provisioning-profile,"",arn:${Partition}:iotmanagedintegrations:${Region}:${Account}:provisioning-profile/${Identifier}
617,139,access-policy,"",arn:${Partition}:iotsitewise:${Region}:${Account}:access-policy/${AccessPolicyId}
618,139,application,"",arn:${Partition}:iotsitewise:${Region}:${Account}:workspace/${WorkspaceName}/application/${ApplicationId}
619,139,asset,"",arn:${Partition}:iotsitewise:${Region}:${Account}:asset/${AssetId}
620,139,asset-model,"",arn:${Partition}:iotsitewise:${Region}:${Account}:asset-model/${AssetModelId}
621,139,computation-model,"",arn:${Partition}:iotsitewise:${Region}:${Account}:computation-model/${ComputationModelId}
622,139,dashboard,"",arn:${Partition}:iotsitewise:${Region}:${Account}:dashboard/${DashboardId}
623,139,dataset,"",arn:${Partition}:iotsitewise:${Region}:${Account}:dataset/${DatasetId}
624,139,gateway,"",arn:${Partition}:iotsitewise:${Region}:${Account}:gateway/${GatewayId}
625,139,pipeline,"",arn:${Partition}:iotsitewise:${Region}:${Account}:workspace/${WorkspaceName}/pipeline/${PipelineName}
626,139,portal,"",arn:${Partition}:iotsitewise:${Region}:${Account}:portal/${PortalId}
627,139,project,"",arn:${Partition}:iotsitewise:${Region}:${Account}:project/${ProjectId}
628,139,task,"",arn:${Partition}:iotsitewise:${Region}:${Account}:workspace/${WorkspaceName}/task/${TaskName}
629,139,time-series,"",arn:${Partition}:iotsitewise:${Region}:${Account}:time-series/${TimeSeriesId}
630,139,workspace,"",arn:${Partition}:iotsitewise:${Region}:${Account}:workspace/${WorkspaceName}
631,140,componentType,"",arn:${Partition}:iottwinmaker:${Region}:${Account}:workspace/${WorkspaceId}/component-type/${ComponentTypeId}
632,140,entity,"",arn:${Partition}:iottwinmaker:${Region}:${Account}:workspace/${WorkspaceId}/entity/${EntityId}
633,140,metadataTransferJob,"",arn:${Partition}:iottwinmaker:${Region}:${Account}:metadata-transfer-job/${MetadataTransferJobId}
634,140,scene,"",arn:${Partition}:iottwinmaker:${Region}:${Account}:workspace/${WorkspaceId}/scene/${SceneId}
635,140,syncJob,"",arn:${Partition}:iottwinmaker:${Region}:${Account}:workspace/${WorkspaceId}/sync-job/${SyncJobId}
636,140,workspace,"",arn:${Partition}:iottwinmaker:${Region}:${Account}:workspace/${WorkspaceId}
637,141,Destination,"",arn:${Partition}:iotwireless:${Region}:${Account}:Destination/${DestinationName}
638,141,DeviceProfile,"",arn:${Partition}:iotwireless:${Region}:${Account}:DeviceProfile/${DeviceProfileId}
639,141,FuotaTask,"",arn:${Partition}:iotwireless:${Region}:${Account}:FuotaTask/${FuotaTaskId}
640,141,ImportTask,"",arn:${Partition}:iotwireless:${Region}:${Account}:ImportTask/${ImportTaskId}
641,141,MulticastGroup,"",arn:${Partition}:iotwireless:${Region}:${Account}:MulticastGroup/${MulticastGroupId}
642,141,NetworkAnalyzerConfiguration,"",arn:${Partition}:iotwireless:${Region}:${Account}:NetworkAnalyzerConfiguration/${NetworkAnalyzerConfigurationName}
643,141,ServiceProfile,"",arn:${Partition}:iotwireless:${Region}:${Account}:ServiceProfile/${ServiceProfileId}
644,141,SidewalkAccount,"",arn:${Partition}:iotwireless:${Region}:${Account}:SidewalkAccount/${SidewalkAccountId}
645,141,WirelessDevice,"",arn:${Partition}:iotwireless:${Region}:${Account}:WirelessDevice/${WirelessDeviceId}
646,141,WirelessGateway,"",arn:${Partition}:iotwireless:${Region}:${Account}:WirelessGateway/${WirelessGatewayId}
647,141,WirelessGatewayTaskDefinition,"",arn:${Partition}:iotwireless:${Region}:${Account}:WirelessGatewayTaskDefinition/${WirelessGatewayTaskDefinitionId}
648,141,cert,"",arn:${Partition}:iot:${Region}:${Account}:cert/${Certificate}
649,141,thing,"",arn:${Partition}:iot:${Region}:${Account}:thing/${ThingName}
650,142,alias,"",arn:${Partition}:kms:${Region}:${Account}:alias/${Alias}
651,142,key,"",arn:${Partition}:kms:${Region}:${Account}:key/${KeyId}
652,144,capacityProvider,"",arn:${Partition}:lambda:${Region}:${Account}:capacity-provider:${CapacityProviderName}
653,144,code signing config,"",arn:${Partition}:lambda:${Region}:${Account}:code-signing-config:${CodeSigningConfigId}
654,144,durable execution,"",arn:${Partition}:lambda:${Region}:${Account}:function:${FunctionName}:${Version}/durable-execution/${ExecutionName}/${ExecutionId}
655,144,eventSourceMapping,"",arn:${Partition}:lambda:${Region}:${Account}:event-source-mapping:${UUID}
656,144,function,"",arn:${Partition}:lambda:${Region}:${Account}:function:${FunctionName}
657,144,function alias,"",arn:${Partition}:lambda:${Region}:${Account}:function:${FunctionName}:${Alias}
658,144,function version,"",arn:${Partition}:lambda:${Region}:${Account}:function:${FunctionName}:${Version}
659,144,layer,"",arn:${Partition}:lambda:${Region}:${Account}:layer:${LayerName}
660,144,layerVersion,"",arn:${Partition}:lambda:${Region}:${Account}:layer:${LayerName}:${LayerVersion}
661,144,microvmImage,"",arn:${Partition}:lambda:${Region}:${Account}:microvm-image:${MicrovmImageName}
662,144,networkConnector,"",arn:${Partition}:lambda:${Region}:${Account}:network-connector:${NetworkConnectorId}
663,145,deployment,"",arn:${Partition}:launchwizard:${Region}:${Account}:deployment/${DeploymentId}
664,146,grant,"",arn:${Partition}:license-manager::${Account}:grant:${GrantId}
665,146,license,"",arn:${Partition}:license-manager::${Account}:license:${LicenseId}
666,146,license-asset-group,"",arn:${Partition}:license-manager:${Region}:${Account}:license-asset-group:${LicenseAssetGroupId}
667,146,license-asset-ruleset,"",arn:${Partition}:license-manager:${Region}:${Account}:license-asset-ruleset:${LicenseAssetRulesetId}
668,146,license-configuration,"",arn:${Partition}:license-manager:${Region}:${Account}:license-configuration:${LicenseConfigurationId}
669,146,report-generator,"",arn:${Partition}:license-manager:${Region}:${Account}:report-generator:${ReportGeneratorId}
670,147,subscription-provider,"",arn:${Partition}:license-manager-linux-subscriptions:${Region}:${Account}:subscription-provider/${SubscriptionProviderId}
671,148,identity-provider,"",arn:${Partition}:license-manager-user-subscriptions:${Region}:${Account}:identity-provider/${IdentityProviderId}
672,148,instance-user,"",arn:${Partition}:license-manager-user-subscriptions:${Region}:${Account}:instance-user/${InstanceUserId}
673,148,license-server-endpoint,"",arn:${Partition}:license-manager-user-subscriptions:${Region}:${Account}:license-server-endpoint/${LicenseServerEndpointId}
674,148,product-subscription,"",arn:${Partition}:license-manager-user-subscriptions:${Region}:${Account}:product-subscription/${ProductSubscriptionId}
675,149,Workflow,"",arn:${Partition}:airflow-serverless:${Region}:${Account}:workflow/${WorkflowId}
676,150,TestCase,"",arn:${Partition}:apptest:${Region}:${Account}:testcase/${TestCaseId}
677,150,TestConfiguration,"",arn:${Partition}:apptest:${Region}:${Account}:testconfiguration/${TestConfigurationId}
678,150,TestRun,"",arn:${Partition}:apptest:${Region}:${Account}:testrun/${TestRunId}
679,150,TestSuite,"",arn:${Partition}:apptest:${Region}:${Account}:testsuite/${TestSuiteId}
680,151,Application,"",arn:${Partition}:m2:${Region}:${Account}:app/${ApplicationId}
681,151,Environment,"",arn:${Partition}:m2:${Region}:${Account}:env/${EnvironmentId}
682,152,DeviceIdentity,"",arn:${Partition}:consoleapp::${Account}:device/${DeviceId}/identity/${IdentityId}
683,154,Assessment,"",arn:${Partition}:aws-marketplace:${Region}::${Catalog}/Assessment/${ResourceId}
684,154,ChangeSet,"",arn:${Partition}:aws-marketplace:${Region}:${Account}:${Catalog}/ChangeSet/${ResourceId}
685,154,Entity,"",arn:${Partition}:aws-marketplace:${Region}:${Account}:${Catalog}/${EntityType}/${ResourceId}
686,154,InvoiceSubmissionTask,"",arn:${Partition}:aws-marketplace:${Region}:${Account}:catalog/${Catalog}/invoice-submission-task/${ResourceId}
687,154,IssuedTaxInvoice,"",arn:${Partition}:aws-marketplace:${Region}:${Account}:catalog/${Catalog}/issued-tax-invoice/${ResourceId}
688,154,TaxComplianceProfile,"",arn:${Partition}:aws-marketplace:${Region}:${Account}:tax-compliance-profile/${ResourceId}
689,154,TaxComplianceProfileChangeTask,"",arn:${Partition}:aws-marketplace:${Region}:${Account}:tax-compliance-profile-change-task/${ResourceId}
690,154,VerificationEvidence,"",arn:${Partition}:aws-marketplace:${Region}:${Account}:verification-type/${VerificationType}/verification-evidence/${ResourceId}
691,156,DeploymentParameter,"",arn:${Partition}:aws-marketplace:${Region}:${Account}:DeploymentParameter:catalogs/${CatalogName}/products/${ProductId}/${ResourceId}
692,157,AllListings,"",arn:${Partition}:aws-marketplace:::catalog/${CatalogName}/listing/*
693,157,AllPurchaseOptions,"",arn:${Partition}:aws-marketplace:::catalog/${CatalogName}/purchaseOption/*
694,157,Listing,"",arn:${Partition}:aws-marketplace:::catalog/${CatalogName}/listing/${ListingId}
695,157,Offer,"",arn:${Partition}:aws-marketplace:::catalog/${CatalogName}/offer/${OfferId}
696,157,OfferSet,"",arn:${Partition}:aws-marketplace:::catalog/${CatalogName}/offerSet/${OfferSetId}
697,157,Product,"",arn:${Partition}:aws-marketplace:::catalog/${CatalogName}/product/${ProductId}
698,157,PurchaseOption,"",arn:${Partition}:aws-marketplace:::catalog/${CatalogName}/purchaseOption/${PurchaseOptionId}
699,164,Dashboard,"",arn:${Partition}:aws-marketplace::${Account}:${Catalog}/ReportingData/${FactTable}/Dashboard/${DashboardName}
700,165,SellerDashboard,"",arn:${Partition}:aws-marketplace::${Account}:${Catalog}/ReportingData/${FactTable}/Dashboard/${DashboardName}
701,166,DataSource,"",arn:${Partition}:vendor-insights:::data-source:${ResourceId}
702,166,SecurityProfile,"",arn:${Partition}:vendor-insights:::security-profile:${ResourceId}
703,168,agreement,"",arn:${Partition}:mapcredits:::${Agreement}/${AgreementId}
704,169,AutomationRunResource,"",arn:${Partition}:mgh:${Region}:${Account}:automation-run/${RunID}
705,169,AutomationUnitResource,"",arn:${Partition}:mgh:${Region}:${Account}:automation-unit/${AutomationUnitId}
706,169,ConnectionResource,"",arn:${Partition}:mgh:${Region}:${Account}:${ConnectionArn}
707,169,migrationTask,"",arn:${Partition}:mgh:${Region}:${Account}:progressUpdateStream/${Stream}/migrationTask/${Task}
708,169,progressUpdateStream,"",arn:${Partition}:mgh:${Region}:${Account}:progressUpdateStream/${Stream}
709,170,template,"",arn:${Partition}:migrationhub-orchestrator:${Region}:${Account}:template/${ResourceId}
710,170,workflow,"",arn:${Partition}:migrationhub-orchestrator:${Region}:${Account}:workflow/${ResourceId}
711,171,application,"",arn:${Partition}:refactor-spaces:${Region}:${Account}:environment/${EnvironmentId}/application/${ApplicationId}
712,171,environment,"",arn:${Partition}:refactor-spaces:${Region}:${Account}:environment/${EnvironmentId}
713,171,route,"",arn:${Partition}:refactor-spaces:${Region}:${Account}:environment/${EnvironmentId}/application/${ApplicationId}/route/${RouteId}
714,171,service,"",arn:${Partition}:refactor-spaces:${Region}:${Account}:environment/${EnvironmentId}/application/${ApplicationId}/service/${ServiceId}
715,173,ContainerAssociation,"",arn:${Partition}:network-firewall:${Region}:${Account}:container-association/${Name}
716,173,Firewall,"",arn:${Partition}:network-firewall:${Region}:${Account}:firewall/${Name}
717,173,FirewallPolicy,"",arn:${Partition}:network-firewall:${Region}:${Account}:firewall-policy/${Name}
718,173,Proxy,"",arn:${Partition}:network-firewall:${Region}:${Account}:proxy/${Name}
719,173,ProxyConfiguration,"",arn:${Partition}:network-firewall:${Region}:${Account}:proxy-configuration/${Name}
720,173,ProxyRuleGroup,"",arn:${Partition}:network-firewall:${Region}:${Account}:proxy-rule-group/${Name}
721,173,StatefulRuleGroup,"",arn:${Partition}:network-firewall:${Region}:${Account}:stateful-rulegroup/${Name}
722,173,StatelessRuleGroup,"",arn:${Partition}:network-firewall:${Region}:${Account}:stateless-rulegroup/${Name}
723,173,TLSInspectionConfiguration,"",arn:${Partition}:network-firewall:${Region}:${Account}:tls-configuration/${Name}
724,173,VpcEndpointAssociation,"",arn:${Partition}:network-firewall:${Region}:${Account}:vpc-endpoint-association/${Name}
725,174,attachment,"",arn:${Partition}:networkmanager::${Account}:attachment/${ResourceId}
726,174,connect-peer,"",arn:${Partition}:networkmanager::${Account}:connect-peer/${ResourceId}
727,174,connection,"",arn:${Partition}:networkmanager::${Account}:connection/${GlobalNetworkId}/${ResourceId}
728,174,core-network,"",arn:${Partition}:networkmanager::${Account}:core-network/${ResourceId}
729,174,device,"",arn:${Partition}:networkmanager::${Account}:device/${GlobalNetworkId}/${ResourceId}
730,174,global-network,"",arn:${Partition}:networkmanager::${Account}:global-network/${ResourceId}
731,174,link,"",arn:${Partition}:networkmanager::${Account}:link/${GlobalNetworkId}/${ResourceId}
732,174,peering,"",arn:${Partition}:networkmanager::${Account}:peering/${ResourceId}
733,174,site,"",arn:${Partition}:networkmanager::${Account}:site/${GlobalNetworkId}/${ResourceId}
734,176,deployment,"",arn:${Partition}:network-security-manager:${Region}:${Account}:deployment:${DeploymentId}
735,176,deployment-snapshot,"",arn:${Partition}:network-security-manager:${Region}:${Account}:deployment:${DeploymentId}:${VersionNumber}
736,176,policy,"",arn:${Partition}:network-security-manager:${Region}:${Account}:policy:${PolicyId}
737,176,policy-snapshot,"",arn:${Partition}:network-security-manager:${Region}:${Account}:policy:${PolicyId}:${VersionNumber}
738,176,rule,"",arn:${Partition}:network-security-manager:${Region}:${Account}:rule:${RuleId}
739,176,rule-snapshot,"",arn:${Partition}:network-security-manager:${Region}:${Account}:rule:${RuleId}:${VersionNumber}
740,176,scope,"",arn:${Partition}:network-security-manager:${Region}:${Account}:scope:${ScopeId}
741,176,scope-snapshot,"",arn:${Partition}:network-security-manager:${Region}:${Account}:scope:${ScopeId}:${VersionNumber}
742,176,template,"",arn:${Partition}:network-security-manager:${Region}:${Account}:template:${TemplateId}
743,176,template-snapshot,"",arn:${Partition}:network-security-manager:${Region}:${Account}:template:${TemplateId}:${VersionNumber}
744,177,stack,"",arn:${Partition}:opsworks:${Region}:${Account}:stack/${StackId}/
745,178,backup,"",arn:${Partition}:opsworks-cm::${Account}:backup/${ServerName}-{Date-and-Time-Stamp-of-Backup}
746,178,server,"",arn:${Partition}:opsworks-cm::${Account}:server/${ServerName}/${UniqueId}
747,179,account,"",arn:${Partition}:organizations::${Account}:account/o-${OrganizationId}/${AccountId}
748,179,awspolicy,"",arn:${Partition}:organizations::aws:policy/${PolicyType}/p-${PolicyId}
749,179,handshake,"",arn:${Partition}:organizations::${Account}:handshake/o-${OrganizationId}/${HandshakeType}/h-${HandshakeId}
750,179,organization,"",arn:${Partition}:organizations::${Account}:organization/o-${OrganizationId}
751,179,organizationalunit,"",arn:${Partition}:organizations::${Account}:ou/o-${OrganizationId}/ou-${OrganizationalUnitId}
752,179,policy,"",arn:${Partition}:organizations::${Account}:policy/o-${OrganizationId}/${PolicyType}/p-${PolicyId}
753,179,resourcepolicy,"",arn:${Partition}:organizations::${Account}:resourcepolicy/o-${OrganizationId}/rp-${ResourcePolicyId}
754,179,responsibilitytransfer,"",arn:${Partition}:organizations::${Account}:transfer/o-${OrganizationId}/${TransferType}/${TransferDirection}/rt-${ResponsibilityTransferId}
755,179,root,"",arn:${Partition}:organizations::${Account}:root/o-${OrganizationId}/r-${RootId}
756,180,outpost,"",arn:${Partition}:outposts:${Region}:${Account}:outpost/${OutpostId}
757,180,site,"",arn:${Partition}:outposts:${Region}:${Account}:site/${SiteId}
758,181,applicationInstance,"",arn:${Partition}:panorama:${Region}:${Account}:applicationInstance/${ApplicationInstanceId}
759,181,device,"",arn:${Partition}:panorama:${Region}:${Account}:device/${DeviceId}
760,181,package,"",arn:${Partition}:panorama:${Region}:${Account}:package/${PackageId}
761,182,cluster,"",arn:${Partition}:pcs:${Region}:${Account}:cluster/${ClusterIdentifier}
762,182,computenodegroup,"",arn:${Partition}:pcs:${Region}:${Account}:cluster/${ClusterIdentifier}/computenodegroup/${ComputeNodeGroupIdentifier}
763,182,queue,"",arn:${Partition}:pcs:${Region}:${Account}:cluster/${ClusterIdentifier}/queue/${QueueIdentifier}
764,183,Benefit,"",arn:${Partition}:partnercentral:${Region}::catalog/${Catalog}/benefit/${Identifier}
765,183,BenefitAllocation,"",arn:${Partition}:partnercentral:${Region}:${Account}:catalog/${Catalog}/benefit-allocation/${Identifier}
766,183,BenefitApplication,"",arn:${Partition}:partnercentral:${Region}:${Account}:catalog/${Catalog}/benefit-application/${Identifier}
767,183,ChannelHandshake,"",arn:${Partition}:partnercentral:${Region}:${Account}:catalog/${Catalog}/channel-handshake/${Identifier}
768,183,Connection,"",arn:${Partition}:partnercentral:${Region}::catalog/${Catalog}/connection/${Identifier}
769,183,ConnectionInvitation,"",arn:${Partition}:partnercentral:${Region}::catalog/${Catalog}/connection-invitation/${Identifier}
770,183,ConnectionPreferences,"",arn:${Partition}:partnercentral:${Region}:${Account}:catalog/${Catalog}/connection-preferences
771,183,Dashboard,"",arn:${Partition}:partnercentral::${Account}:catalog/${Catalog}/ReportingData/${TableId}/Dashboard/${DashboardId}
772,183,Engagement,"",arn:${Partition}:partnercentral:${Region}::catalog/${Catalog}/engagement/${Identifier}
773,183,MarketplaceRevenueShare,"",arn:${Partition}:partnercentral:${Region}:${Account}:catalog/${Catalog}/marketplace-revenue-share/${MarketplaceProductId}
774,183,Opportunity,"",arn:${Partition}:partnercentral:${Region}:${Account}:catalog/${Catalog}/opportunity/${Identifier}
775,183,OpportunityFromEngagementTask,"",arn:${Partition}:partnercentral:${Region}::catalog/${Catalog}/opportunity-from-engagement-task/${TaskId}
776,183,Partner,"",arn:${Partition}:partnercentral:${Region}:${Account}:catalog/${Catalog}/partner/${Identifier}
777,183,ProgramManagementAccount,"",arn:${Partition}:partnercentral:${Region}:${Account}:catalog/${Catalog}/program-management-account/${Identifier}
778,183,ProspectingFromEngagementTask,"",arn:${Partition}:partnercentral:${Region}::catalog/${Catalog}/prospecting-from-engagement-task/${TaskIdentifier}
779,183,Relationship,"",arn:${Partition}:partnercentral:${Region}:${Account}:catalog/${Catalog}/program-management-account/${ProgramManagementAccountId}/relationship/${RelationshipId}
780,183,ResourceSnapshot,"",arn:${Partition}:partnercentral:${Region}:${Account}:catalog/${Catalog}/engagement/${EngagementIdentifier}/resource/${ResourceType}/${ResourceIdentifier}/template/${TemplateIdentifier}/resource-snapshot/${SnapshotRevision}
781,183,RevenueAttribution,"",arn:${Partition}:partnercentral:${Region}:${Account}:catalog/${Catalog}/revenue-attribution/${RevenueAttributionId}
782,183,Solution,"",arn:${Partition}:partnercentral:${Region}:${Account}:catalog/${Catalog}/solution/${Identifier}
783,183,engagement-by-accepting-invitation-task,"",arn:${Partition}:partnercentral:${Region}::catalog/${Catalog}/engagement-by-accepting-invitation-task/${TaskId}
784,183,engagement-from-opportunity-task,"",arn:${Partition}:partnercentral:${Region}::catalog/${Catalog}/engagement-from-opportunity-task/${TaskId}
785,183,engagement-invitation,"",arn:${Partition}:partnercentral:${Region}::catalog/${Catalog}/engagement-invitation/${Identifier}
786,183,resource-snapshot-job,"",arn:${Partition}:partnercentral:${Region}:${Account}:catalog/${Catalog}/resource-snapshot-job/${Identifier}
787,185,alias,"",arn:${Partition}:payment-cryptography:${Region}:${Account}:alias/${Alias}
788,185,approval-team,"",arn:${Partition}:mpa:${Region}:${Account}:approval-team/${ApprovalTeamId}
789,185,key,"",arn:${Partition}:payment-cryptography:${Region}:${Account}:key/${KeyId}
790,186,payment-instrument,"",arn:${Partition}:payments::${Account}:payment-instrument:${ResourceId}
791,187,metric-resource,"",arn:${Partition}:pi:${Region}:${Account}:metrics/${ServiceType}/${Identifier}
792,187,perf-reports-resource,"",arn:${Partition}:pi:${Region}:${Account}:perf-reports/${ServiceType}/${Identifier}/${ReportId}
793,189,subscription,"",arn:${Partition}:pricingplanmanager::${Account}:subscription/${SubscriptionId}
794,190,Connector,"",arn:${Partition}:pca-connector-ad:${Region}:${Account}:connector/${ConnectorId}
795,190,DirectoryRegistration,"",arn:${Partition}:pca-connector-ad:${Region}:${Account}:directory-registration/${DirectoryId}
796,190,Template,"",arn:${Partition}:pca-connector-ad:${Region}:${Account}:connector/${ConnectorId}/template/${TemplateId}
797,191,Challenge,"",arn:${Partition}:pca-connector-scep:${Region}:${Account}:connector/${ConnectorId}/challenge/${ChallengeId}
798,191,Connector,"",arn:${Partition}:pca-connector-scep:${Region}:${Account}:connector/${ConnectorId}
799,192,certificate-authority,"",arn:${Partition}:acm-pca:${Region}:${Account}:certificate-authority/${CertificateAuthorityId}
800,193,vpc-endpoint,"",arn:${Partition}:ec2:${Region}:${Account}:vpc-endpoint/${VpcEndpointId}
801,193,vpc-endpoint-service,"",arn:${Partition}:ec2:${Region}:${Account}:vpc-endpoint-service/${VpcEndpointServiceId}
802,194,component,"",arn:${Partition}:proton:${Region}:${Account}:component/${Id}
803,194,deployment,"",arn:${Partition}:proton:${Region}:${Account}:deployment/${Id}
804,194,environment,"",arn:${Partition}:proton:${Region}:${Account}:environment/${Name}
805,194,environment-account-connection,"",arn:${Partition}:proton:${Region}:${Account}:environment-account-connection/${Id}
806,194,environment-template,"",arn:${Partition}:proton:${Region}:${Account}:environment-template/${Name}
807,194,environment-template-major-version,"",arn:${Partition}:proton:${Region}:${Account}:environment-template/${TemplateName}:${MajorVersionId}
808,194,environment-template-minor-version,"",arn:${Partition}:proton:${Region}:${Account}:environment-template/${TemplateName}:${MajorVersionId}.${MinorVersionId}
809,194,environment-template-version,"",arn:${Partition}:proton:${Region}:${Account}:environment-template/${TemplateName}:${MajorVersion}.${MinorVersion}
810,194,repository,"",arn:${Partition}:proton:${Region}:${Account}:repository/${Provider}:${Name}
811,194,service,"",arn:${Partition}:proton:${Region}:${Account}:service/${Name}
812,194,service-instance,"",arn:${Partition}:proton:${Region}:${Account}:service/${ServiceName}/service-instance/${Name}
813,194,service-template,"",arn:${Partition}:proton:${Region}:${Account}:service-template/${Name}
814,194,service-template-major-version,"",arn:${Partition}:proton:${Region}:${Account}:service-template/${TemplateName}:${MajorVersionId}
815,194,service-template-minor-version,"",arn:${Partition}:proton:${Region}:${Account}:service-template/${TemplateName}:${MajorVersionId}.${MinorVersionId}
816,194,service-template-version,"",arn:${Partition}:proton:${Region}:${Account}:service-template/${TemplateName}:${MajorVersion}.${MinorVersion}
817,195,purchase-order,"",arn:${Partition}:purchase-orders::${Account}:purchase-order/${ResourceName}
818,196,InboundExternalLink,"",arn:${Partition}:rtbfabric:${Region}:${Account}:gateway/${GatewayId}/link/${LinkId}
819,196,Link,"",arn:${Partition}:rtbfabric:${Region}:${Account}:gateway/${GatewayId}/link/${LinkId}
820,196,LinkRoutingRule,"",arn:${Partition}:rtbfabric:${Region}:${Account}:gateway/${GatewayId}/link/${LinkId}/routing-rule/${RuleId}
821,196,OutboundExternalLink,"",arn:${Partition}:rtbfabric:${Region}:${Account}:gateway/${GatewayId}/link/${LinkId}
822,196,RequesterGateway,"",arn:${Partition}:rtbfabric:${Region}:${Account}:gateway/${GatewayId}
823,196,ResponderGateway,"",arn:${Partition}:rtbfabric:${Region}:${Account}:gateway/${GatewayId}
824,197,rule,"",arn:${Partition}:rbin:${Region}:${Account}:rule/${ResourceName}
825,198,app-assessment,"",arn:${Partition}:resiliencehub:${Region}:${Account}:app-assessment/${AppAssessmentId}
826,198,application,"",arn:${Partition}:resiliencehub:${Region}:${Account}:app/${AppId}
827,198,policy,"",arn:${Partition}:resiliencehub:${Region}:${Account}:policy/${PolicyId}
828,198,recommendation-template,"",arn:${Partition}:resiliencehub:${Region}:${Account}:recommendation-template/${RecommendationTemplateId}
829,198,resiliency-policy,"",arn:${Partition}:resiliencehub:${Region}:${Account}:resiliency-policy/${ResiliencyPolicyId}
830,198,service,"",arn:${Partition}:resiliencehub:${Region}:${Account}:service/${ServiceId}
831,198,system,"",arn:${Partition}:resiliencehub:${Region}:${Account}:system/${SystemId}
832,198,test-template,"",arn:${Partition}:resiliencehub:${Region}:${Account}:test-template/${TestTemplateId}
833,199,customer-managed-permission,"",arn:${Partition}:ram:${Region}:${Account}:permission/${ResourcePath}
834,199,permission,"",arn:${Partition}:ram::${Account}:permission/${ResourcePath}
835,199,resource-share,"",arn:${Partition}:ram:${Region}:${Account}:resource-share/${ResourcePath}
836,199,resource-share-invitation,"",arn:${Partition}:ram:${Region}:${Account}:resource-share-invitation/${ResourcePath}
837,200,index,"",arn:${Partition}:resource-explorer-2:${Region}:${Account}:index/${IndexUuid}
838,200,managed-view,"",arn:${Partition}:resource-explorer-2:${Region}:${Account}:managed-view/${ManagedViewName}/${ManagedViewUuid}
839,200,view,"",arn:${Partition}:resource-explorer-2:${Region}:${Account}:view/${ViewName}/${ViewUuid}
840,201,group,"",arn:${Partition}:resource-groups:${Region}:${Account}:group/${GroupName}
841,201,tagSyncTask,"",arn:${Partition}:resource-groups:${Region}:${Account}:group/${GroupName}/tag-sync-task/${TaskId}
842,202,deploymentFleet,"",arn:${Partition}:robomaker:${Region}:${Account}:deployment-fleet/${FleetName}/${CreatedOnEpoch}
843,202,deploymentJob,"",arn:${Partition}:robomaker:${Region}:${Account}:deployment-job/${DeploymentJobId}
844,202,robot,"",arn:${Partition}:robomaker:${Region}:${Account}:robot/${RobotName}/${CreatedOnEpoch}
845,202,robotApplication,"",arn:${Partition}:robomaker:${Region}:${Account}:robot-application/${ApplicationName}/${CreatedOnEpoch}
846,202,simulationApplication,"",arn:${Partition}:robomaker:${Region}:${Account}:simulation-application/${ApplicationName}/${CreatedOnEpoch}
847,202,simulationJob,"",arn:${Partition}:robomaker:${Region}:${Account}:simulation-job/${SimulationJobId}
848,202,simulationJobBatch,"",arn:${Partition}:robomaker:${Region}:${Account}:simulation-job-batch/${SimulationJobBatchId}
849,202,world,"",arn:${Partition}:robomaker:${Region}:${Account}:world/${WorldId}
850,202,worldExportJob,"",arn:${Partition}:robomaker:${Region}:${Account}:world-export-job/${WorldExportJobId}
851,202,worldGenerationJob,"",arn:${Partition}:robomaker:${Region}:${Account}:world-generation-job/${WorldGenerationJobId}
852,202,worldTemplate,"",arn:${Partition}:robomaker:${Region}:${Account}:world-template/${WorldTemplateJobId}
853,203,access-source,"",arn:${Partition}:route53globalresolver::${Account}:access-source/${Id}
854,203,access-token,"",arn:${Partition}:route53globalresolver::${Account}:access-token/${Id}
855,203,dns-view,"",arn:${Partition}:route53globalresolver::${Account}:dns-view/${Id}
856,203,firewall-domain-list,"",arn:${Partition}:route53globalresolver::${Account}:firewall-domain-list/${Id}
857,203,global-resolver,"",arn:${Partition}:route53globalresolver::${Account}:global-resolver/${Id}
858,204,chart,"",arn:${Partition}:sqlworkbench:${Region}:${Account}:chart/${ResourceId}
859,204,connection,"",arn:${Partition}:sqlworkbench:${Region}:${Account}:connection/${ResourceId}
860,204,notebook,"",arn:${Partition}:sqlworkbench:${Region}:${Account}:notebook/${ResourceId}
861,204,query,"",arn:${Partition}:sqlworkbench:${Region}:${Account}:query/${ResourceId}
862,205,savingsplan,"",arn:${Partition}:savingsplans::${Account}:savingsplan/${ResourceId}
863,206,Secret,"",arn:${Partition}:secretsmanager:${Region}:${Account}:secret:${SecretId}
864,207,AgentSpace,"",arn:${Partition}:securityagent:${Region}:${Account}:agent-space/${AgentId}
865,207,Application,"",arn:${Partition}:securityagent:${Region}:${Account}:application/${ApplicationId}
866,207,Integration,"",arn:${Partition}:securityagent:${Region}:${Account}:integration/${IntegrationId}
867,207,PrivateConnection,"",arn:${Partition}:securityagent:${Region}:${Account}:private-connection/${PrivateConnectionName}
868,207,SecurityRequirementPack,"",arn:${Partition}:securityagent:${Region}:${Account}:security-requirement-pack/${SecurityRequirementPackId}
869,207,TargetDomain,"",arn:${Partition}:securityagent:${Region}:${Account}:target-domain/${TargetDomainId}
870,208,aggregatorv2,"",arn:${Partition}:securityhub:${Region}:${Account}:aggregatorv2/${AggregatorV2Id}
871,208,automation-rule,"",arn:${Partition}:securityhub:${Region}:${Account}:automation-rule/${AutomationRuleId}
872,208,automation-rulev2,"",arn:${Partition}:securityhub:${Region}:${Account}:automation-rulev2/${AutomationRuleV2Id}
873,208,configuration-policy,"",arn:${Partition}:securityhub:${Region}:${Account}:configuration-policy/${ConfigurationPolicyId}
874,208,connector,"",arn:${Partition}:securityhub:${Region}:${Account}:connector/${ConnectorId}
875,208,connectorv2,"",arn:${Partition}:securityhub:${Region}:${Account}:connectorv2/${ConnectorV2Id}
876,208,finding-aggregator,"",arn:${Partition}:securityhub:${Region}:${Account}:finding-aggregator/${FindingAggregatorId}
877,208,hub,"",arn:${Partition}:securityhub:${Region}:${Account}:hub/default
878,208,hubv2,"",arn:${Partition}:securityhub:${Region}:${Account}:hubv2/${HubV2Id}
879,208,product,"",arn:${Partition}:securityhub:${Region}:${Account}:product/${Company}/${ProductId}
880,209,case,"",arn:${Partition}:security-ir:${Region}:${Account}:case/${CaseId}
881,209,membership,"",arn:${Partition}:security-ir:${Region}:${Account}:membership/${MembershipId}
882,210,context-provider,"",arn:${Partition}:iam::aws:contextProvider/${ContextProviderName}
883,210,federated-user,"",arn:${Partition}:sts::${Account}:federated-user/${FederatedUserName}
884,210,role,"",arn:${Partition}:iam::${Account}:role/${RoleNameWithPath}
885,210,root-user,"",arn:${Partition}:iam::${Account}:root
886,210,self-session,"",arn:${Partition}:sts::${Account}:self
887,212,applications,"",arn:${Partition}:serverlessrepo:${Region}:${Account}:applications/${ResourceId}
888,213,autonomous-database,"",arn:${Partition}:odb:${Region}:${Account}:autonomous-database/${AutonomousDatabaseId}
889,213,autonomous-database-backup,"",arn:${Partition}:odb:${Region}:${Account}:autonomous-database-backup/${AutonomousDatabaseBackupId}
890,213,cloud-autonomous-vm-cluster,"",arn:${Partition}:odb:${Region}:${Account}:cloud-autonomous-vm-cluster/${CloudAutonomousVmClusterId}
891,213,cloud-exadata-infrastructure,"",arn:${Partition}:odb:${Region}:${Account}:cloud-exadata-infrastructure/${CloudExadataInfrastructureId}
892,213,cloud-vm-cluster,"",arn:${Partition}:odb:${Region}:${Account}:cloud-vm-cluster/${CloudVmClusterId}
893,213,db-node,"",arn:${Partition}:odb:${Region}:${Account}:db-node/${DbNodeId}
894,213,exadb-vm-cluster,"",arn:${Partition}:odb:${Region}:${Account}:exadb-vm-cluster/${ExadbVmClusterId}
895,213,exascale-db-storage-vault,"",arn:${Partition}:odb:${Region}:${Account}:exascale-db-storage-vault/${ExascaleDbStorageVaultId}
896,213,odb-network,"",arn:${Partition}:odb:${Region}:${Account}:odb-network/${OdbNetworkId}
897,213,odb-peering-connection,"",arn:${Partition}:odb:${Region}:${Account}:odb-peering-connection/${OdbPeeringConnectionId}
898,214,Application,"",arn:${Partition}:servicecatalog:${Region}:${Account}:/applications/${ApplicationId}
899,214,AttributeGroup,"",arn:${Partition}:servicecatalog:${Region}:${Account}:/attribute-groups/${AttributeGroupId}
900,214,Portfolio,"",arn:${Partition}:catalog:${Region}:${Account}:portfolio/${PortfolioId}
901,214,Product,"",arn:${Partition}:catalog:${Region}:${Account}:product/${ProductId}
902,215,attack,"",arn:${Partition}:shield::${Account}:attack/${Id}
903,215,protection,"",arn:${Partition}:shield::${Account}:protection/${Id}
904,215,protection-group,"",arn:${Partition}:shield::${Account}:protection-group/${Id}
905,217,signing-job,"",arn:${Partition}:signer:${Region}:${Account}:/signing-jobs/${JobId}
906,217,signing-profile,"",arn:${Partition}:signer:${Region}:${Account}:/signing-profiles/${ProfileName}
907,218,console,"",arn:${Partition}:signin:::console/${ConsoleName}
908,218,oauth2-public-client-localhost,"",arn:${Partition}:signin:${Region}:${Account}:oauth2/public-client/localhost
909,218,oauth2-public-client-registration,"",arn:${Partition}:signin:${Region}::external-client/dcr/*
910,218,oauth2-public-client-remote,"",arn:${Partition}:signin:${Region}:${Account}:oauth2/public-client/remote
911,218,oauth2-resource-service-principal,"",arn:${Partition}:signin:${Region}:${Account}:service-principal/${ServicePrincipalName}
912,219,Simulation,"",arn:${Partition}:simspaceweaver:${Region}:${Account}:simulation/${SimulationName}
913,220,managed-device,"",arn:${Partition}:snow-device-management:${Region}:${Account}:managed-device/${ResourceId}
914,220,task,"",arn:${Partition}:snow-device-management:${Region}:${Account}:task/${ResourceId}
915,223,activity,"",arn:${Partition}:states:${Region}:${Account}:activity:${ActivityName}
916,223,execution,"",arn:${Partition}:states:${Region}:${Account}:execution:${StateMachineName}:${ExecutionId}
917,223,express,"",arn:${Partition}:states:${Region}:${Account}:express:${StateMachineName}:${ExecutionId}:${ExpressId}
918,223,labelled execution,"",arn:${Partition}:states:${Region}:${Account}:execution:${StateMachineName}/${MapRunLabel}:${ExecutionId}
919,223,labelled express,"",arn:${Partition}:states:${Region}:${Account}:express:${StateMachineName}/${MapRunLabel}:${ExecutionId}:${ExpressId}
920,223,maprun,"",arn:${Partition}:states:${Region}:${Account}:mapRun:${StateMachineName}/${MapRunLabel}:${MapRunId}
921,223,statemachine,"",arn:${Partition}:states:${Region}:${Account}:stateMachine:${StateMachineName}
922,223,statemachinealias,"",arn:${Partition}:states:${Region}:${Account}:stateMachine:${StateMachineName}:${StateMachineAliasName}
923,223,statemachineversion,"",arn:${Partition}:states:${Region}:${Account}:stateMachine:${StateMachineName}:${StateMachineVersionId}
924,224,cache-report,"",arn:${Partition}:storagegateway:${Region}:${Account}:share/${ShareId}/cache-report/${CacheReportId}
925,224,device,"",arn:${Partition}:storagegateway:${Region}:${Account}:gateway/${GatewayId}/device/${Vtldevice}
926,224,fs-association,"",arn:${Partition}:storagegateway:${Region}:${Account}:fs-association/${FsaId}
927,224,gateway,"",arn:${Partition}:storagegateway:${Region}:${Account}:gateway/${GatewayId}
928,224,share,"",arn:${Partition}:storagegateway:${Region}:${Account}:share/${ShareId}
929,224,tape,"",arn:${Partition}:storagegateway:${Region}:${Account}:tape/${TapeBarcode}
930,224,tapepool,"",arn:${Partition}:storagegateway:${Region}:${Account}:tapepool/${PoolId}
931,224,target,"",arn:${Partition}:storagegateway:${Region}:${Account}:gateway/${GatewayId}/target/${IscsiTarget}
932,224,volume,"",arn:${Partition}:storagegateway:${Region}:${Account}:gateway/${GatewayId}/volume/${VolumeId}
933,225,bill-of-materials-import-job,"",arn:${Partition}:scn:${Region}:${Account}:instance/${InstanceId}/bill-of-materials-import-job/${JobId}
934,225,data-integration-flow,"",arn:${Partition}:scn:${Region}:${Account}:instance/${InstanceId}/data-integration-flows/${FlowName}
935,225,dataset,"",arn:${Partition}:scn:${Region}:${Account}:instance/${InstanceId}/namespaces/${Namespace}/datasets/${DatasetName}
936,225,instance,"",arn:${Partition}:scn:${Region}:${Account}:instance/${InstanceId}
937,225,namespace,"",arn:${Partition}:scn:${Region}:${Account}:instance/${InstanceId}/namespaces/${Namespace}
938,228,supportpermit,"",arn:${Partition}:supportauthz:${Region}:${Account}:supportpermit/${ResourceId}
939,228,supportpermitrequest,"",arn:${Partition}:supportauthz:${Region}:${Account}:supportpermitrequest/${ResourceId}
940,232,association,"",arn:${Partition}:ssm:${Region}:${Account}:association/${AssociationId}
941,232,automation-definition,"",arn:${Partition}:ssm:${Region}:${Account}:automation-definition/${AutomationDefinitionName}:${VersionId}
942,232,automation-execution,"",arn:${Partition}:ssm:${Region}:${Account}:automation-execution/${AutomationExecutionId}
943,232,bucket,"",arn:${Partition}:s3:::${BucketName}
944,232,cloud-connector,"",arn:${Partition}:ssm:${Region}:${Account}:cloud-connector/${CloudConnectorId}
945,232,document,"",arn:${Partition}:ssm:${Region}:${Account}:document/${DocumentName}
946,232,iam-role,"",arn:${Partition}:iam::${Account}:role/${RoleName}
947,232,instance,"",arn:${Partition}:ec2:${Region}:${Account}:instance/${InstanceId}
948,232,maintenancewindow,"",arn:${Partition}:ssm:${Region}:${Account}:maintenancewindow/${ResourceId}
949,232,managed-instance,"",arn:${Partition}:ssm:${Region}:${Account}:managed-instance/${InstanceId}
950,232,managed-instance-inventory,"",arn:${Partition}:ssm:${Region}:${Account}:managed-instance-inventory/${InstanceId}
951,232,opsitem,"",arn:${Partition}:ssm:${Region}:${Account}:opsitem/${ResourceId}
952,232,opsitemgroup,"",arn:${Partition}:ssm:${Region}:${Account}:opsitemgroup/default
953,232,opsmetadata,"",arn:${Partition}:ssm:${Region}:${Account}:opsmetadata/${ResourceId}
954,232,parameter,"",arn:${Partition}:ssm:${Region}:${Account}:parameter/${ParameterNameWithoutLeadingSlash}
955,232,patchbaseline,"",arn:${Partition}:ssm:${Region}:${Account}:patchbaseline/${PatchBaselineIdResourceId}
956,232,resourcedatasync,"",arn:${Partition}:ssm:${Region}:${Account}:resource-data-sync/${SyncName}
957,232,servicesetting,"",arn:${Partition}:ssm:${Region}:${Account}:servicesetting/${ResourceId}
958,232,session,"",arn:${Partition}:ssm:${Region}:${Account}:session/${SessionId}
959,232,task,"",arn:${Partition}:ecs:${Region}:${Account}:task/${TaskId}
960,232,windowtarget,"",arn:${Partition}:ssm:${Region}:${Account}:windowtarget/${WindowTargetId}
961,232,windowtask,"",arn:${Partition}:ssm:${Region}:${Account}:windowtask/${WindowTaskId}
962,234,incident-record,"",arn:${Partition}:ssm-incidents::${Account}:incident-record/${ResponsePlan}/${IncidentRecord}
963,234,replication-set,"",arn:${Partition}:ssm-incidents::${Account}:replication-set/${ReplicationSet}
964,234,response-plan,"",arn:${Partition}:ssm-incidents::${Account}:response-plan/${ResponsePlan}
965,235,contact,"",arn:${Partition}:ssm-contacts:${Region}:${Account}:contact/${ContactAlias}
966,235,contactchannel,"",arn:${Partition}:ssm-contacts:${Region}:${Account}:contactchannel/${ContactAlias}/${ContactChannelId}
967,235,engagement,"",arn:${Partition}:ssm-contacts:${Region}:${Account}:engagement/${ContactAlias}/${EngagementId}
968,235,page,"",arn:${Partition}:ssm-contacts:${Region}:${Account}:page/${ContactAlias}/${PageId}
969,235,rotation,"",arn:${Partition}:ssm-contacts:${Region}:${Account}:rotation/${RotationId}
970,236,configuration-manager,"",arn:${Partition}:ssm-quicksetup:${Region}:${Account}:configuration-manager/${ConfigurationManagerId}
971,237,application,"",arn:${Partition}:ssm-sap:${Region}:${Account}:${ApplicationType}/${ApplicationId}
972,237,component,"",arn:${Partition}:ssm-sap:${Region}:${Account}:${ApplicationType}/${ApplicationId}/COMPONENT/${ComponentId}
973,237,database,"",arn:${Partition}:ssm-sap:${Region}:${Account}:${ApplicationType}/${ApplicationId}/DB/${DatabaseId}
974,239,function-instance,"",arn:${Partition}:tnb:${Region}:${Account}:function-instance/${FunctionInstanceId}
975,239,function-package,"",arn:${Partition}:tnb:${Region}:${Account}:function-package/${FunctionPackageId}
976,239,network-instance,"",arn:${Partition}:tnb:${Region}:${Account}:network-instance/${NetworkInstanceId}
977,239,network-operation,"",arn:${Partition}:tnb:${Region}:${Account}:network-operation/${NetworkOperationId}
978,239,network-package,"",arn:${Partition}:tnb:${Region}:${Account}:network-package/${NetworkPackageId}
979,241,agreement,"",arn:${Partition}:transfer:${Region}:${Account}:agreement/${ServerId}/${AgreementId}
980,241,certificate,"",arn:${Partition}:transfer:${Region}:${Account}:certificate/${CertificateId}
981,241,connector,"",arn:${Partition}:transfer:${Region}:${Account}:connector/${ConnectorId}
982,241,host-key,"",arn:${Partition}:transfer:${Region}:${Account}:host-key/${ServerId}/${HostKeyId}
983,241,profile,"",arn:${Partition}:transfer:${Region}:${Account}:profile/${ProfileId}
984,241,server,"",arn:${Partition}:transfer:${Region}:${Account}:server/${ServerId}
985,241,user,"",arn:${Partition}:transfer:${Region}:${Account}:user/${ServerId}/${UserName}
986,241,webapp,"",arn:${Partition}:transfer:${Region}:${Account}:webapp/${WebAppId}
987,241,workflow,"",arn:${Partition}:transfer:${Region}:${Account}:workflow/${WorkflowId}
988,242,connector,"",arn:${Partition}:transform:${Region}:${Account}:connector/${WorkspaceId}/${ConnectorId}
989,242,profile,"",arn:${Partition}:transform:${Region}:${Account}:profile/${Identifier}
990,243,analysis,"",arn:${Partition}:transform-custom:${Region}:${Account}:analysis/${AnalysisId}
991,243,campaign,"",arn:${Partition}:transform-custom:${Region}:${Account}:campaign/${Name}
992,243,finding,"",arn:${Partition}:transform-custom:${Region}:${Account}:finding/${FindingId}
993,243,knowledge-item,"",arn:${Partition}:transform-custom:${Region}:${Account}:package/${TransformationPackageName}/knowledge-item/${Id}
994,243,package,"",arn:${Partition}:transform-custom:${Region}:${Account}:package/${Name}
995,243,remediation,"",arn:${Partition}:transform-custom:${Region}:${Account}:remediation/${RemediationId}
996,243,repository,"",arn:${Partition}:transform-custom:${Region}:${Account}:repository/${RepositoryId}
997,243,source,"",arn:${Partition}:transform-custom:${Region}:${Account}:source/${Name}
998,244,checks,"",arn:${Partition}:trustedadvisor:${Region}:${Account}:checks/${CategoryCode}/${CheckId}
999,246,EventRule,"",arn:${Partition}:notifications::${Account}:configuration/${NotificationConfigurationId}/rule/${EventRuleId}
1000,246,ManagedNotificationChildEvent,"",arn:${Partition}:notifications::${Account}:managed-notification-configuration/category/${Category}/sub-category/${Subcategory}/event/${NotificationEventId}/child-event/${NotificationChildEventId}
1001,246,ManagedNotificationConfiguration,"",arn:${Partition}:notifications::${Account}:managed-notification-configuration/category/${Category}/sub-category/${Subcategory}
1002,246,ManagedNotificationEvent,"",arn:${Partition}:notifications::${Account}:managed-notification-configuration/category/${Category}/sub-category/${Subcategory}/event/${NotificationEventId}
1003,246,NotificationConfiguration,"",arn:${Partition}:notifications::${Account}:configuration/${NotificationConfigurationId}
1004,246,NotificationEvent,"",arn:${Partition}:notifications:${Region}:${Account}:configuration/${NotificationConfigurationId}/event/${NotificationEventId}
1005,247,EmailContactResource,"",arn:${Partition}:notifications-contacts::${Account}:emailcontact/${EmailContactId}
1006,250,bytematchset,"",arn:${Partition}:waf::${Account}:bytematchset/${Id}
1007,250,geomatchset,"",arn:${Partition}:waf::${Account}:geomatchset/${Id}
1008,250,ipset,"",arn:${Partition}:waf::${Account}:ipset/${Id}
1009,250,ratebasedrule,"",arn:${Partition}:waf::${Account}:ratebasedrule/${Id}
1010,250,regexmatchset,"",arn:${Partition}:waf::${Account}:regexmatch/${Id}
1011,250,regexpatternset,"",arn:${Partition}:waf::${Account}:regexpatternset/${Id}
1012,250,rule,"",arn:${Partition}:waf::${Account}:rule/${Id}
1013,250,rulegroup,"",arn:${Partition}:waf::${Account}:rulegroup/${Id}
1014,250,sizeconstraintset,"",arn:${Partition}:waf::${Account}:sizeconstraintset/${Id}
1015,250,sqlinjectionmatchset,"",arn:${Partition}:waf::${Account}:sqlinjectionset/${Id}
1016,250,webacl,"",arn:${Partition}:waf::${Account}:webacl/${Id}
1017,250,xssmatchset,"",arn:${Partition}:waf::${Account}:xssmatchset/${Id}
1018,251,bytematchset,"",arn:${Partition}:waf-regional:${Region}:${Account}:bytematchset/${Id}
1019,251,geomatchset,"",arn:${Partition}:waf-regional:${Region}:${Account}:geomatchset/${Id}
1020,251,ipset,"",arn:${Partition}:waf-regional:${Region}:${Account}:ipset/${Id}
1021,251,loadbalancer/app/,"",arn:${Partition}:elasticloadbalancing:${Region}:${Account}:loadbalancer/app/${LoadBalancerName}/${LoadBalancerId}
1022,251,ratebasedrule,"",arn:${Partition}:waf-regional:${Region}:${Account}:ratebasedrule/${Id}
1023,251,regexmatchset,"",arn:${Partition}:waf-regional:${Region}:${Account}:regexmatch/${Id}
1024,251,regexpatternset,"",arn:${Partition}:waf-regional:${Region}:${Account}:regexpatternset/${Id}
1025,251,rule,"",arn:${Partition}:waf-regional:${Region}:${Account}:rule/${Id}
1026,251,rulegroup,"",arn:${Partition}:waf-regional:${Region}:${Account}:rulegroup/${Id}
1027,251,sizeconstraintset,"",arn:${Partition}:waf-regional:${Region}:${Account}:sizeconstraintset/${Id}
1028,251,sqlinjectionmatchset,"",arn:${Partition}:waf-regional:${Region}:${Account}:sqlinjectionset/${Id}
1029,251,webacl,"",arn:${Partition}:waf-regional:${Region}:${Account}:webacl/${Id}
1030,251,xssmatchset,"",arn:${Partition}:waf-regional:${Region}:${Account}:xssmatchset/${Id}
1031,252,agentcore-gateway,"",arn:${Partition}:bedrock-agentcore:${Region}:${Account}:gateway/${GatewayId}
1032,252,amplify-app,"",arn:${Partition}:amplify:${Region}:${Account}:apps/${AppId}
1033,252,apigateway,"",arn:${Partition}:apigateway:${Region}::/restapis/${ApiId}/stages/${StageName}
1034,252,apprunner,"",arn:${Partition}:apprunner:${Region}:${Account}:service/${ServiceName}/${ServiceId}
1035,252,appsync,"",arn:${Partition}:appsync:${Region}:${Account}:apis/${GraphQLAPIId}
1036,252,ipset,"",arn:${Partition}:wafv2:${Region}:${Account}:${Scope}/ipset/${Name}/${Id}
1037,252,loadbalancer/app/,"",arn:${Partition}:elasticloadbalancing:${Region}:${Account}:loadbalancer/app/${LoadBalancerName}/${LoadBalancerId}
1038,252,managedruleset,"",arn:${Partition}:wafv2:${Region}:${Account}:${Scope}/managedruleset/${Name}/${Id}
1039,252,regexpatternset,"",arn:${Partition}:wafv2:${Region}:${Account}:${Scope}/regexpatternset/${Name}/${Id}
1040,252,rulegroup,"",arn:${Partition}:wafv2:${Region}:${Account}:${Scope}/rulegroup/${Name}/${Id}
1041,252,userpool,"",arn:${Partition}:cognito-idp:${Region}:${Account}:userpool/${UserPoolId}
1042,252,verified-access-instance,"",arn:${Partition}:ec2:${Region}:${Account}:verified-access-instance/${VerifiedAccessInstanceId}
1043,252,webacl,"",arn:${Partition}:wafv2:${Region}:${Account}:${Scope}/webacl/${Name}/${Id}
1044,253,agent-profile,"",arn:${Partition}:wellarchitected:${Region}:${Account}:agent-profile/${ProfileName}
1045,253,agent-recommendation,"",arn:${Partition}:wellarchitected:${Region}:${Account}:agent-recommendation/${ResourceId}
1046,253,lens,"",arn:${Partition}:wellarchitected:${Region}:${Account}:lens/${ResourceId}
1047,253,profile,"",arn:${Partition}:wellarchitected:${Region}:${Account}:profile/${ResourceId}
1048,253,review-template,"",arn:${Partition}:wellarchitected:${Region}:${Account}:review-template/${ResourceId}
1049,253,workload,"",arn:${Partition}:wellarchitected:${Region}:${Account}:workload/${ResourceId}
1050,254,network,"",arn:${Partition}:wickr:${Region}:${Account}:network/${NetworkId}
1051,255,VolumeId,"",arn:${Partition}:ec2:${Region}:${Account}:volume/${VolumeId}
1052,255,WorkspaceInstanceId,"",arn:${Partition}:workspaces-instances:${Region}:${Account}:workspaceinstance/${WorkspaceInstanceId}
1053,256,group,"",arn:${Partition}:xray:${Region}:${Account}:group/${GroupName}/${Id}
1054,256,sampling-rule,"",arn:${Partition}:xray:${Region}:${Account}:sampling-rule/${SamplingRuleName}
1055,257,approve,"",arn:${Partition}:eventsbilltoaws:${Region}:${Account}:${RelativeId}
1056,257,info,"",arn:${Partition}:eventsbilltoaws:${Region}:${Account}:${RelativeId}
1057,258,space,"",arn:${Partition}:repostspace:${Region}:${Account}:space/${ResourceId}
1058,259,device-identifier,"",arn:${Partition}:private-networks:${Region}:${Account}:device-identifier/${NetworkName}/${DeviceId}
1059,259,network,"",arn:${Partition}:private-networks:${Region}:${Account}:network/${NetworkName}
1060,259,network-resource,"",arn:${Partition}:private-networks:${Region}:${Account}:network-resource/${NetworkName}/${ResourceId}
1061,259,network-site,"",arn:${Partition}:private-networks:${Region}:${Account}:network-site/${NetworkName}/${NetworkSiteName}
1062,259,order,"",arn:${Partition}:private-networks:${Region}:${Account}:order/${NetworkName}/${OrderId}
1063,260,application,"",arn:${Partition}:account-access:${Region}:${Account}:application/${ResourceId}
1064,261,addressbook,"",arn:${Partition}:a4b:${Region}:${Account}:address-book/${ResourceId}
1065,261,conferenceprovider,"",arn:${Partition}:a4b:${Region}:${Account}:conference-provider/${ResourceId}
1066,261,contact,"",arn:${Partition}:a4b:${Region}:${Account}:contact/${ResourceId}
1067,261,device,"",arn:${Partition}:a4b:${Region}:${Account}:device/${ResourceId}
1068,261,gateway,"",arn:${Partition}:a4b:${Region}:${Account}:gateway/${ResourceId}
1069,261,gatewaygroup,"",arn:${Partition}:a4b:${Region}:${Account}:gateway-group/${ResourceId}
1070,261,networkprofile,"",arn:${Partition}:a4b:${Region}:${Account}:network-profile/${ResourceId}
1071,261,profile,"",arn:${Partition}:a4b:${Region}:${Account}:profile/${ResourceId}
1072,261,room,"",arn:${Partition}:a4b:${Region}:${Account}:room/${ResourceId}
1073,261,schedule,"",arn:${Partition}:a4b:${Region}:${Account}:schedule/${ResourceId}
1074,261,skillgroup,"",arn:${Partition}:a4b:${Region}:${Account}:skill-group/${ResourceId}
1075,261,user,"",arn:${Partition}:a4b:${Region}:${Account}:user/${ResourceId}
1076,262,investigation-group,"",arn:${Partition}:aiops:${Region}:${Account}:investigation-group/${InvestigationGroupId}
1077,263,execute-api-domain,"",arn:${Partition}:execute-api:${Region}:${Account}:/domainnames/${DomainName}+${DomainIdentifier}
1078,263,execute-api-general,"",arn:${Partition}:execute-api:${Region}:${Account}:${ApiId}/${Stage}/${Method}/${ApiSpecificResourcePath}
1079,264,Account,"",arn:${Partition}:apigateway:${Region}::/account
1080,264,ApiKey,"",arn:${Partition}:apigateway:${Region}::/apikeys/${ApiKeyId}
1081,264,ApiKeys,"",arn:${Partition}:apigateway:${Region}::/apikeys
1082,264,Authorizer,"","arn:${Partition}:apigateway:${Region}::/apis/${ApiId}/authorizers/${AuthorizerId}, arn:${Partition}:apigateway:${Region}::/restapis/${RestApiId}/authorizers/${AuthorizerId}"
1083,264,Authorizers,"","arn:${Partition}:apigateway:${Region}::/apis/${ApiId}/authorizers, arn:${Partition}:apigateway:${Region}::/restapis/${RestApiId}/authorizers"
1084,264,BasePathMapping,"",arn:${Partition}:apigateway:${Region}::/domainnames/${DomainName}/basepathmappings/${BasePath}
1085,264,BasePathMappings,"",arn:${Partition}:apigateway:${Region}::/domainnames/${DomainName}/basepathmappings
1086,264,ClientCertificate,"",arn:${Partition}:apigateway:${Region}::/clientcertificates/${ClientCertificateId}
1087,264,ClientCertificates,"",arn:${Partition}:apigateway:${Region}::/clientcertificates
1088,264,Deployment,"","arn:${Partition}:apigateway:${Region}::/apis/${ApiId}/deployments/${DeploymentId}, arn:${Partition}:apigateway:${Region}::/restapis/${RestApiId}/deployments/${DeploymentId}"
1089,264,Deployments,"","arn:${Partition}:apigateway:${Region}::/apis/${ApiId}/deployments, arn:${Partition}:apigateway:${Region}::/restapis/${RestApiId}/deployments"
1090,264,DocumentationPart,"",arn:${Partition}:apigateway:${Region}::/restapis/${RestApiId}/documentation/parts/${DocumentationPartId}
1091,264,DocumentationParts,"",arn:${Partition}:apigateway:${Region}::/restapis/${RestApiId}/documentation/parts
1092,264,DocumentationVersion,"",arn:${Partition}:apigateway:${Region}::/restapis/${RestApiId}/documentation/versions/${DocumentationVersionId}
1093,264,DocumentationVersions,"",arn:${Partition}:apigateway:${Region}::/restapis/${RestApiId}/documentation/versions
1094,264,DomainName,"",arn:${Partition}:apigateway:${Region}::/domainnames/${DomainName}
1095,264,DomainNameAccessAssociation,"",arn:${Partition}:apigateway:${Region}:${Account}:/domainnameaccessassociations/domainname/${DomainName}/${SourceType}/${SourceId}
1096,264,DomainNameAccessAssociations,"",arn:${Partition}:apigateway:${Region}:${Account}:/domainnameaccessassociations
1097,264,DomainNames,"",arn:${Partition}:apigateway:${Region}::/domainnames
1098,264,GatewayResponse,"",arn:${Partition}:apigateway:${Region}::/restapis/${RestApiId}/gatewayresponses/${ResponseType}
1099,264,GatewayResponses,"",arn:${Partition}:apigateway:${Region}::/restapis/${RestApiId}/gatewayresponses
1100,264,Integration,"","arn:${Partition}:apigateway:${Region}::/apis/${ApiId}/integrations/${IntegrationId}, arn:${Partition}:apigateway:${Region}::/restapis/${RestApiId}/resources/${ResourceId}/methods/${HttpMethodType}/integration"
1101,264,IntegrationResponse,"","arn:${Partition}:apigateway:${Region}::/apis/${ApiId}/integrations/${IntegrationId}/integrationresponses/${IntegrationResponseId}, arn:${Partition}:apigateway:${Region}::/restapis/${RestApiId}/resources/${ResourceId}/methods/${HttpMethodType}/integration/responses/${StatusCode}"
1102,264,Method,"",arn:${Partition}:apigateway:${Region}::/restapis/${RestApiId}/resources/${ResourceId}/methods/${HttpMethodType}
1103,264,MethodResponse,"",arn:${Partition}:apigateway:${Region}::/restapis/${RestApiId}/resources/${ResourceId}/methods/${HttpMethodType}/responses/${StatusCode}
1104,264,Model,"","arn:${Partition}:apigateway:${Region}::/apis/${ApiId}/models/${ModelId}, arn:${Partition}:apigateway:${Region}::/restapis/${RestApiId}/models/${ModelName}"
1105,264,Models,"","arn:${Partition}:apigateway:${Region}::/apis/${ApiId}/models, arn:${Partition}:apigateway:${Region}::/restapis/${RestApiId}/models"
1106,264,PrivateBasePathMapping,"",arn:${Partition}:apigateway:${Region}::/domainnames/${DomainName}+${DomainIdentifier}/basepathmappings/${BasePath}
1107,264,PrivateBasePathMappings,"",arn:${Partition}:apigateway:${Region}::/domainnames/${DomainName}+${DomainIdentifier}/basepathmappings
1108,264,PrivateDomainName,"",arn:${Partition}:apigateway:${Region}:${Account}:/domainnames/${DomainName}+${DomainIdentifier}
1109,264,RequestValidator,"",arn:${Partition}:apigateway:${Region}::/restapis/${RestApiId}/requestvalidators/${RequestValidatorId}
1110,264,RequestValidators,"",arn:${Partition}:apigateway:${Region}::/restapis/${RestApiId}/requestvalidators
1111,264,Resource,"",arn:${Partition}:apigateway:${Region}::/restapis/${RestApiId}/resources/${ResourceId}
1112,264,Resources,"",arn:${Partition}:apigateway:${Region}::/restapis/${RestApiId}/resources
1113,264,RestApi,"",arn:${Partition}:apigateway:${Region}::/restapis/${RestApiId}
1114,264,RestApis,"",arn:${Partition}:apigateway:${Region}::/restapis
1115,264,Sdk,"",arn:${Partition}:apigateway:${Region}::/restapis/${RestApiId}/stages/${StageName}/sdks/${SdkType}
1116,264,Stage,"","arn:${Partition}:apigateway:${Region}::/apis/${ApiId}/stages/${StageName}, arn:${Partition}:apigateway:${Region}::/restapis/${RestApiId}/stages/${StageName}"
1117,264,Stages,"","arn:${Partition}:apigateway:${Region}::/apis/${ApiId}/stages, arn:${Partition}:apigateway:${Region}::/restapis/${RestApiId}/stages"
1118,264,Tags,"",arn:${Partition}:apigateway:${Region}::/tags/${UrlEncodedResourceARN}
1119,264,Template,"",arn:${Partition}:apigateway:${Region}::/restapis/models/${ModelName}/template
1120,264,UsagePlan,"",arn:${Partition}:apigateway:${Region}::/usageplans/${UsagePlanId}
1121,264,UsagePlanKey,"",arn:${Partition}:apigateway:${Region}::/usageplans/${UsagePlanId}/keys/${Id}
1122,264,UsagePlanKeys,"",arn:${Partition}:apigateway:${Region}::/usageplans/${UsagePlanId}/keys
1123,264,UsagePlans,"",arn:${Partition}:apigateway:${Region}::/usageplans
1124,264,VpcLink,"",arn:${Partition}:apigateway:${Region}::/vpclinks/${VpcLinkId}
1125,264,VpcLinks,"",arn:${Partition}:apigateway:${Region}::/vpclinks
1126,265,AccessLogSettings,"",arn:${Partition}:apigateway:${Region}::/apis/${ApiId}/stages/${StageName}/accesslogsettings
1127,265,Api,"",arn:${Partition}:apigateway:${Region}::/apis/${ApiId}
1128,265,ApiMapping,"",arn:${Partition}:apigateway:${Region}::/domainnames/${DomainName}/apimappings/${ApiMappingId}
1129,265,ApiMappings,"",arn:${Partition}:apigateway:${Region}::/domainnames/${DomainName}/apimappings
1130,265,Apis,"",arn:${Partition}:apigateway:${Region}::/apis
1131,265,Authorizer,"","arn:${Partition}:apigateway:${Region}::/apis/${ApiId}/authorizers/${AuthorizerId}, arn:${Partition}:apigateway:${Region}::/restapis/${RestApiId}/authorizers/${AuthorizerId}"
1132,265,Authorizers,"","arn:${Partition}:apigateway:${Region}::/apis/${ApiId}/authorizers, arn:${Partition}:apigateway:${Region}::/restapis/${RestApiId}/authorizers"
1133,265,AuthorizersCache,"",arn:${Partition}:apigateway:${Region}::/apis/${ApiId}/stages/${StageName}/cache/authorizers
1134,265,Cors,"",arn:${Partition}:apigateway:${Region}::/apis/${ApiId}/cors
1135,265,Deployment,"","arn:${Partition}:apigateway:${Region}::/apis/${ApiId}/deployments/${DeploymentId}, arn:${Partition}:apigateway:${Region}::/restapis/${RestApiId}/deployments/${DeploymentId}"
1136,265,Deployments,"","arn:${Partition}:apigateway:${Region}::/apis/${ApiId}/deployments, arn:${Partition}:apigateway:${Region}::/restapis/${RestApiId}/deployments"
1137,265,ExportedAPI,"",arn:${Partition}:apigateway:${Region}::/apis/${ApiId}/exports/${Specification}
1138,265,Integration,"","arn:${Partition}:apigateway:${Region}::/apis/${ApiId}/integrations/${IntegrationId}, arn:${Partition}:apigateway:${Region}::/restapis/${RestApiId}/resources/${ResourceId}/methods/${HttpMethodType}/integration"
1139,265,IntegrationResponse,"","arn:${Partition}:apigateway:${Region}::/apis/${ApiId}/integrations/${IntegrationId}/integrationresponses/${IntegrationResponseId}, arn:${Partition}:apigateway:${Region}::/restapis/${RestApiId}/resources/${ResourceId}/methods/${HttpMethodType}/integration/responses/${StatusCode}"
1140,265,IntegrationResponses,"",arn:${Partition}:apigateway:${Region}::/apis/${ApiId}/integrations/${IntegrationId}/integrationresponses
1141,265,Integrations,"",arn:${Partition}:apigateway:${Region}::/apis/${ApiId}/integrations
1142,265,Model,"","arn:${Partition}:apigateway:${Region}::/apis/${ApiId}/models/${ModelId}, arn:${Partition}:apigateway:${Region}::/restapis/${RestApiId}/models/${ModelName}"
1143,265,ModelTemplate,"",arn:${Partition}:apigateway:${Region}::/apis/${ApiId}/models/${ModelId}/template
1144,265,Models,"","arn:${Partition}:apigateway:${Region}::/apis/${ApiId}/models, arn:${Partition}:apigateway:${Region}::/restapis/${RestApiId}/models"
1145,265,Portal,"",arn:${Partition}:apigateway:${Region}:${Account}:/portals/${PortalId}
1146,265,PortalProduct,"",arn:${Partition}:apigateway:${Region}:${Account}:/portalproducts/${PortalProductId}
1147,265,ProductPage,"",arn:${Partition}:apigateway:${Region}:${Account}:/portalproducts/${PortalProductId}/productpages/${ProductPageId}
1148,265,ProductRestEndpointPage,"",arn:${Partition}:apigateway:${Region}:${Account}:/portalproducts/${PortalProductId}/productrestendpointpages/${ProductRestEndpointPageId}
1149,265,Route,"",arn:${Partition}:apigateway:${Region}::/apis/${ApiId}/routes/${RouteId}
1150,265,RouteRequestParameter,"",arn:${Partition}:apigateway:${Region}::/apis/${ApiId}/routes/${RouteId}/requestparameters/${RequestParameterKey}
1151,265,RouteResponse,"",arn:${Partition}:apigateway:${Region}::/apis/${ApiId}/routes/${RouteId}/routeresponses/${RouteResponseId}
1152,265,RouteResponses,"",arn:${Partition}:apigateway:${Region}::/apis/${ApiId}/routes/${RouteId}/routeresponses
1153,265,RouteSettings,"",arn:${Partition}:apigateway:${Region}::/apis/${ApiId}/stages/${StageName}/routesettings/${RouteKey}
1154,265,Routes,"",arn:${Partition}:apigateway:${Region}::/apis/${ApiId}/routes
1155,265,RoutingRule,"",arn:${Partition}:apigateway:${Region}:${Account}:/domainnames/${DomainName}/routingrules/${RoutingRuleId}
1156,265,Stage,"","arn:${Partition}:apigateway:${Region}::/apis/${ApiId}/stages/${StageName}, arn:${Partition}:apigateway:${Region}::/restapis/${RestApiId}/stages/${StageName}"
1157,265,Stages,"","arn:${Partition}:apigateway:${Region}::/apis/${ApiId}/stages, arn:${Partition}:apigateway:${Region}::/restapis/${RestApiId}/stages"
1158,265,VpcLink,"",arn:${Partition}:apigateway:${Region}::/vpclinks/${VpcLinkId}
1159,265,VpcLinks,"",arn:${Partition}:apigateway:${Region}::/vpclinks
1160,266,plan,"",arn:${Partition}:arc-region-switch::${Account}:plan/${ResourceId}
1161,267,connector,"",arn:${Partition}:appflow:${Region}:${Account}:connector/${ConnectorLabel}
1162,267,connectorprofile,"",arn:${Partition}:appflow:${Region}:${Account}:connectorprofile/${ProfileName}
1163,267,flow,"",arn:${Partition}:appflow:${Region}:${Account}:flow/${FlowName}
1164,268,application,"",arn:${Partition}:app-integrations:${Region}:${Account}:application/${ApplicationId}
1165,268,application-association,"",arn:${Partition}:app-integrations:${Region}:${Account}:application-association/${ApplicationId}/${ApplicationAssociationId}
1166,268,data-integration,"",arn:${Partition}:app-integrations:${Region}:${Account}:data-integration/${DataIntegrationId}
1167,268,data-integration-association,"",arn:${Partition}:app-integrations:${Region}:${Account}:data-integration-association/${DataIntegrationId}/${ResourceId}
1168,268,event-integration,"",arn:${Partition}:app-integrations:${Region}:${Account}:event-integration/${EventIntegrationName}
1169,268,event-integration-association,"",arn:${Partition}:app-integrations:${Region}:${Account}:event-integration-association/${EventIntegrationName}/${ResourceId}
1170,269,app-block,"",arn:${Partition}:appstream:${Region}:${Account}:app-block/${AppBlockName}
1171,269,app-block-builder,"",arn:${Partition}:appstream:${Region}:${Account}:app-block-builder/${AppBlockBuilderName}
1172,269,application,"",arn:${Partition}:appstream:${Region}:${Account}:application/${ApplicationName}
1173,269,fleet,"",arn:${Partition}:appstream:${Region}:${Account}:fleet/${FleetName}
1174,269,image,"",arn:${Partition}:appstream:${Region}:${Account}:image/${ImageName}
1175,269,image-builder,"",arn:${Partition}:appstream:${Region}:${Account}:image-builder/${ImageBuilderName}
1176,269,stack,"",arn:${Partition}:appstream:${Region}:${Account}:stack/${StackName}
1177,270,ALB,"",arn:${Partition}:elasticloadbalancing:${Region}:${Account}:loadbalancer/app/${LoadBalancerName}/${LoadBalancerId}
1178,270,NLB,"",arn:${Partition}:elasticloadbalancing:${Region}:${Account}:loadbalancer/net/${LoadBalancerName}/${LoadBalancerId}
1179,271,capacity-reservation,"",arn:${Partition}:athena:${Region}:${Account}:capacity-reservation/${CapacityReservationName}
1180,271,datacatalog,"",arn:${Partition}:athena:${Region}:${Account}:datacatalog/${DataCatalogName}
1181,271,session,"",arn:${Partition}:athena:${Region}:${Account}:workgroup/${WorkGroupName}/session/${SessionId}
1182,271,workgroup,"",arn:${Partition}:athena:${Region}:${Account}:workgroup/${WorkGroupName}
1183,272,Cluster,"",arn:${Partition}:dsql:${Region}:${Account}:cluster/${Identifier}
1184,272,Stream,"",arn:${Partition}:dsql:${Region}:${Account}:cluster/${ClusterId}/stream/${StreamId}
1185,273,advanced-prompt-optimization-job,"",arn:${Partition}:bedrock:${Region}:${Account}:advanced-prompt-optimization-job/${ResourceId}
1186,273,agent,"",arn:${Partition}:bedrock:${Region}:${Account}:agent/${AgentId}
1187,273,agent-alias,"",arn:${Partition}:bedrock:${Region}:${Account}:agent-alias/${AgentId}/${AgentAliasId}
1188,273,application-inference-profile,"",arn:${Partition}:bedrock:${Region}:${Account}:application-inference-profile/${ResourceId}
1189,273,async-invoke,"",arn:${Partition}:bedrock:${Region}:${Account}:async-invoke/${ResourceId}
1190,273,automated-reasoning-policy,"",arn:${Partition}:bedrock:${Region}:${Account}:automated-reasoning-policy/${AutomatedReasoningPolicyId}
1191,273,automated-reasoning-policy-version,"",arn:${Partition}:bedrock:${Region}:${Account}:automated-reasoning-policy/${AutomatedReasoningPolicyId}:${AutomatedReasoningPolicyVersion}
1192,273,bedrock-marketplace-model-endpoint,"",arn:${Partition}:bedrock:${Region}:${Account}:marketplace/model-endpoint/all-access
1193,273,blueprint,"",arn:${Partition}:bedrock:${Region}:${Account}:blueprint/${BlueprintId}
1194,273,blueprint-optimization-invocation,"",arn:${Partition}:bedrock:${Region}:${Account}:blueprint-optimization-invocation/${ResourceId}
1195,273,custom-model,"",arn:${Partition}:bedrock:${Region}:${Account}:custom-model/${ResourceId}
1196,273,custom-model-deployment,"",arn:${Partition}:bedrock:${Region}:${Account}:custom-model-deployment/${ResourceId}
1197,273,data-automation-invocation-job,"",arn:${Partition}:bedrock:${Region}:${Account}:data-automation-invocation/${JobId}
1198,273,data-automation-library,"",arn:${Partition}:bedrock:${Region}:${Account}:data-automation-library/${DataAutomationLibraryId}
1199,273,data-automation-library-ingestion-job,"",arn:${Partition}:bedrock:${Region}:${Account}:data-automation-library-ingestion-job/${IngestionJobId}
1200,273,data-automation-profile,"",arn:${Partition}:bedrock:${Region}:${Account}:data-automation-profile/${ProfileId}
1201,273,data-automation-project,"",arn:${Partition}:bedrock:${Region}:${Account}:data-automation-project/${ProjectId}
1202,273,default-prompt-router,"",arn:${Partition}:bedrock:${Region}:${Account}:default-prompt-router/${ResourceId}
1203,273,evaluation-job,"",arn:${Partition}:bedrock:${Region}:${Account}:evaluation-job/${ResourceId}
1204,273,flow,"",arn:${Partition}:bedrock:${Region}:${Account}:flow/${FlowId}
1205,273,flow-alias,"",arn:${Partition}:bedrock:${Region}:${Account}:flow/${FlowId}/alias/${FlowAliasId}
1206,273,flow-execution,"",arn:${Partition}:bedrock:${Region}:${Account}:flow/${FlowId}/alias/${FlowAliasId}/execution/${FlowExecutionId}
1207,273,foundation-model,"",arn:${Partition}:bedrock:${Region}::foundation-model/${ResourceId}
1208,273,guardrail,"",arn:${Partition}:bedrock:${Region}:${Account}:guardrail/${GuardrailId}
1209,273,guardrail-profile,"",arn:${Partition}:bedrock:${Region}:${Account}:guardrail-profile/${ResourceId}
1210,273,imported-model,"",arn:${Partition}:bedrock:${Region}:${Account}:imported-model/${ResourceId}
1211,273,inference-profile,"",arn:${Partition}:bedrock:${Region}:${Account}:inference-profile/${ResourceId}
1212,273,knowledge-base,"",arn:${Partition}:bedrock:${Region}:${Account}:knowledge-base/${KnowledgeBaseId}
1213,273,model-copy-job,"",arn:${Partition}:bedrock:${Region}:${Account}:model-copy-job/${ResourceId}
1214,273,model-customization-job,"",arn:${Partition}:bedrock:${Region}:${Account}:model-customization-job/${ResourceId}
1215,273,model-evaluation-job,"",arn:${Partition}:bedrock:${Region}:${Account}:model-evaluation-job/${ResourceId}
1216,273,model-import-job,"",arn:${Partition}:bedrock:${Region}:${Account}:model-import-job/${ResourceId}
1217,273,model-invocation-job,"",arn:${Partition}:bedrock:${Region}:${Account}:model-invocation-job/${JobIdentifier}
1218,273,project,"",arn:${Partition}:bedrock:${Region}:${Account}:project/${ResourceId}
1219,273,prompt,"",arn:${Partition}:bedrock:${Region}:${Account}:prompt/${PromptId}
1220,273,prompt-router,"",arn:${Partition}:bedrock:${Region}:${Account}:prompt-router/${ResourceId}
1221,273,prompt-version,"",arn:${Partition}:bedrock:${Region}:${Account}:prompt/${PromptId}:${PromptVersion}
1222,273,provisioned-model,"",arn:${Partition}:bedrock:${Region}:${Account}:provisioned-model/${ResourceId}
1223,273,session,"",arn:${Partition}:bedrock:${Region}:${Account}:session/${SessionId}
1224,273,system-tool,"",arn:${Partition}:bedrock::${Account}:system-tool/${ResourceId}
1225,274,ab-test,"",arn:${Partition}:bedrock-agentcore:${Region}:${Account}:ab-test/${ABTestId}
1226,274,apikeycredentialprovider,"",arn:${Partition}:bedrock-agentcore:${Region}:${Account}:token-vault/${TokenVaultId}/apikeycredentialprovider/${Name}
1227,274,batch-evaluate,"",arn:${Partition}:bedrock-agentcore:${Region}:${Account}:batch-evaluate/${BatchEvaluationId}
1228,274,browser,"",arn:${Partition}:bedrock-agentcore:${Region}:aws:browser/${BrowserId}
1229,274,browser-custom,"",arn:${Partition}:bedrock-agentcore:${Region}:${Account}:browser-custom/${BrowserId}
1230,274,browser-profile,"",arn:${Partition}:bedrock-agentcore:${Region}:${Account}:browser-profile/${BrowserProfileId}
1231,274,capacity-provider,"",arn:${Partition}:bedrock-agentcore:${Region}:${Account}:capacity-provider/${CapacityProviderId}
1232,274,code-interpreter,"",arn:${Partition}:bedrock-agentcore:${Region}:aws:code-interpreter/${CodeInterpreterId}
1233,274,code-interpreter-custom,"",arn:${Partition}:bedrock-agentcore:${Region}:${Account}:code-interpreter-custom/${CodeInterpreterId}
1234,274,configuration-bundle,"",arn:${Partition}:bedrock-agentcore:${Region}:${Account}:configuration-bundle/${ConfigurationBundleId}
1235,274,consent-portal,"",arn:${Partition}:bedrock-agentcore:${Region}:${Account}:consent-portal/${ConsentPortalId}
1236,274,dataset,"",arn:${Partition}:bedrock-agentcore:${Region}:${Account}:dataset/${DatasetId}
1237,274,evaluator,"",arn:${Partition}:bedrock-agentcore:${Region}:${Account}:evaluator/${EvaluatorId}
1238,274,gateway,"",arn:${Partition}:bedrock-agentcore:${Region}:${Account}:gateway/${GatewayId}
1239,274,harness,"",arn:${Partition}:bedrock-agentcore:${Region}:${Account}:harness/${HarnessId}
1240,274,harness-endpoint,"",arn:${Partition}:bedrock-agentcore:${Region}:${Account}:harness/${HarnessId}/harness-endpoint/${Name}
1241,274,memory,"",arn:${Partition}:bedrock-agentcore:${Region}:${Account}:memory/${MemoryId}
1242,274,oauth2credentialprovider,"",arn:${Partition}:bedrock-agentcore:${Region}:${Account}:token-vault/${TokenVaultId}/oauth2credentialprovider/${Name}
1243,274,online-evaluation-config,"",arn:${Partition}:bedrock-agentcore:${Region}:${Account}:online-evaluation-config/${OnlineEvaluationConfigId}
1244,274,payment-manager,"",arn:${Partition}:bedrock-agentcore:${Region}:${Account}:payment-manager/${PaymentManagerId}
1245,274,paymentcredentialprovider,"",arn:${Partition}:bedrock-agentcore:${Region}:${Account}:token-vault/${TokenVaultId}/paymentcredentialprovider/${Name}
1246,274,policy,"",arn:${Partition}:bedrock-agentcore:${Region}:${Account}:policy-engine/${PolicyEngineId}/policy/${PolicyId}
1247,274,policy-engine,"",arn:${Partition}:bedrock-agentcore:${Region}:${Account}:policy-engine/${PolicyEngineId}
1248,274,policy-generation,"",arn:${Partition}:bedrock-agentcore:${Region}:${Account}:policy-engine/${PolicyEngineId}/policy-generation/${PolicyGenerationId}
1249,274,recommendation,"",arn:${Partition}:bedrock-agentcore:${Region}:${Account}:recommendation/${RecommendationId}
1250,274,registry,"",arn:${Partition}:bedrock-agentcore:${Region}:${Account}:registry/${RegistryId}
1251,274,registry-record,"",arn:${Partition}:bedrock-agentcore:${Region}:${Account}:registry/${RegistryId}/record/${RecordId}
1252,274,runtime,"",arn:${Partition}:bedrock-agentcore:${Region}:${Account}:runtime/${RuntimeId}
1253,274,runtime-endpoint,"",arn:${Partition}:bedrock-agentcore:${Region}:${Account}:runtime/${RuntimeId}/runtime-endpoint/${Name}
1254,274,token-vault,"",arn:${Partition}:bedrock-agentcore:${Region}:${Account}:token-vault/${TokenVaultId}
1255,274,web-search,"",arn:${Partition}:bedrock-agentcore:${Region}:${Account}:tool/web-search.v1
1256,274,workload-identity,"",arn:${Partition}:bedrock-agentcore:${Region}:${Account}:workload-identity-directory/${DirectoryId}/workload-identity/${WorkloadIdentityName}
1257,274,workload-identity-directory,"",arn:${Partition}:bedrock-agentcore:${Region}:${Account}:workload-identity-directory/${DirectoryId}
1258,275,customized-model,"",arn:${Partition}:bedrock-mantle:${Region}:${Account}:customized-model/${ResourceId}
1259,275,project,"",arn:${Partition}:bedrock-mantle:${Region}:${Account}:project/${ResourceId}
1260,275,reservation,"",arn:${Partition}:bedrock-mantle:${Region}:${Account}:reservation/${ResourceId}
1261,276,tool,"",arn:${Partition}:bedrock-websearch:${Region}:aws:tool/${ToolName}
1262,278,device,"",arn:${Partition}:braket:*:*:device/${DeviceType}/${Provider}/${DeviceId}
1263,278,job,"",arn:${Partition}:braket:${Region}:${Account}:job/${RandomId}
1264,278,quantum-task,"",arn:${Partition}:braket:${Region}:${Account}:quantum-task/${RandomId}
1265,278,spending-limit,"",arn:${Partition}:braket:${Region}:${Account}:spending-limit/${RandomId}
1266,279,app-instance,"",arn:${Partition}:chime:${Region}:${AccountId}:app-instance/${AppInstanceId}
1267,279,app-instance-bot,"",arn:${Partition}:chime:${Region}:${AccountId}:app-instance/${AppInstanceId}/bot/${AppInstanceBotId}
1268,279,app-instance-user,"",arn:${Partition}:chime:${Region}:${AccountId}:app-instance/${AppInstanceId}/user/${AppInstanceUserId}
1269,279,channel,"",arn:${Partition}:chime:${Region}:${AccountId}:app-instance/${AppInstanceId}/channel/${ChannelId}
1270,279,channel-flow,"",arn:${Partition}:chime:${Region}:${AccountId}:app-instance/${AppInstanceId}/channel-flow/${ChannelFlowId}
1271,279,media-insights-pipeline-configuration,"",arn:${Partition}:chime:${Region}:${AccountId}:media-insights-pipeline-configuration/${ConfigurationName}
1272,279,media-pipeline,"",arn:${Partition}:chime:${Region}:${AccountId}:media-pipeline/${MediaPipelineId}
1273,279,media-pipeline-kinesis-video-stream-pool,"",arn:${Partition}:chime:${Region}:${AccountId}:media-pipeline-kinesis-video-stream-pool/${PoolName}
1274,279,meeting,"",arn:${Partition}:chime:${Region}:${AccountId}:meeting/${MeetingId}
1275,279,sip-media-application,"",arn:${Partition}:chime:${Region}:${AccountId}:sma/${SipMediaApplicationId}
1276,279,voice-connector,"",arn:${Partition}:chime:${Region}:${AccountId}:vc/${VoiceConnectorId}
1277,279,voice-profile,"",arn:${Partition}:chime:${Region}:${AccountId}:voice-profile/${VoiceProfileId}
1278,279,voice-profile-domain,"",arn:${Partition}:chime:${Region}:${AccountId}:voice-profile-domain/${VoiceProfileDomainId}
1279,280,appliedSchema,"",arn:${Partition}:clouddirectory:${Region}:${Account}:directory/${DirectoryId}/schema/${SchemaName}/${Version}
1280,280,developmentSchema,"",arn:${Partition}:clouddirectory:${Region}:${Account}:schema/development/${SchemaName}
1281,280,directory,"",arn:${Partition}:clouddirectory:${Region}:${Account}:directory/${DirectoryId}
1282,280,publishedSchema,"",arn:${Partition}:clouddirectory:${Region}:${Account}:schema/published/${SchemaName}/${Version}
1283,281,anycast-ip-list,"",arn:${Partition}:cloudfront::${Account}:anycast-ip-list/${Id}
1284,281,cache-policy,"",arn:${Partition}:cloudfront::${Account}:cache-policy/${Id}
1285,281,connection-function,"",arn:${Partition}:cloudfront::${Account}:connection-function/${Id}
1286,281,connection-group,"",arn:${Partition}:cloudfront::${Account}:connection-group/${Id}
1287,281,continuous-deployment-policy,"",arn:${Partition}:cloudfront::${Account}:continuous-deployment-policy/${Id}
1288,281,distribution,"",arn:${Partition}:cloudfront::${Account}:distribution/${DistributionId}
1289,281,distribution-tenant,"",arn:${Partition}:cloudfront::${Account}:distribution-tenant/${Id}
1290,281,field-level-encryption-config,"",arn:${Partition}:cloudfront::${Account}:field-level-encryption-config/${Id}
1291,281,field-level-encryption-profile,"",arn:${Partition}:cloudfront::${Account}:field-level-encryption-profile/${Id}
1292,281,function,"",arn:${Partition}:cloudfront::${Account}:function/${Name}
1293,281,key-value-store,"",arn:${Partition}:cloudfront::${Account}:key-value-store/${Name}
1294,281,origin-access-control,"",arn:${Partition}:cloudfront::${Account}:origin-access-control/${Id}
1295,281,origin-access-identity,"",arn:${Partition}:cloudfront::${Account}:origin-access-identity/${Id}
1296,281,origin-request-policy,"",arn:${Partition}:cloudfront::${Account}:origin-request-policy/${Id}
1297,281,realtime-log-config,"",arn:${Partition}:cloudfront::${Account}:realtime-log-config/${Name}
1298,281,response-headers-policy,"",arn:${Partition}:cloudfront::${Account}:response-headers-policy/${Id}
1299,281,streaming-distribution,"",arn:${Partition}:cloudfront::${Account}:streaming-distribution/${DistributionId}
1300,281,trust-store,"",arn:${Partition}:cloudfront::${Account}:trust-store/${Id}
1301,281,vpcorigin,"",arn:${Partition}:cloudfront::${Account}:vpcorigin/${Id}
1302,282,key-value-store,"",arn:${Partition}:cloudfront::${Account}:key-value-store/${ResourceId}
1303,283,domain,"",arn:${Partition}:cloudsearch:${Region}:${Account}:domain/${DomainName}
1304,284,access-grant,"",arn:${Partition}:cloudwatch:${Region}:${Account}:access-grant/${GrantId}
1305,284,access-profile,"",arn:${Partition}:cloudwatch:${Region}:${Account}:access-profile/${ProfileId}
1306,284,alarm,"",arn:${Partition}:cloudwatch:${Region}:${Account}:alarm:${AlarmName}
1307,284,alarm-mute-rule,"",arn:${Partition}:cloudwatch:${Region}:${Account}:alarm-mute-rule:${AlarmMuteRuleName}
1308,284,alert,"",arn:${Partition}:cloudwatch:${Region}:${Account}:alert/${AlertId}
1309,284,dashboard,"",arn:${Partition}:cloudwatch::${Account}:dashboard/${DashboardName}
1310,284,dataset,"",arn:${Partition}:cloudwatch:${Region}:${Account}:dataset/${DatasetId}
1311,284,domain,"",arn:${Partition}:cloudwatch:${Region}:${Account}:domain/${DomainId}
1312,284,ingestion-endpoint,"",arn:${Partition}:cloudwatch:${Region}:${Account}:ingestion-endpoint/${IngestionEndpointName}/${IngestionEndpointId}
1313,284,insight-rule,"",arn:${Partition}:cloudwatch:${Region}:${Account}:insight-rule/${InsightRuleName}
1314,284,integration,"",arn:${Partition}:cloudwatch:${Region}:${Account}:integration/${IntegrationId}
1315,284,metric-stream,"",arn:${Partition}:cloudwatch:${Region}:${Account}:metric-stream/${MetricStreamName}
1316,284,omni-dashboard,"",arn:${Partition}:cloudwatch:${Region}:${Account}:omni-dashboard/${DashboardId}
1317,284,organization-access-grant,"",arn:${Partition}:cloudwatch:${Region}:${Account}:organization-access-grant/${GrantId}
1318,284,organization-domain,"",arn:${Partition}:cloudwatch:${Region}:${Account}:organization-domain/${DomainId}
1319,284,service,"",arn:${Partition}:cloudwatch:${Region}:${Account}:service/${ServiceName}-${UniqueAttributesHex}
1320,284,slo,"",arn:${Partition}:cloudwatch:${Region}:${Account}:slo/${SloName}
1321,284,space,"",arn:${Partition}:cloudwatch:${Region}:${Account}:space/${SpaceId}
1322,284,view,"",arn:${Partition}:cloudwatch:${Region}:${Account}:view/${ViewName}
1323,286,instrumentationConfig,"",arn:${Partition}:application-signals:${Region}:${Account}:instrumentationConfig/${Service}/${Environment}/${SignalType}/${LocationHash}
1324,286,slo,"",arn:${Partition}:application-signals:${Region}:${Account}:slo/${SloName}
1325,287,mcp-server,"",arn:${Partition}:application-signals-mcp:${Region}:${Account}:mcp-server/*
1326,288,HealthEvent,"",arn:${Partition}:internetmonitor:${Region}:${Account}:monitor/${MonitorName}/health-event/${EventId}
1327,288,InternetEvent,"",arn:${Partition}:internetmonitor::${Account}:internet-event/${InternetEventId}
1328,288,Monitor,"",arn:${Partition}:internetmonitor:${Region}:${Account}:monitor/${MonitorName}
1329,289,anomaly-detector,"",arn:${Partition}:logs:${Region}:${Account}:anomaly-detector:${DetectorId}
1330,289,delivery,"",arn:${Partition}:logs:${Region}:${Account}:delivery:${DeliveryName}
1331,289,delivery-destination,"",arn:${Partition}:logs:${Region}:${Account}:delivery-destination:${DeliveryDestinationName}
1332,289,delivery-source,"",arn:${Partition}:logs:${Region}:${Account}:delivery-source:${DeliverySourceName}
1333,289,destination,"",arn:${Partition}:logs:${Region}:${Account}:destination:${DestinationName}
1334,289,log-group,"",arn:${Partition}:logs:${Region}:${Account}:log-group:${LogGroupName}
1335,289,log-stream,"",arn:${Partition}:logs:${Region}:${Account}:log-group:${LogGroupName}:log-stream:${LogStreamName}
1336,289,lookup-table,"",arn:${Partition}:logs:${Region}:${Account}:lookup-table:${LookupTableName}
1337,289,scheduled-query,"",arn:${Partition}:logs:${Region}:${Account}:scheduled-query:${ScheduledQueryId}
1338,290,monitor,"",arn:${Partition}:networkmonitor:${Region}:${Account}:monitor/${MonitorName}
1339,290,probe,"",arn:${Partition}:networkmonitor:${Region}:${Account}:probe/${ProbeId}
1340,291,Link,"",arn:${Partition}:oam:${Region}:${Account}:link/${ResourceId}
1341,291,Sink,"",arn:${Partition}:oam:${Region}:${Account}:sink/${ResourceId}
1342,292,dataset-integration,"",arn:${Partition}:observabilityadmin:${Region}:${Account}:dataset-integration/${DatasetIntegrationIdentifier}
1343,292,organization-centralization-rule,"",arn:${Partition}:observabilityadmin:${Region}:${Account}:organization-centralization-rule/${CentralizationRuleName}
1344,292,organization-telemetry-rule,"",arn:${Partition}:observabilityadmin:${Region}:${Account}:organization-telemetry-rule/${TelemetryRuleName}
1345,292,s3tableintegration,"",arn:${Partition}:observabilityadmin:${Region}:${Account}:s3tableintegration/${S3TableIntegrationIdentifier}
1346,292,telemetry-pipeline,"",arn:${Partition}:observabilityadmin:${Region}:${Account}:telemetry-pipeline/${TelemetryPipelineIdentifier}
1347,292,telemetry-rule,"",arn:${Partition}:observabilityadmin:${Region}:${Account}:telemetry-rule/${TelemetryRuleName}
1348,293,canary,"",arn:${Partition}:synthetics:${Region}:${Account}:canary:${CanaryName}
1349,293,group,"",arn:${Partition}:synthetics:${Region}:${Account}:group:${GroupId}
1350,294,connections,"",arn:${Partition}:codecatalyst:${Region}:${Account}:/connections/${ConnectionId}
1351,294,identity-center-applications,"",arn:${Partition}:codecatalyst:${Region}:${Account}:/identity-center-applications/${IdentityCenterApplicationId}
1352,294,project,"",arn:${Partition}:codecatalyst:::space/${SpaceId}/project/${ProjectId}
1353,294,space,"",arn:${Partition}:codecatalyst:::space/${SpaceId}
1354,296,ProfilingGroup,"",arn:${Partition}:codeguru-profiler:${Region}:${Account}:profilingGroup/${ProfilingGroupName}
1355,297,association,"",arn:${Partition}:codeguru-reviewer:${Region}:${Account}:association:${ResourceId}
1356,297,codereview,"",arn:${Partition}:codeguru-reviewer:${Region}:${Account}:association:${ResourceId}:codereview:${CodeReviewId}
1357,298,ScanName,"",arn:${Partition}:codeguru-security:${Region}:${Account}:scans/${ScanName}
1358,299,customization,"",arn:${Partition}:codewhisperer:${Region}:${Account}:customization/${Identifier}
1359,299,profile,"",arn:${Partition}:codewhisperer:${Region}:${Account}:profile/${Identifier}
1360,300,identitypool,"",arn:${Partition}:cognito-identity:${Region}:${Account}:identitypool/${IdentityPoolId}
1361,301,dataset,"",arn:${Partition}:cognito-sync:${Region}:${Account}:identitypool/${IdentityPoolId}/identity/${IdentityId}/dataset/${DatasetName}
1362,301,identity,"",arn:${Partition}:cognito-sync:${Region}:${Account}:identitypool/${IdentityPoolId}/identity/${IdentityId}
1363,301,identitypool,"",arn:${Partition}:cognito-sync:${Region}:${Account}:identitypool/${IdentityPoolId}
1364,302,userpool,"",arn:${Partition}:cognito-idp:${Region}:${Account}:userpool/${UserPoolId}
1365,302,webacl,"",arn:${Partition}:wafv2:${Region}:${Account}:${Scope}/webacl/${Name}/${Id}
1366,303,document-classification-job,"",arn:${Partition}:comprehend:${Region}:${Account}:document-classification-job/${JobId}
1367,303,document-classifier,"",arn:${Partition}:comprehend:${Region}:${Account}:document-classifier/${DocumentClassifierName}
1368,303,document-classifier-endpoint,"",arn:${Partition}:comprehend:${Region}:${Account}:document-classifier-endpoint/${DocumentClassifierEndpointName}
1369,303,dominant-language-detection-job,"",arn:${Partition}:comprehend:${Region}:${Account}:dominant-language-detection-job/${JobId}
1370,303,entities-detection-job,"",arn:${Partition}:comprehend:${Region}:${Account}:entities-detection-job/${JobId}
1371,303,entity-recognizer,"",arn:${Partition}:comprehend:${Region}:${Account}:entity-recognizer/${EntityRecognizerName}
1372,303,entity-recognizer-endpoint,"",arn:${Partition}:comprehend:${Region}:${Account}:entity-recognizer-endpoint/${EntityRecognizerEndpointName}
1373,303,events-detection-job,"",arn:${Partition}:comprehend:${Region}:${Account}:events-detection-job/${JobId}
1374,303,flywheel,"",arn:${Partition}:comprehend:${Region}:${Account}:flywheel/${FlywheelName}
1375,303,flywheel-dataset,"",arn:${Partition}:comprehend:${Region}:${Account}:flywheel/${FlywheelName}/dataset/${DatasetName}
1376,303,key-phrases-detection-job,"",arn:${Partition}:comprehend:${Region}:${Account}:key-phrases-detection-job/${JobId}
1377,303,pii-entities-detection-job,"",arn:${Partition}:comprehend:${Region}:${Account}:pii-entities-detection-job/${JobId}
1378,303,sentiment-detection-job,"",arn:${Partition}:comprehend:${Region}:${Account}:sentiment-detection-job/${JobId}
1379,303,targeted-sentiment-detection-job,"",arn:${Partition}:comprehend:${Region}:${Account}:targeted-sentiment-detection-job/${JobId}
1380,303,topics-detection-job,"",arn:${Partition}:comprehend:${Region}:${Account}:topics-detection-job/${JobId}
1381,305,agent-status,"",arn:${Partition}:connect:${Region}:${Account}:instance/${InstanceId}/agent-state/${AgentStatusId}
1382,305,ai-agent,"",arn:${Partition}:wisdom:${Region}:${Account}:ai-agent/${AssistantId}/${AIAgentId}:${Version}
1383,305,application,"",arn:${Partition}:app-integrations:${Region}:${Account}:application/${ApplicationId}
1384,305,attached-file,"",arn:${Partition}:connect:${Region}:${Account}:instance/${InstanceId}/file/${FileId}
1385,305,authentication-profile,"",arn:${Partition}:connect:${Region}:${Account}:instance/${InstanceId}/authentication-profile/${AuthenticationProfileId}
1386,305,aws-managed-view,"",arn:${Partition}:connect:${Region}:aws:view/${ViewId}
1387,305,contact,"",arn:${Partition}:connect:${Region}:${Account}:instance/${InstanceId}/contact/${ContactId}
1388,305,contact-evaluation,"",arn:${Partition}:connect:${Region}:${Account}:instance/${InstanceId}/contact-evaluation/${EvaluationId}
1389,305,contact-flow,"",arn:${Partition}:connect:${Region}:${Account}:instance/${InstanceId}/contact-flow/${ContactFlowId}
1390,305,contact-flow-module,"",arn:${Partition}:connect:${Region}:${Account}:instance/${InstanceId}/flow-module/${ContactFlowModuleId}
1391,305,customer-managed-view,"",arn:${Partition}:connect:${Region}:${Account}:instance/${InstanceId}/view/${ViewId}
1392,305,customer-managed-view-version,"",arn:${Partition}:connect:${Region}:${Account}:instance/${InstanceId}/view/${ViewId}:${ViewVersion}
1393,305,data-table,"",arn:${Partition}:connect:${Region}:${Account}:instance/${InstanceId}/data-table/${DataTableId}
1394,305,email-address,"",arn:${Partition}:connect:${Region}:${Account}:instance/${InstanceId}/email-address/${EmailAddressId}
1395,305,evaluation-form,"",arn:${Partition}:connect:${Region}:${Account}:instance/${InstanceId}/evaluation-form/${FormId}
1396,305,extraction-definition,"",arn:${Partition}:connect:${Region}:${Account}:instance/${InstanceId}/extraction-definition/${ExtractionDefinitionId}
1397,305,hierarchy-group,"",arn:${Partition}:connect:${Region}:${Account}:instance/${InstanceId}/agent-group/${HierarchyGroupId}
1398,305,hours-of-operation,"",arn:${Partition}:connect:${Region}:${Account}:instance/${InstanceId}/operating-hours/${HoursOfOperationId}
1399,305,instance,"",arn:${Partition}:connect:${Region}:${Account}:instance/${InstanceId}
1400,305,integration-association,"",arn:${Partition}:connect:${Region}:${Account}:instance/${InstanceId}/integration-association/${IntegrationAssociationId}
1401,305,legacy-phone-number,"",arn:${Partition}:connect:${Region}:${Account}:instance/${InstanceId}/phone-number/${PhoneNumberId}
1402,305,metric,"",arn:${Partition}:connect:${Region}:${Account}:instance/${InstanceId}/metric/${MetricId}
1403,305,notification,"",arn:${Partition}:connect:${Region}:${Account}:instance/${InstanceId}/notification/${NotificationId}
1404,305,phone-number,"",arn:${Partition}:connect:${Region}:${Account}:phone-number/${PhoneNumberId}
1405,305,prompt,"",arn:${Partition}:connect:${Region}:${Account}:instance/${InstanceId}/prompt/${PromptId}
1406,305,qualified-aws-managed-view,"",arn:${Partition}:connect:${Region}:aws:view/${ViewId}:${ViewQualifier}
1407,305,qualified-customer-managed-view,"",arn:${Partition}:connect:${Region}:${Account}:instance/${InstanceId}/view/${ViewId}:${ViewQualifier}
1408,305,qualified-metric,"",arn:${Partition}:connect:${Region}:${Account}:instance/${InstanceId}/metric/${MetricId}:${MetricQualifier}
1409,305,queue,"",arn:${Partition}:connect:${Region}:${Account}:instance/${InstanceId}/queue/${QueueId}
1410,305,quick-connect,"",arn:${Partition}:connect:${Region}:${Account}:instance/${InstanceId}/transfer-destination/${QuickConnectId}
1411,305,routing-profile,"",arn:${Partition}:connect:${Region}:${Account}:instance/${InstanceId}/routing-profile/${RoutingProfileId}
1412,305,rule,"",arn:${Partition}:connect:${Region}:${Account}:instance/${InstanceId}/rule/${RuleId}
1413,305,security-profile,"",arn:${Partition}:connect:${Region}:${Account}:instance/${InstanceId}/security-profile/${SecurityProfileId}
1414,305,task-template,"",arn:${Partition}:connect:${Region}:${Account}:instance/${InstanceId}/task-template/${TaskTemplateId}
1415,305,traffic-distribution-group,"",arn:${Partition}:connect:${Region}:${Account}:traffic-distribution-group/${TrafficDistributionGroupId}
1416,305,use-case,"",arn:${Partition}:connect:${Region}:${Account}:instance/${InstanceId}/use-case/${UseCaseId}
1417,305,user,"",arn:${Partition}:connect:${Region}:${Account}:instance/${InstanceId}/agent/${UserId}
1418,305,vocabulary,"",arn:${Partition}:connect:${Region}:${Account}:instance/${InstanceId}/vocabulary/${VocabularyId}
1419,305,wildcard-agent-status,"",arn:${Partition}:connect:${Region}:${Account}:instance/${InstanceId}/agent-state/*
1420,305,wildcard-contact-flow,"",arn:${Partition}:connect:${Region}:${Account}:instance/${InstanceId}/contact-flow/*
1421,305,wildcard-legacy-phone-number,"",arn:${Partition}:connect:${Region}:${Account}:instance/${InstanceId}/phone-number/*
1422,305,wildcard-phone-number,"",arn:${Partition}:connect:${Region}:${Account}:phone-number/*
1423,305,wildcard-queue,"",arn:${Partition}:connect:${Region}:${Account}:instance/${InstanceId}/queue/*
1424,305,wildcard-quick-connect,"",arn:${Partition}:connect:${Region}:${Account}:instance/${InstanceId}/transfer-destination/*
1425,305,workspace,"",arn:${Partition}:connect:${Region}:${Account}:instance/${InstanceId}/workspace/${WorkspaceId}
1426,306,Case,"",arn:${Partition}:cases:${Region}:${Account}:domain/${DomainId}/case/${CaseId}
1427,306,CaseRule,"",arn:${Partition}:cases:${Region}:${Account}:domain/${DomainId}/case-rule/${CaseRuleId}
1428,306,Domain,"",arn:${Partition}:cases:${Region}:${Account}:domain/${DomainId}
1429,306,Field,"",arn:${Partition}:cases:${Region}:${Account}:domain/${DomainId}/field/${FieldId}
1430,306,Layout,"",arn:${Partition}:cases:${Region}:${Account}:domain/${DomainId}/layout/${LayoutId}
1431,306,RelatedItem,"",arn:${Partition}:cases:${Region}:${Account}:domain/${DomainId}/case/${CaseId}/related-item/${RelatedItemId}
1432,306,Template,"",arn:${Partition}:cases:${Region}:${Account}:domain/${DomainId}/template/${TemplateId}
1433,307,calculated-attributes,"",arn:${Partition}:profile:${Region}:${Account}:domains/${DomainName}/calculated-attributes/${CalculatedAttributeName}
1434,307,domain-object-types,"",arn:${Partition}:profile:${Region}:${Account}:domains/${DomainName}/domain-object-types/${ObjectTypeName}
1435,307,domains,"",arn:${Partition}:profile:${Region}:${Account}:domains/${DomainName}
1436,307,event-streams,"",arn:${Partition}:profile:${Region}:${Account}:domains/${DomainName}/event-streams/${EventStreamName}
1437,307,event-triggers,"",arn:${Partition}:profile:${Region}:${Account}:domains/${DomainName}/event-triggers/${EventTriggerName}
1438,307,integrations,"",arn:${Partition}:profile:${Region}:${Account}:domains/${DomainName}/integrations/${Uri}
1439,307,layouts,"",arn:${Partition}:profile:${Region}:${Account}:domains/${DomainName}/layouts/${LayoutDefinitionName}
1440,307,object-types,"",arn:${Partition}:profile:${Region}:${Account}:domains/${DomainName}/object-types/${ObjectTypeName}
1441,307,recommender-filters,"",arn:${Partition}:profile:${Region}:${Account}:domains/${DomainName}/recommender-filters/${RecommenderFilterName}
1442,307,recommender-schemas,"",arn:${Partition}:profile:${Region}:${Account}:domains/${DomainName}/recommender-schemas/${RecommenderSchemaName}
1443,307,recommenders,"",arn:${Partition}:profile:${Region}:${Account}:domains/${DomainName}/recommenders/${RecommenderTypeName}
1444,307,segment-definitions,"",arn:${Partition}:profile:${Region}:${Account}:domains/${DomainName}/segment-definitions/${SegmentDefinitionName}
1445,308,Agent,"",arn:${Partition}:health-agent:${Region}:${Account}:domain/${DomainId}/agent/${AgentId}
1446,308,Domain,"",arn:${Partition}:health-agent:${Region}:${Account}:domain/${DomainId}
1447,308,Integration,"",arn:${Partition}:health-agent:${Region}:${Account}:domain/${DomainId}/integration/${IntegrationId}
1448,308,PatientInsightsJob,"",arn:${Partition}:health-agent:${Region}:${Account}:domain/${DomainId}/patient-insights-job/${JobId}
1449,308,Session,"",arn:${Partition}:health-agent:${Region}:${Account}:domain/${DomainId}/session/${SessionId}
1450,308,Subscription,"",arn:${Partition}:health-agent:${Region}:${Account}:domain/${DomainId}/subscription/${SubscriptionId}
1451,309,campaign,"",arn:${Partition}:connect-campaigns:${Region}:${Account}:campaign/${CampaignId}
1452,310,domain,"",arn:${Partition}:voiceid:${Region}:${Account}:domain/${DomainId}
1453,311,policy,"",arn:${Partition}:dlm:${Region}:${Account}:policy/${ResourceName}
1454,312,domain,"",arn:${Partition}:datazone:${Region}:${Account}:domain/${DomainId}
1455,313,Graph,"",arn:${Partition}:detective:${Region}:${Account}:graph:${ResourceId}
1456,314,topic,"",arn:${Partition}:sns:${Region}:${Account}:${TopicName}
1457,315,cluster,"",arn:${Partition}:docdb-elastic:${Region}:${Account}:cluster/${ResourceId}
1458,315,cluster-snapshot,"",arn:${Partition}:docdb-elastic:${Region}:${Account}:cluster-snapshot/${ResourceId}
1459,316,backup,"",arn:${Partition}:dynamodb:${Region}:${Account}:table/${TableName}/backup/${BackupName}
1460,316,export,"",arn:${Partition}:dynamodb:${Region}:${Account}:table/${TableName}/export/${ExportName}
1461,316,global-table,"",arn:${Partition}:dynamodb::${Account}:global-table/${GlobalTableName}
1462,316,import,"",arn:${Partition}:dynamodb:${Region}:${Account}:table/${TableName}/import/${ImportName}
1463,316,index,"",arn:${Partition}:dynamodb:${Region}:${Account}:table/${TableName}/index/${IndexName}
1464,316,stream,"",arn:${Partition}:dynamodb:${Region}:${Account}:table/${TableName}/stream/${StreamLabel}
1465,316,table,"",arn:${Partition}:dynamodb:${Region}:${Account}:table/${TableName}
1466,317,application,"",arn:${Partition}:dax:${Region}:${Account}:cache/${ClusterName}
1467,318,application-status-check,"",arn:${Partition}:ec2:${Region}:${Account}:application-status-check/${ApplicationStatusCheckId}
1468,318,capacity-block,"",arn:${Partition}:ec2:${Region}:${Account}:capacity-block/${CapacityBlockId}
1469,318,capacity-manager-data-export,"",arn:${Partition}:ec2:${Region}:${Account}:capacity-manager-data-export/${CapacityManagerDataExportId}
1470,318,capacity-reservation,"",arn:${Partition}:ec2:${Region}:${Account}:capacity-reservation/${CapacityReservationId}
1471,318,capacity-reservation-cancellation-quote,"",arn:${Partition}:ec2:${Region}:${Account}:capacity-reservation-cancellation-quote/${CapacityReservationCancellationQuoteId}
1472,318,capacity-reservation-fleet,"",arn:${Partition}:ec2:${Region}:${Account}:capacity-reservation-fleet/${CapacityReservationFleetId}
1473,318,carrier-gateway,"",arn:${Partition}:ec2:${Region}:${Account}:carrier-gateway/${CarrierGatewayId}
1474,318,certificate,"",arn:${Partition}:acm:${Region}:${Account}:certificate/${CertificateId}
1475,318,client-vpn-endpoint,"",arn:${Partition}:ec2:${Region}:${Account}:client-vpn-endpoint/${ClientVpnEndpointId}
1476,318,coip-pool,"",arn:${Partition}:ec2:${Region}:${Account}:coip-pool/${Ipv4PoolCoipId}
1477,318,customer-gateway,"",arn:${Partition}:ec2:${Region}:${Account}:customer-gateway/${CustomerGatewayId}
1478,318,declarative-policies-report,"",arn:${Partition}:ec2:${Region}:${Account}:declarative-policies-report/${DeclarativePoliciesReportId}
1479,318,dedicated-host,"",arn:${Partition}:ec2:${Region}:${Account}:dedicated-host/${DedicatedHostId}
1480,318,dhcp-options,"",arn:${Partition}:ec2:${Region}:${Account}:dhcp-options/${DhcpOptionsId}
1481,318,egress-only-internet-gateway,"",arn:${Partition}:ec2:${Region}:${Account}:egress-only-internet-gateway/${EgressOnlyInternetGatewayId}
1482,318,elastic-gpu,"",arn:${Partition}:ec2:${Region}:${Account}:elastic-gpu/${ElasticGpuId}
1483,318,elastic-inference,"",arn:${Partition}:elastic-inference:${Region}:${Account}:elastic-inference-accelerator/${AcceleratorId}
1484,318,elastic-ip,"",arn:${Partition}:ec2:${Region}:${Account}:elastic-ip/${AllocationId}
1485,318,export-image-task,"",arn:${Partition}:ec2:${Region}:${Account}:export-image-task/${ExportImageTaskId}
1486,318,export-instance-task,"",arn:${Partition}:ec2:${Region}:${Account}:export-instance-task/${ExportTaskId}
1487,318,fleet,"",arn:${Partition}:ec2:${Region}:${Account}:fleet/${FleetId}
1488,318,fpga-image,"",arn:${Partition}:ec2:${Region}:${Account}:fpga-image/${FpgaImageId}
1489,318,group,"",arn:${Partition}:resource-groups:${Region}:${Account}:group/${GroupName}
1490,318,host-reservation,"",arn:${Partition}:ec2:${Region}:${Account}:host-reservation/${HostReservationId}
1491,318,image,"",arn:${Partition}:ec2:${Region}::image/${ImageId}
1492,318,image-usage-report,"",arn:${Partition}:ec2:${Region}:${Account}:image-usage-report/${ImageUsageReportId}
1493,318,import-image-task,"",arn:${Partition}:ec2:${Region}:${Account}:import-image-task/${ImportImageTaskId}
1494,318,import-snapshot-task,"",arn:${Partition}:ec2:${Region}:${Account}:import-snapshot-task/${ImportSnapshotTaskId}
1495,318,instance,"",arn:${Partition}:ec2:${Region}:${Account}:instance/${InstanceId}
1496,318,instance-connect-endpoint,"",arn:${Partition}:ec2:${Region}:${Account}:instance-connect-endpoint/${InstanceConnectEndpointId}
1497,318,instance-event-window,"",arn:${Partition}:ec2:${Region}:${Account}:instance-event-window/${InstanceEventWindowId}
1498,318,internet-gateway,"",arn:${Partition}:ec2:${Region}:${Account}:internet-gateway/${InternetGatewayId}
1499,318,ipam,"",arn:${Partition}:ec2::${Account}:ipam/${IpamId}
1500,318,ipam-external-resource-verification-token,"",arn:${Partition}:ec2::${Account}:ipam-external-resource-verification-token/${IpamExternalResourceVerificationTokenId}
1501,318,ipam-internet-registry-association,"",arn:${Partition}:ec2::${Account}:ipam-internet-registry-association/${IpamInternetRegistryAssociationId}
1502,318,ipam-policy,"",arn:${Partition}:ec2::${Account}:ipam-policy/${IpamPolicyId}
1503,318,ipam-pool,"",arn:${Partition}:ec2::${Account}:ipam-pool/${IpamPoolId}
1504,318,ipam-pool-allocation,"",arn:${Partition}:ec2:${Region}:${Account}:ipam-pool-allocation/${IpamPoolAllocationId}
1505,318,ipam-prefix-list-resolver,"",arn:${Partition}:ec2::${Account}:ipam-prefix-list-resolver/${IpamPrefixListResolverId}
1506,318,ipam-prefix-list-resolver-target,"",arn:${Partition}:ec2::${Account}:ipam-prefix-list-resolver-target/${IpamPrefixListResolverTargetId}
1507,318,ipam-resource-discovery,"",arn:${Partition}:ec2::${Account}:ipam-resource-discovery/${IpamResourceDiscoveryId}
1508,318,ipam-resource-discovery-association,"",arn:${Partition}:ec2::${Account}:ipam-resource-discovery-association/${IpamResourceDiscoveryAssociationId}
1509,318,ipam-scope,"",arn:${Partition}:ec2::${Account}:ipam-scope/${IpamScopeId}
1510,318,ipv4pool-ec2,"",arn:${Partition}:ec2:${Region}:${Account}:ipv4pool-ec2/${Ipv4PoolEc2Id}
1511,318,ipv6pool-ec2,"",arn:${Partition}:ec2:${Region}:${Account}:ipv6pool-ec2/${Ipv6PoolEc2Id}
1512,318,key-pair,"",arn:${Partition}:ec2:${Region}:${Account}:key-pair/${KeyPairName}
1513,318,launch-template,"",arn:${Partition}:ec2:${Region}:${Account}:launch-template/${LaunchTemplateId}
1514,318,license-configuration,"",arn:${Partition}:license-manager:${Region}:${Account}:license-configuration:${LicenseConfigurationId}
1515,318,local-gateway,"",arn:${Partition}:ec2:${Region}:${Account}:local-gateway/${LocalGatewayId}
1516,318,local-gateway-route-table,"",arn:${Partition}:ec2:${Region}:${Account}:local-gateway-route-table/${LocalGatewayRoutetableId}
1517,318,local-gateway-route-table-virtual-interface-group-association,"",arn:${Partition}:ec2:${Region}:${Account}:local-gateway-route-table-virtual-interface-group-association/${LocalGatewayRouteTableVirtualInterfaceGroupAssociationId}
1518,318,local-gateway-route-table-vpc-association,"",arn:${Partition}:ec2:${Region}:${Account}:local-gateway-route-table-vpc-association/${LocalGatewayRouteTableVpcAssociationId}
1519,318,local-gateway-virtual-interface,"",arn:${Partition}:ec2:${Region}:${Account}:local-gateway-virtual-interface/${LocalGatewayVirtualInterfaceId}
1520,318,local-gateway-virtual-interface-group,"",arn:${Partition}:ec2:${Region}:${Account}:local-gateway-virtual-interface-group/${LocalGatewayVirtualInterfaceGroupId}
1521,318,mac-modification-task,"",arn:${Partition}:ec2:${Region}:${Account}:mac-modification-task/${MacModificationTaskId}
1522,318,natgateway,"",arn:${Partition}:ec2:${Region}:${Account}:natgateway/${NatGatewayId}
1523,318,network-acl,"",arn:${Partition}:ec2:${Region}:${Account}:network-acl/${NaclId}
1524,318,network-insights-access-scope,"",arn:${Partition}:ec2:${Region}:${Account}:network-insights-access-scope/${NetworkInsightsAccessScopeId}
1525,318,network-insights-access-scope-analysis,"",arn:${Partition}:ec2:${Region}:${Account}:network-insights-access-scope-analysis/${NetworkInsightsAccessScopeAnalysisId}
1526,318,network-insights-analysis,"",arn:${Partition}:ec2:${Region}:${Account}:network-insights-analysis/${NetworkInsightsAnalysisId}
1527,318,network-insights-path,"",arn:${Partition}:ec2:${Region}:${Account}:network-insights-path/${NetworkInsightsPathId}
1528,318,network-interface,"",arn:${Partition}:ec2:${Region}:${Account}:network-interface/${NetworkInterfaceId}
1529,318,outpost-lag,"",arn:${Partition}:ec2:${Region}:${Account}:outpost-lag/${OutpostLagId}
1530,318,placement-group,"",arn:${Partition}:ec2:${Region}:${Account}:placement-group/${PlacementGroupName}
1531,318,prefix-list,"",arn:${Partition}:ec2:${Region}:${Account}:prefix-list/${PrefixListId}
1532,318,replace-root-volume-task,"",arn:${Partition}:ec2:${Region}:${Account}:replace-root-volume-task/${ReplaceRootVolumeTaskId}
1533,318,reserved-instances,"",arn:${Partition}:ec2:${Region}:${Account}:reserved-instances/${ReservationId}
1534,318,role,"",arn:${Partition}:iam::${Account}:role/${RoleNameWithPath}
1535,318,route-server,"",arn:${Partition}:ec2:${Region}:${Account}:route-server/${RouteServerId}
1536,318,route-server-endpoint,"",arn:${Partition}:ec2:${Region}:${Account}:route-server-endpoint/${RouteServerEndpointId}
1537,318,route-server-peer,"",arn:${Partition}:ec2:${Region}:${Account}:route-server-peer/${RouteServerPeerId}
1538,318,route-table,"",arn:${Partition}:ec2:${Region}:${Account}:route-table/${RouteTableId}
1539,318,secondary-interface,"",arn:${Partition}:ec2:${Region}:${Account}:secondary-interface/${SecondaryInterfaceId}
1540,318,secondary-network,"",arn:${Partition}:ec2:${Region}:${Account}:secondary-network/${SecondaryNetworkId}
1541,318,secondary-subnet,"",arn:${Partition}:ec2:${Region}:${Account}:secondary-subnet/${SecondarySubnetId}
1542,318,security-group,"",arn:${Partition}:ec2:${Region}:${Account}:security-group/${SecurityGroupId}
1543,318,security-group-rule,"",arn:${Partition}:ec2:${Region}:${Account}:security-group-rule/${SecurityGroupRuleId}
1544,318,snapshot,"",arn:${Partition}:ec2:${Region}::snapshot/${SnapshotId}
1545,318,spot-fleet-request,"",arn:${Partition}:ec2:${Region}:${Account}:spot-fleet-request/${SpotFleetRequestId}
1546,318,spot-instances-request,"",arn:${Partition}:ec2:${Region}:${Account}:spot-instances-request/${SpotInstanceRequestId}
1547,318,subnet,"",arn:${Partition}:ec2:${Region}:${Account}:subnet/${SubnetId}
1548,318,subnet-cidr-reservation,"",arn:${Partition}:ec2:${Region}:${Account}:subnet-cidr-reservation/${SubnetCidrReservationId}
1549,318,traffic-mirror-filter,"",arn:${Partition}:ec2:${Region}:${Account}:traffic-mirror-filter/${TrafficMirrorFilterId}
1550,318,traffic-mirror-filter-rule,"",arn:${Partition}:ec2:${Region}:${Account}:traffic-mirror-filter-rule/${TrafficMirrorFilterRuleId}
1551,318,traffic-mirror-session,"",arn:${Partition}:ec2:${Region}:${Account}:traffic-mirror-session/${TrafficMirrorSessionId}
1552,318,traffic-mirror-target,"",arn:${Partition}:ec2:${Region}:${Account}:traffic-mirror-target/${TrafficMirrorTargetId}
1553,318,transit-gateway,"",arn:${Partition}:ec2:${Region}:${Account}:transit-gateway/${TransitGatewayId}
1554,318,transit-gateway-attachment,"",arn:${Partition}:ec2:${Region}:${Account}:transit-gateway-attachment/${TransitGatewayAttachmentId}
1555,318,transit-gateway-connect-peer,"",arn:${Partition}:ec2:${Region}:${Account}:transit-gateway-connect-peer/${TransitGatewayConnectPeerId}
1556,318,transit-gateway-metering-policy,"",arn:${Partition}:ec2:${Region}:${Account}:transit-gateway-metering-policy/${TransitGatewayMeteringPolicyId}
1557,318,transit-gateway-multicast-domain,"",arn:${Partition}:ec2:${Region}:${Account}:transit-gateway-multicast-domain/${TransitGatewayMulticastDomainId}
1558,318,transit-gateway-policy-table,"",arn:${Partition}:ec2:${Region}:${Account}:transit-gateway-policy-table/${TransitGatewayPolicyTableId}
1559,318,transit-gateway-route-table,"",arn:${Partition}:ec2:${Region}:${Account}:transit-gateway-route-table/${TransitGatewayRouteTableId}
1560,318,transit-gateway-route-table-announcement,"",arn:${Partition}:ec2:${Region}:${Account}:transit-gateway-route-table-announcement/${TransitGatewayRouteTableAnnouncementId}
1561,318,verified-access-endpoint,"",arn:${Partition}:ec2:${Region}:${Account}:verified-access-endpoint/${VerifiedAccessEndpointId}
1562,318,verified-access-endpoint-target,"",arn:${Partition}:ec2:${Region}:${Account}:verified-access-endpoint-target/${VerifiedAccessEndpointTargetId}
1563,318,verified-access-group,"",arn:${Partition}:ec2:${Region}:${Account}:verified-access-group/${VerifiedAccessGroupId}
1564,318,verified-access-instance,"",arn:${Partition}:ec2:${Region}:${Account}:verified-access-instance/${VerifiedAccessInstanceId}
1565,318,verified-access-policy,"",arn:${Partition}:ec2:${Region}:${Account}:verified-access-policy/${VerifiedAccessPolicyId}
1566,318,verified-access-trust-provider,"",arn:${Partition}:ec2:${Region}:${Account}:verified-access-trust-provider/${VerifiedAccessTrustProviderId}
1567,318,volume,"",arn:${Partition}:ec2:${Region}:${Account}:volume/${VolumeId}
1568,318,vpc,"",arn:${Partition}:ec2:${Region}:${Account}:vpc/${VpcId}
1569,318,vpc-block-public-access-exclusion,"",arn:${Partition}:ec2:${Region}:${Account}:vpc-block-public-access-exclusion/${VpcBlockPublicAccessExclusionId}
1570,318,vpc-encryption-control,"",arn:${Partition}:ec2:${Region}:${Account}:vpc-encryption-control/${VpcEncryptionControlId}
1571,318,vpc-endpoint,"",arn:${Partition}:ec2:${Region}:${Account}:vpc-endpoint/${VpcEndpointId}
1572,318,vpc-endpoint-connection,"",arn:${Partition}:ec2:${Region}:${Account}:vpc-endpoint-connection/${VpcEndpointConnectionId}
1573,318,vpc-endpoint-service,"",arn:${Partition}:ec2:${Region}:${Account}:vpc-endpoint-service/${VpcEndpointServiceId}
1574,318,vpc-endpoint-service-permission,"",arn:${Partition}:ec2:${Region}:${Account}:vpc-endpoint-service-permission/${VpcEndpointServicePermissionId}
1575,318,vpc-flow-log,"",arn:${Partition}:ec2:${Region}:${Account}:vpc-flow-log/${VpcFlowLogId}
1576,318,vpc-peering-connection,"",arn:${Partition}:ec2:${Region}:${Account}:vpc-peering-connection/${VpcPeeringConnectionId}
1577,318,vpn-concentrator,"",arn:${Partition}:ec2:${Region}:${Account}:vpn-concentrator/${VpnConcentratorId}
1578,318,vpn-connection,"",arn:${Partition}:ec2:${Region}:${Account}:vpn-connection/${VpnConnectionId}
1579,318,vpn-connection-device-type,"",arn:${Partition}:ec2:${Region}:${Account}:vpn-connection-device-type/${VpnConnectionDeviceTypeId}
1580,318,vpn-gateway,"",arn:${Partition}:ec2:${Region}:${Account}:vpn-gateway/${VpnGatewayId}
1581,319,autoScalingGroup,"",arn:${Partition}:autoscaling:${Region}:${Account}:autoScalingGroup:${GroupId}:autoScalingGroupName/${GroupFriendlyName}
1582,319,launchConfiguration,"",arn:${Partition}:autoscaling:${Region}:${Account}:launchConfiguration:${Id}:launchConfigurationName/${LaunchConfigurationName}
1583,320,allComponentBuildVersions,"",arn:${Partition}:imagebuilder:${Region}:${Account}:component/${ComponentName}/${ComponentVersion}/*
1584,320,allImageBuildVersions,"",arn:${Partition}:imagebuilder:${Region}:${Account}:image/${ImageName}/${ImageVersion}/*
1585,320,allWorkflowBuildVersions,"",arn:${Partition}:imagebuilder:${Region}:${Account}:workflow/${WorkflowType}/${WorkflowName}/${WorkflowVersion}/*
1586,320,component,"",arn:${Partition}:imagebuilder:${Region}:${Account}:component/${ComponentName}/${ComponentVersion}/${ComponentBuildVersion}
1587,320,containerRecipe,"",arn:${Partition}:imagebuilder:${Region}:${Account}:container-recipe/${ContainerRecipeName}/${ContainerRecipeVersion}
1588,320,distributionConfiguration,"",arn:${Partition}:imagebuilder:${Region}:${Account}:distribution-configuration/${DistributionConfigurationName}
1589,320,image,"",arn:${Partition}:imagebuilder:${Region}:${Account}:image/${ImageName}/${ImageVersion}/${ImageBuildVersion}
1590,320,imagePipeline,"",arn:${Partition}:imagebuilder:${Region}:${Account}:image-pipeline/${ImagePipelineName}
1591,320,imageRecipe,"",arn:${Partition}:imagebuilder:${Region}:${Account}:image-recipe/${ImageRecipeName}/${ImageRecipeVersion}
1592,320,imageVersion,"",arn:${Partition}:imagebuilder:${Region}:${Account}:image/${ImageName}/${ImageVersion}
1593,320,infrastructureConfiguration,"",arn:${Partition}:imagebuilder:${Region}:${Account}:infrastructure-configuration/${ResourceId}
1594,320,lifecycleExecution,"",arn:${Partition}:imagebuilder:${Region}:${Account}:lifecycle-execution/${LifecycleExecutionId}
1595,320,lifecyclePolicy,"",arn:${Partition}:imagebuilder:${Region}:${Account}:lifecycle-policy/${LifecyclePolicyName}
1596,320,workflow,"",arn:${Partition}:imagebuilder:${Region}:${Account}:workflow/${WorkflowType}/${WorkflowName}/${WorkflowVersion}/${WorkflowBuildVersion}
1597,320,workflowExecution,"",arn:${Partition}:imagebuilder:${Region}:${Account}:workflow-execution/${WorkflowExecutionId}
1598,320,workflowStepExecution,"",arn:${Partition}:imagebuilder:${Region}:${Account}:workflow-step-execution/${WorkflowStepExecutionId}
1599,321,instance,"",arn:${Partition}:ec2:${Region}:${Account}:instance/${InstanceId}
1600,321,instance-connect-endpoint,"",arn:${Partition}:ec2:${Region}:${Account}:instance-connect-endpoint/${InstanceConnectEndpointId}
1601,323,cluster,"",arn:${Partition}:eks:${Region}:${Account}:cluster/${ClusterName}
1602,325,application,"",arn:${Partition}:emr-serverless:${Region}:${Account}:/applications/${ApplicationId}
1603,325,jobRun,"",arn:${Partition}:emr-serverless:${Region}:${Account}:/applications/${ApplicationId}/jobruns/${JobRunId}
1604,325,session,"",arn:${Partition}:emr-serverless:${Region}:${Account}:/applications/${ApplicationId}/sessions/${SessionId}
1605,326,jobRun,"",arn:${Partition}:emr-containers:${Region}:${Account}:/virtualclusters/${VirtualClusterId}/jobruns/${JobRunId}
1606,326,jobTemplate,"",arn:${Partition}:emr-containers:${Region}:${Account}:/jobtemplates/${JobTemplateId}
1607,326,managedEndpoint,"",arn:${Partition}:emr-containers:${Region}:${Account}:/virtualclusters/${VirtualClusterId}/endpoints/${EndpointId}
1608,326,securityConfiguration,"",arn:${Partition}:emr-containers:${Region}:${Account}:/securityconfigurations/${SecurityConfigurationId}
1609,326,virtualCluster,"",arn:${Partition}:emr-containers:${Region}:${Account}:/virtualclusters/${VirtualClusterId}
1610,327,cluster,"",arn:${Partition}:elasticache:${Region}:${Account}:cluster:${CacheClusterId}
1611,327,globalreplicationgroup,"",arn:${Partition}:elasticache::${Account}:globalreplicationgroup:${GlobalReplicationGroupId}
1612,327,parametergroup,"",arn:${Partition}:elasticache:${Region}:${Account}:parametergroup:${CacheParameterGroupName}
1613,327,replicationgroup,"",arn:${Partition}:elasticache:${Region}:${Account}:replicationgroup:${ReplicationGroupId}
1614,327,reserved-instance,"",arn:${Partition}:elasticache:${Region}:${Account}:reserved-instance:${ReservedCacheNodeId}
1615,327,securitygroup,"",arn:${Partition}:elasticache:${Region}:${Account}:securitygroup:${CacheSecurityGroupName}
1616,327,serverlesscache,"",arn:${Partition}:elasticache:${Region}:${Account}:serverlesscache:${ServerlessCacheName}
1617,327,serverlesscachesnapshot,"",arn:${Partition}:elasticache:${Region}:${Account}:serverlesscachesnapshot:${ServerlessCacheSnapshotName}
1618,327,snapshot,"",arn:${Partition}:elasticache:${Region}:${Account}:snapshot:${SnapshotName}
1619,327,subnetgroup,"",arn:${Partition}:elasticache:${Region}:${Account}:subnetgroup:${CacheSubnetGroupName}
1620,327,user,"",arn:${Partition}:elasticache:${Region}:${Account}:user:${UserId}
1621,327,usergroup,"",arn:${Partition}:elasticache:${Region}:${Account}:usergroup:${UserGroupId}
1622,328,snapshot,"",arn:${Partition}:ec2:${Region}::snapshot/${SnapshotId}
1623,329,repository,"",arn:${Partition}:ecr:${Region}:${Account}:repository/${RepositoryName}
1624,330,registry,"",arn:${Partition}:ecr-public::${Account}:registry/${RegistryId}
1625,330,repository,"",arn:${Partition}:ecr-public::${Account}:repository/${RepositoryName}
1626,331,capacity-provider,"",arn:${Partition}:ecs:${Region}:${Account}:capacity-provider/${CapacityProviderName}
1627,331,cluster,"",arn:${Partition}:ecs:${Region}:${Account}:cluster/${ClusterName}
1628,331,container-instance,"",arn:${Partition}:ecs:${Region}:${Account}:container-instance/${ClusterName}/${ContainerInstanceId}
1629,331,daemon,"",arn:${Partition}:ecs:${Region}:${Account}:daemon/${ClusterName}/${DaemonName}
1630,331,daemon-deployment,"",arn:${Partition}:ecs:${Region}:${Account}:daemon-deployment/${ClusterName}/${DaemonName}/${DaemonDeploymentId}
1631,331,daemon-revision,"",arn:${Partition}:ecs:${Region}:${Account}:daemon-revision/${ClusterName}/${DaemonName}/${DaemonRevisionId}
1632,331,daemon-task-definition,"",arn:${Partition}:ecs:${Region}:${Account}:daemon-task-definition/${DaemonTaskDefinitionFamilyName}:${DaemonTaskDefinitionRevisionNumber}
1633,331,service,"",arn:${Partition}:ecs:${Region}:${Account}:service/${ClusterName}/${ServiceName}
1634,331,service-deployment,"",arn:${Partition}:ecs:${Region}:${Account}:service-deployment/${ClusterName}/${ServiceName}/${ServiceDeploymentId}
1635,331,service-revision,"",arn:${Partition}:ecs:${Region}:${Account}:service-revision/${ClusterName}/${ServiceName}/${ServiceRevisionId}
1636,331,task,"",arn:${Partition}:ecs:${Region}:${Account}:task/${ClusterName}/${TaskId}
1637,331,task-definition,"",arn:${Partition}:ecs:${Region}:${Account}:task-definition/${TaskDefinitionFamilyName}:${TaskDefinitionRevisionNumber}
1638,331,task-set,"",arn:${Partition}:ecs:${Region}:${Account}:task-set/${ClusterName}/${ServiceName}/${TaskSetId}
1639,332,access-point,"",arn:${Partition}:elasticfilesystem:${Region}:${Account}:access-point/${AccessPointId}
1640,332,file-system,"",arn:${Partition}:elasticfilesystem:${Region}:${Account}:file-system/${FileSystemId}
1641,333,access-entry,"",arn:${Partition}:eks:${Region}:${Account}:access-entry/${ClusterName}/${IamIdentityType}/${IamIdentityAccountID}/${IamIdentityName}/${UUID}
1642,333,access-policy,"",arn:${Partition}:eks::aws:cluster-access-policy/${AccessPolicyName}
1643,333,addon,"",arn:${Partition}:eks:${Region}:${Account}:addon/${ClusterName}/${AddonName}/${UUID}
1644,333,capability,"",arn:${Partition}:eks:${Region}:${Account}:capability/${ClusterName}/${CapabilityType}/${CapabilityName}/${UUID}
1645,333,cluster,"",arn:${Partition}:eks:${Region}:${Account}:cluster/${ClusterName}
1646,333,dashboard,"",arn:${Partition}:eks:${Region}:${Account}:dashboard/${DashboardName}
1647,333,eks-anywhere-subscription,"",arn:${Partition}:eks:${Region}:${Account}:eks-anywhere-subscription/${UUID}
1648,333,fargateprofile,"",arn:${Partition}:eks:${Region}:${Account}:fargateprofile/${ClusterName}/${FargateProfileName}/${UUID}
1649,333,identityproviderconfig,"",arn:${Partition}:eks:${Region}:${Account}:identityproviderconfig/${ClusterName}/${IdentityProviderType}/${IdentityProviderConfigName}/${UUID}
1650,333,nodegroup,"",arn:${Partition}:eks:${Region}:${Account}:nodegroup/${ClusterName}/${NodegroupName}/${UUID}
1651,333,podidentityassociation,"",arn:${Partition}:eks:${Region}:${Account}:podidentityassociation/${ClusterName}/${UUID}
1652,334,cluster,"",arn:${Partition}:elasticmapreduce:${Region}:${Account}:cluster/${ClusterId}
1653,334,editor,"",arn:${Partition}:elasticmapreduce:${Region}:${Account}:editor/${EditorId}
1654,334,notebook-execution,"",arn:${Partition}:elasticmapreduce:${Region}:${Account}:notebook-execution/${NotebookExecutionId}
1655,334,session,"",arn:${Partition}:elasticmapreduce:${Region}:${Account}:cluster/${ClusterId}/session/${SessionId}
1656,334,studio,"",arn:${Partition}:elasticmapreduce:${Region}:${Account}:studio/${StudioId}
1657,335,job,"",arn:${Partition}:elastictranscoder:${Region}:${Account}:job/${JobId}
1658,335,pipeline,"",arn:${Partition}:elastictranscoder:${Region}:${Account}:pipeline/${PipelineId}
1659,335,preset,"",arn:${Partition}:elastictranscoder:${Region}:${Account}:preset/${PresetId}
1660,336,environment,"",arn:${Partition}:evs:${Region}:${Account}:environment/${EnvironmentIdentifier}
1661,337,alias,"",arn:${Partition}:kms:${Region}:${Account}:alias/${Alias}
1662,337,api-destination,"",arn:${Partition}:events:${Region}:${Account}:api-destination/${ApiDestinationName}
1663,337,archive,"",arn:${Partition}:events:${Region}:${Account}:archive/${ArchiveName}
1664,337,connection,"",arn:${Partition}:events:${Region}:${Account}:connection/${ConnectionName}
1665,337,create-snapshot,"",arn:${Partition}:events:${Region}:${Account}:target/create-snapshot
1666,337,endpoint,"",arn:${Partition}:events:${Region}:${Account}:endpoint/${EndpointName}
1667,337,event-bus,"",arn:${Partition}:events:${Region}:${Account}:event-bus/${EventBusName}
1668,337,event-busv2,"",arn:${Partition}:events:${Region}:${Account}:event-busv2/${EventBusName}/${OpaqueId}
1669,337,event-source,"",arn:${Partition}:events:${Region}::event-source/${EventSourceName}
1670,337,event-sourcev2,"",arn:${Partition}:events:${Region}:${Account}:event-sourcev2/${SourceType}/${EventSourceName}/${OpaqueId}
1671,337,key,"",arn:${Partition}:kms:${Region}:${Account}:key/${KeyId}
1672,337,reboot-instance,"",arn:${Partition}:events:${Region}:${Account}:target/reboot-instance
1673,337,replay,"",arn:${Partition}:events:${Region}:${Account}:replay/${ReplayName}
1674,337,rule-on-custom-event-bus,"",arn:${Partition}:events:${Region}:${Account}:rule/${EventBusName}/${RuleName}
1675,337,rule-on-default-event-bus,"",arn:${Partition}:events:${Region}:${Account}:rule/${RuleName}
1676,337,stop-instance,"",arn:${Partition}:events:${Region}:${Account}:target/stop-instance
1677,337,subscriber,"",arn:${Partition}:events:${Region}:${Account}:subscriber/${SubscriberName}/${OpaqueId}
1678,337,terminate-instance,"",arn:${Partition}:events:${Region}:${Account}:target/terminate-instance
1679,338,pipe,"",arn:${Partition}:pipes:${Region}:${Account}:pipe/${Name}
1680,339,schedule,"",arn:${Partition}:scheduler:${Region}:${Account}:schedule/${GroupName}/${ScheduleName}
1681,339,schedule-group,"",arn:${Partition}:scheduler:${Region}:${Account}:schedule-group/${GroupName}
1682,340,discoverer,"",arn:${Partition}:schemas:${Region}:${Account}:discoverer/${DiscovererId}
1683,340,registry,"",arn:${Partition}:schemas:${Region}:${Account}:registry/${RegistryName}
1684,340,schema,"",arn:${Partition}:schemas:${Region}:${Account}:schema/${RegistryName}/${SchemaName}
1685,341,association,"",arn:${Partition}:fsx:${Region}:${Account}:association/${FileSystemIdOrFileCacheId}/${DataRepositoryAssociationId}
1686,341,backup,"",arn:${Partition}:fsx:${Region}:${Account}:backup/${BackupId}
1687,341,file-cache,"",arn:${Partition}:fsx:${Region}:${Account}:file-cache/${FileCacheId}
1688,341,file-system,"",arn:${Partition}:fsx:${Region}:${Account}:file-system/${FileSystemId}
1689,341,snapshot,"",arn:${Partition}:fsx:${Region}:${Account}:snapshot/${VolumeId}/${SnapshotId}
1690,341,storage-virtual-machine,"",arn:${Partition}:fsx:${Region}:${Account}:storage-virtual-machine/${FileSystemId}/${StorageVirtualMachineId}
1691,341,task,"",arn:${Partition}:fsx:${Region}:${Account}:task/${TaskId}
1692,341,volume,"",arn:${Partition}:fsx:${Region}:${Account}:volume/${FileSystemId}/${VolumeId}
1693,342,environment,"",arn:${Partition}:finspace:${Region}:${Account}:environment/${EnvironmentId}
1694,342,kxCluster,"",arn:${Partition}:finspace:${Region}:${Account}:kxEnvironment/${EnvironmentId}/kxCluster/${KxCluster}
1695,342,kxDatabase,"",arn:${Partition}:finspace:${Region}:${Account}:kxEnvironment/${EnvironmentId}/kxDatabase/${KxDatabase}
1696,342,kxDataview,"",arn:${Partition}:finspace:${Region}:${Account}:kxEnvironment/${EnvironmentId}/kxDatabase/${KxDatabase}/kxDataview/${KxDataview}
1697,342,kxEnvironment,"",arn:${Partition}:finspace:${Region}:${Account}:kxEnvironment/${EnvironmentId}
1698,342,kxScalingGroup,"",arn:${Partition}:finspace:${Region}:${Account}:kxEnvironment/${EnvironmentId}/kxScalingGroup/${KxScalingGroup}
1699,342,kxUser,"",arn:${Partition}:finspace:${Region}:${Account}:kxEnvironment/${EnvironmentId}/kxUser/${UserName}
1700,342,kxVolume,"",arn:${Partition}:finspace:${Region}:${Account}:kxEnvironment/${EnvironmentId}/kxVolume/${KxVolume}
1701,342,user,"",arn:${Partition}:finspace:${Region}:${Account}:user/${UserId}
1702,343,credential,"",arn:${Partition}:finspace-api:${Region}:${Account}:/credentials/programmatic
1703,344,algorithm,"",arn:${Partition}:forecast:::algorithm/${ResourceId}
1704,344,dataset,"",arn:${Partition}:forecast:${Region}:${Account}:dataset/${ResourceId}
1705,344,datasetGroup,"",arn:${Partition}:forecast:${Region}:${Account}:dataset-group/${ResourceId}
1706,344,datasetImportJob,"",arn:${Partition}:forecast:${Region}:${Account}:dataset-import-job/${ResourceId}
1707,344,endpoint,"",arn:${Partition}:forecast:${Region}:${Account}:forecast-endpoint/${ResourceId}
1708,344,explainability,"",arn:${Partition}:forecast:${Region}:${Account}:explainability/${ResourceId}
1709,344,explainabilityExport,"",arn:${Partition}:forecast:${Region}:${Account}:explainability-export/${ResourceId}
1710,344,forecast,"",arn:${Partition}:forecast:${Region}:${Account}:forecast/${ResourceId}
1711,344,forecastExport,"",arn:${Partition}:forecast:${Region}:${Account}:forecast-export-job/${ResourceId}
1712,344,monitor,"",arn:${Partition}:forecast:${Region}:${Account}:monitor/${ResourceId}
1713,344,predictor,"",arn:${Partition}:forecast:${Region}:${Account}:predictor/${ResourceId}
1714,344,predictorBacktestExportJob,"",arn:${Partition}:forecast:${Region}:${Account}:predictor-backtest-export-job/${ResourceId}
1715,344,whatIfAnalysis,"",arn:${Partition}:forecast:${Region}:${Account}:what-if-analysis/${ResourceId}
1716,344,whatIfForecast,"",arn:${Partition}:forecast:${Region}:${Account}:what-if-forecast/${ResourceId}
1717,344,whatIfForecastExport,"",arn:${Partition}:forecast:${Region}:${Account}:what-if-forecast-export/${ResourceId}
1718,345,batch-import,"",arn:${Partition}:frauddetector:${Region}:${Account}:batch-import/${ResourcePath}
1719,345,batch-prediction,"",arn:${Partition}:frauddetector:${Region}:${Account}:batch-prediction/${ResourcePath}
1720,345,detector,"",arn:${Partition}:frauddetector:${Region}:${Account}:detector/${ResourcePath}
1721,345,detector-version,"",arn:${Partition}:frauddetector:${Region}:${Account}:detector-version/${ResourcePath}
1722,345,entity-type,"",arn:${Partition}:frauddetector:${Region}:${Account}:entity-type/${ResourcePath}
1723,345,event-type,"",arn:${Partition}:frauddetector:${Region}:${Account}:event-type/${ResourcePath}
1724,345,external-model,"",arn:${Partition}:frauddetector:${Region}:${Account}:external-model/${ResourcePath}
1725,345,label,"",arn:${Partition}:frauddetector:${Region}:${Account}:label/${ResourcePath}
1726,345,list,"",arn:${Partition}:frauddetector:${Region}:${Account}:list/${ResourcePath}
1727,345,model,"",arn:${Partition}:frauddetector:${Region}:${Account}:model/${ResourcePath}
1728,345,model-version,"",arn:${Partition}:frauddetector:${Region}:${Account}:model-version/${ResourcePath}
1729,345,outcome,"",arn:${Partition}:frauddetector:${Region}:${Account}:outcome/${ResourcePath}
1730,345,rule,"",arn:${Partition}:frauddetector:${Region}:${Account}:rule/${ResourcePath}
1731,345,variable,"",arn:${Partition}:frauddetector:${Region}:${Account}:variable/${ResourcePath}
1732,346,configuration,"",arn:${Partition}:freertos:${Region}:${Account}:configuration/${ConfigurationName}
1733,346,subscription,"",arn:${Partition}:freertos:${Region}:${Account}:subscription/${SubscriptionID}
1734,347,alias,"",arn:${Partition}:gamelift:${Region}::alias/${AliasId}
1735,347,build,"",arn:${Partition}:gamelift:${Region}:${Account}:build/${BuildId}
1736,347,containerFleet,"",arn:${Partition}:gamelift:${Region}:${Account}:containerfleet/${FleetId}
1737,347,containerGroupDefinition,"",arn:${Partition}:gamelift:${Region}:${Account}:containergroupdefinition/${Name}
1738,347,fleet,"",arn:${Partition}:gamelift:${Region}:${Account}:fleet/${FleetId}
1739,347,gameServerGroup,"",arn:${Partition}:gamelift:${Region}:${Account}:gameservergroup/${GameServerGroupName}
1740,347,gameSessionQueue,"",arn:${Partition}:gamelift:${Region}:${Account}:gamesessionqueue/${GameSessionQueueName}
1741,347,location,"",arn:${Partition}:gamelift:${Region}:${Account}:location/${LocationId}
1742,347,matchmakingConfiguration,"",arn:${Partition}:gamelift:${Region}:${Account}:matchmakingconfiguration/${MatchmakingConfigurationName}
1743,347,matchmakingRuleSet,"",arn:${Partition}:gamelift:${Region}:${Account}:matchmakingruleset/${MatchmakingRuleSetName}
1744,347,script,"",arn:${Partition}:gamelift:${Region}:${Account}:script/${ScriptId}
1745,348,application,"",arn:${Partition}:gameliftstreams:${Region}:${Account}:application/${ApplicationId}
1746,348,stream group,"",arn:${Partition}:gameliftstreams:${Region}:${Account}:streamgroup/${StreamGroupId}
1747,350,customdetectionrule,"",arn:${Partition}:guardduty::aws:detection-rule/custom/${RuleId}
1748,350,customdetectionruleassociation,"",arn:${Partition}:guardduty:${Region}:${Account}:detection-rule/custom/${RuleId}/association/${AssociationId}
1749,350,detector,"",arn:${Partition}:guardduty:${Region}:${Account}:detector/${DetectorId}
1750,350,filter,"",arn:${Partition}:guardduty:${Region}:${Account}:detector/${DetectorId}/filter/${FilterName}
1751,350,ipset,"",arn:${Partition}:guardduty:${Region}:${Account}:detector/${DetectorId}/ipset/${IPSetId}
1752,350,malwareprotectionplan,"",arn:${Partition}:guardduty:${Region}:${Account}:malware-protection-plan/${MalwareProtectionPlanId}
1753,350,publishingDestination,"",arn:${Partition}:guardduty:${Region}:${Account}:detector/${DetectorId}/publishingdestination/${PublishingDestinationId}
1754,350,threatentityset,"",arn:${Partition}:guardduty:${Region}:${Account}:detector/${DetectorId}/threatentityset/${ThreatEntitySetId}
1755,350,threatintelset,"",arn:${Partition}:guardduty:${Region}:${Account}:detector/${DetectorId}/threatintelset/${ThreatIntelSetId}
1756,350,trustedentityset,"",arn:${Partition}:guardduty:${Region}:${Account}:detector/${DetectorId}/trustedentityset/${TrustedEntitySetId}
1757,351,screen,"",arn:${Partition}:honeycode:${Region}:${Account}:screen:workbook/${WorkbookId}/app/${AppId}/screen/${ScreenId}
1758,351,screen-automation,"",arn:${Partition}:honeycode:${Region}:${Account}:screen-automation:workbook/${WorkbookId}/app/${AppId}/screen/${ScreenId}/automation/${AutomationId}
1759,351,table,"",arn:${Partition}:honeycode:${Region}:${Account}:table:workbook/${WorkbookId}/table/${TableId}
1760,351,workbook,"",arn:${Partition}:honeycode:${Region}:${Account}:workbook:workbook/${WorkbookId}
1761,353,CIS Scan Configuration,"",arn:${Partition}:inspector2:${Region}:${Account}:owner/${OwnerId}/cis-configuration/${CISScanConfigurationId}
1762,353,Code Security Integration,"",arn:${Partition}:inspector2:${Region}:${Account}:codesecurity-integration/${CodeSecurityIntegrationId}
1763,353,Code Security Scan Configuration,"",arn:${Partition}:inspector2:${Region}:${Account}:owner/${OwnerId}/codesecurity-configuration/${CodeSecurityScanConfigurationId}
1764,353,Connector,"",arn:${Partition}:inspector2:${Region}:${Account}:connector/${ConnectorId}
1765,353,Filter,"",arn:${Partition}:inspector2:${Region}:${Account}:owner/${OwnerId}/filter/${FilterId}
1766,353,Finding,"",arn:${Partition}:inspector2:${Region}:${Account}:finding/${FindingId}
1767,356,Ad-Configuration,"",arn:${Partition}:ivs:${Region}:${Account}:ad-configuration/${ResourceId}
1768,356,Channel,"",arn:${Partition}:ivs:${Region}:${Account}:channel/${ResourceId}
1769,356,Composition,"",arn:${Partition}:ivs:${Region}:${Account}:composition/${ResourceId}
1770,356,Encoder-Configuration,"",arn:${Partition}:ivs:${Region}:${Account}:encoder-configuration/${ResourceId}
1771,356,Ingest-Configuration,"",arn:${Partition}:ivs:${Region}:${Account}:ingest-configuration/${ResourceId}
1772,356,Playback-Key-Pair,"",arn:${Partition}:ivs:${Region}:${Account}:playback-key/${ResourceId}
1773,356,Playback-Restriction-Policy,"",arn:${Partition}:ivs:${Region}:${Account}:playback-restriction-policy/${ResourceId}
1774,356,Public-Key,"",arn:${Partition}:ivs:${Region}:${Account}:public-key/${ResourceId}
1775,356,Recording-Configuration,"",arn:${Partition}:ivs:${Region}:${Account}:recording-configuration/${ResourceId}
1776,356,Stage,"",arn:${Partition}:ivs:${Region}:${Account}:stage/${ResourceId}
1777,356,Storage-Configuration,"",arn:${Partition}:ivs:${Region}:${Account}:storage-configuration/${ResourceId}
1778,356,Stream-Key,"",arn:${Partition}:ivs:${Region}:${Account}:stream-key/${ResourceId}
1779,357,Logging-Configuration,"",arn:${Partition}:ivschat:${Region}:${Account}:logging-configuration/${ResourceId}
1780,357,Room,"",arn:${Partition}:ivschat:${Region}:${Account}:room/${ResourceId}
1781,358,access-control-configuration,"",arn:${Partition}:kendra:${Region}:${Account}:index/${IndexId}/access-control-configuration/${AccessControlConfigurationId}
1782,358,data-source,"",arn:${Partition}:kendra:${Region}:${Account}:index/${IndexId}/data-source/${DataSourceId}
1783,358,experience,"",arn:${Partition}:kendra:${Region}:${Account}:index/${IndexId}/experience/${ExperienceId}
1784,358,faq,"",arn:${Partition}:kendra:${Region}:${Account}:index/${IndexId}/faq/${FaqId}
1785,358,featured-results-set,"",arn:${Partition}:kendra:${Region}:${Account}:index/${IndexId}/featured-results-set/${FeaturedResultsSetId}
1786,358,index,"",arn:${Partition}:kendra:${Region}:${Account}:index/${IndexId}
1787,358,query-suggestions-block-list,"",arn:${Partition}:kendra:${Region}:${Account}:index/${IndexId}/query-suggestions-block-list/${QuerySuggestionsBlockListId}
1788,358,thesaurus,"",arn:${Partition}:kendra:${Region}:${Account}:index/${IndexId}/thesaurus/${ThesaurusId}
1789,359,rescore-execution-plan,"",arn:${Partition}:kendra-ranking:${Region}:${Account}:rescore-execution-plan/${RescoreExecutionPlanId}
1790,360,keyspace,"",arn:${Partition}:cassandra:${Region}:${Account}:/keyspace/${KeyspaceName}/
1791,360,stream,"",arn:${Partition}:cassandra:${Region}:${Account}:/keyspace/${KeyspaceName}/table/${TableName}/stream/${StreamLabel}
1792,360,table,"",arn:${Partition}:cassandra:${Region}:${Account}:/keyspace/${KeyspaceName}/table/${TableName}
1793,361,application,"",arn:${Partition}:kinesisanalytics:${Region}:${Account}:application/${ApplicationName}
1794,362,application,"",arn:${Partition}:kinesisanalytics:${Region}:${Account}:application/${ApplicationName}
1795,363,channel,"",arn:${Partition}:kinesis:${Region}:${Account}:channel/${ChannelId}
1796,363,consumer,"",arn:${Partition}:kinesis:${Region}:${Account}:${StreamType}/${StreamName}/consumer/${ConsumerName}:${ConsumerCreationTimpstamp}
1797,363,kmsKey,"",arn:${Partition}:kms:${Region}:${Account}:key/${KeyId}
1798,363,stream,"",arn:${Partition}:kinesis:${Region}:${Account}:stream/${StreamName}
1799,364,deliverystream,"",arn:${Partition}:firehose:${Region}:${Account}:deliverystream/${DeliveryStreamName}
1800,365,channel,"",arn:${Partition}:kinesisvideo:${Region}:${Account}:channel/${ChannelName}/${CreationTime}
1801,365,stream,"",arn:${Partition}:kinesisvideo:${Region}:${Account}:stream/${StreamName}/${CreationTime}
1802,366,bot,"","arn:${Partition}:lex:${Region}:${Account}:bot/${BotId}, arn:${Partition}:lex:${Region}:${Account}:bot:${BotName}"
1803,366,bot alias,"","arn:${Partition}:lex:${Region}:${Account}:bot-alias/${BotId}/${BotAliasId}, arn:${Partition}:lex:${Region}:${Account}:bot:${BotName}:${BotAlias}"
1804,366,bot version,"",arn:${Partition}:lex:${Region}:${Account}:bot:${BotName}:${BotVersion}
1805,366,channel,"",arn:${Partition}:lex:${Region}:${Account}:bot-channel:${BotName}:${BotAlias}:${ChannelName}
1806,366,intent version,"",arn:${Partition}:lex:${Region}:${Account}:intent:${IntentName}:${IntentVersion}
1807,366,slottype version,"",arn:${Partition}:lex:${Region}:${Account}:slottype:${SlotName}:${SlotVersion}
1808,367,bot,"","arn:${Partition}:lex:${Region}:${Account}:bot/${BotId}, arn:${Partition}:lex:${Region}:${Account}:bot:${BotName}"
1809,367,bot alias,"","arn:${Partition}:lex:${Region}:${Account}:bot-alias/${BotId}/${BotAliasId}, arn:${Partition}:lex:${Region}:${Account}:bot:${BotName}:${BotAlias}"
1810,367,test set,"",arn:${Partition}:lex:${Region}:${Account}:test-set/${TestSetId}
1811,368,Alarm,"",arn:${Partition}:lightsail:${Region}:${Account}:Alarm/${Id}
1812,368,Bucket,"",arn:${Partition}:lightsail:${Region}:${Account}:Bucket/${Id}
1813,368,Certificate,"",arn:${Partition}:lightsail:${Region}:${Account}:Certificate/${Id}
1814,368,CloudFormationStackRecord,"",arn:${Partition}:lightsail:${Region}:${Account}:CloudFormationStackRecord/${Id}
1815,368,ContactMethod,"",arn:${Partition}:lightsail:${Region}:${Account}:ContactMethod/${Id}
1816,368,ContainerService,"",arn:${Partition}:lightsail:${Region}:${Account}:ContainerService/${Id}
1817,368,Disk,"",arn:${Partition}:lightsail:${Region}:${Account}:Disk/${Id}
1818,368,DiskSnapshot,"",arn:${Partition}:lightsail:${Region}:${Account}:DiskSnapshot/${Id}
1819,368,Distribution,"",arn:${Partition}:lightsail:${Region}:${Account}:Distribution/${Id}
1820,368,Domain,"",arn:${Partition}:lightsail:${Region}:${Account}:Domain/${Id}
1821,368,ExportSnapshotRecord,"",arn:${Partition}:lightsail:${Region}:${Account}:ExportSnapshotRecord/${Id}
1822,368,Instance,"",arn:${Partition}:lightsail:${Region}:${Account}:Instance/${Id}
1823,368,InstanceSnapshot,"",arn:${Partition}:lightsail:${Region}:${Account}:InstanceSnapshot/${Id}
1824,368,KeyPair,"",arn:${Partition}:lightsail:${Region}:${Account}:KeyPair/${Id}
1825,368,LoadBalancer,"",arn:${Partition}:lightsail:${Region}:${Account}:LoadBalancer/${Id}
1826,368,LoadBalancerTlsCertificate,"",arn:${Partition}:lightsail:${Region}:${Account}:LoadBalancerTlsCertificate/${Id}
1827,368,RelationalDatabase,"",arn:${Partition}:lightsail:${Region}:${Account}:RelationalDatabase/${Id}
1828,368,RelationalDatabaseSnapshot,"",arn:${Partition}:lightsail:${Region}:${Account}:RelationalDatabaseSnapshot/${Id}
1829,368,StaticIp,"",arn:${Partition}:lightsail:${Region}:${Account}:StaticIp/${Id}
1830,369,api-key,"",arn:${Partition}:geo:${Region}:${Account}:api-key/${KeyName}
1831,369,geofence-collection,"",arn:${Partition}:geo:${Region}:${Account}:geofence-collection/${GeofenceCollectionName}
1832,369,job,"",arn:${Partition}:geo:${Region}:${Account}:job/${JobId}
1833,369,map,"",arn:${Partition}:geo:${Region}:${Account}:map/${MapName}
1834,369,place-index,"",arn:${Partition}:geo:${Region}:${Account}:place-index/${IndexName}
1835,369,route-calculator,"",arn:${Partition}:geo:${Region}:${Account}:route-calculator/${CalculatorName}
1836,369,tracker,"",arn:${Partition}:geo:${Region}:${Account}:tracker/${TrackerName}
1837,370,provider,"",arn:${Partition}:geo-maps:${Region}::provider/default
1838,371,provider,"",arn:${Partition}:geo-places:${Region}::provider/default
1839,372,provider,"",arn:${Partition}:geo-routes:${Region}::provider/default
1840,373,dataset,"",arn:${Partition}:lookoutequipment:${Region}:${Account}:dataset/${DatasetName}/${DatasetId}
1841,373,inference-scheduler,"",arn:${Partition}:lookoutequipment:${Region}:${Account}:inference-scheduler/${InferenceSchedulerName}/${InferenceSchedulerId}
1842,373,label-group,"",arn:${Partition}:lookoutequipment:${Region}:${Account}:label-group/${LabelGroupName}/${LabelGroupId}
1843,373,model,"",arn:${Partition}:lookoutequipment:${Region}:${Account}:model/${ModelName}/${ModelId}
1844,373,model-version,"",arn:${Partition}:lookoutequipment:${Region}:${Account}:model/${ModelName}/${ModelId}/model-version/${ModelVersionNumber}
1845,374,Alert,"",arn:${Partition}:lookoutmetrics:${Region}:${Account}:Alert:${AlertName}
1846,374,AnomalyDetector,"",arn:${Partition}:lookoutmetrics:${Region}:${Account}:AnomalyDetector:${AnomalyDetectorName}
1847,374,MetricSet,"",arn:${Partition}:lookoutmetrics:${Region}:${Account}:MetricSet/${AnomalyDetectorName}/${MetricSetName}
1848,375,model,"",arn:${Partition}:lookoutvision:${Region}:${Account}:model/${ProjectName}/${ModelVersion}
1849,375,project,"",arn:${Partition}:lookoutvision:${Region}:${Account}:project/${ProjectName}
1850,376,brokers,"",arn:${Partition}:mq:${Region}:${Account}:broker:${BrokerName}:${BrokerId}
1851,376,configurations,"",arn:${Partition}:mq:${Region}:${Account}:configuration:${ConfigurationId}
1852,377,batchprediction,"",arn:${Partition}:machinelearning:${Region}:${Account}:batchprediction/${BatchPredictionId}
1853,377,datasource,"",arn:${Partition}:machinelearning:${Region}:${Account}:datasource/${DatasourceId}
1854,377,evaluation,"",arn:${Partition}:machinelearning:${Region}:${Account}:evaluation/${EvaluationId}
1855,377,mlmodel,"",arn:${Partition}:machinelearning:${Region}:${Account}:mlmodel/${MlModelId}
1856,378,AllowList,"",arn:${Partition}:macie2:${Region}:${Account}:allow-list/${ResourceId}
1857,378,ClassificationJob,"",arn:${Partition}:macie2:${Region}:${Account}:classification-job/${ResourceId}
1858,378,CustomDataIdentifier,"",arn:${Partition}:macie2:${Region}:${Account}:custom-data-identifier/${ResourceId}
1859,378,FindingsFilter,"",arn:${Partition}:macie2:${Region}:${Account}:findings-filter/${ResourceId}
1860,378,Member,"",arn:${Partition}:macie2:${Region}:${Account}:member/${ResourceId}
1861,379,accessor,"",arn:${Partition}:managedblockchain:${Region}:${Account}:accessors/${AccessorId}
1862,379,invitation,"",arn:${Partition}:managedblockchain:${Region}:${Account}:invitations/${InvitationId}
1863,379,member,"",arn:${Partition}:managedblockchain:${Region}:${Account}:members/${MemberId}
1864,379,network,"",arn:${Partition}:managedblockchain:${Region}::networks/${NetworkId}
1865,379,node,"",arn:${Partition}:managedblockchain:${Region}:${Account}:nodes/${NodeId}
1866,379,proposal,"",arn:${Partition}:managedblockchain:${Region}::proposals/${ProposalId}
1867,381,workspace,"",arn:${Partition}:grafana:${Region}:${Account}:/workspaces/${ResourceId}
1868,382,anomalydetector,"",arn:${Partition}:aps:${Region}:${Account}:anomalydetector/${WorkspaceId}/${AnomalyDetectorId}
1869,382,cluster,"",arn:${Partition}:eks:${Region}:${Account}:cluster/${ClusterName}
1870,382,rulegroupsnamespace,"",arn:${Partition}:aps:${Region}:${Account}:rulegroupsnamespace/${WorkspaceId}/${Namespace}
1871,382,scraper,"",arn:${Partition}:aps:${Region}:${Account}:scraper/${ScraperId}
1872,382,workspace,"",arn:${Partition}:aps:${Region}:${Account}:workspace/${WorkspaceId}
1873,383,channel,"",arn:${Partition}:kafka:${Region}:${Account}:channel/${ClusterName}/${ClusterUuid}/${ChannelName}/${Uuid}
1874,383,cluster,"",arn:${Partition}:kafka:${Region}:${Account}:cluster/${ClusterName}/${Uuid}
1875,383,configuration,"",arn:${Partition}:kafka:${Region}:${Account}:configuration/${ConfigurationName}/${Uuid}
1876,383,group,"",arn:${Partition}:kafka:${Region}:${Account}:group/${ClusterName}/${ClusterUuid}/${GroupName}
1877,383,replicator,"",arn:${Partition}:kafka:${Region}:${Account}:replicator/${ReplicatorName}/${Uuid}
1878,383,topic,"",arn:${Partition}:kafka:${Region}:${Account}:topic/${ClusterName}/${ClusterUuid}/${TopicName}
1879,383,transactional-id,"",arn:${Partition}:kafka:${Region}:${Account}:transactional-id/${ClusterName}/${ClusterUuid}/${TransactionalId}
1880,383,vpc-connection,"",arn:${Partition}:kafka:${Region}:${VpcOwnerAccount}:vpc-connection/${ClusterOwnerAccount}/${ClusterName}/${Uuid}
1881,384,connector,"",arn:${Partition}:kafkaconnect:${Region}:${Account}:connector/${ConnectorName}/${UUID}
1882,384,connector operation,"",arn:${Partition}:kafkaconnect:${Region}:${Account}:connector-operation/${ConnectorName}/${ConnectorUUID}/${UUID}
1883,384,custom plugin,"",arn:${Partition}:kafkaconnect:${Region}:${Account}:custom-plugin/${CustomPluginName}/${UUID}
1884,384,worker configuration,"",arn:${Partition}:kafkaconnect:${Region}:${Account}:worker-configuration/${WorkerConfigurationName}/${UUID}
1885,385,environment,"",arn:${Partition}:airflow:${Region}:${Account}:environment/${EnvironmentName}
1886,385,rbac-role,"",arn:${Partition}:airflow:${Region}:${Account}:role/${EnvironmentName}/${RoleName}
1887,387,acl,"",arn:${Partition}:memorydb:${Region}:${Account}:acl/${AclName}
1888,387,cluster,"",arn:${Partition}:memorydb:${Region}:${Account}:cluster/${ClusterName}
1889,387,multiregioncluster,"",arn:${Partition}:memorydb::${Account}:multiregioncluster/${ClusterName}
1890,387,multiregionparametergroup,"",arn:${Partition}:memorydb::${Account}:multiregionparametergroup/${MultiRegionParameterGroupName}
1891,387,parametergroup,"",arn:${Partition}:memorydb:${Region}:${Account}:parametergroup/${ParameterGroupName}
1892,387,reservednode,"",arn:${Partition}:memorydb:${Region}:${Account}:reservednode/${ReservationID}
1893,387,snapshot,"",arn:${Partition}:memorydb:${Region}:${Account}:snapshot/${SnapshotName}
1894,387,subnetgroup,"",arn:${Partition}:memorydb:${Region}:${Account}:subnetgroup/${SubnetGroupName}
1895,387,user,"",arn:${Partition}:memorydb:${Region}:${Account}:user/${UserName}
1896,391,project,"",arn:${Partition}:monitron:${Region}:${Account}:project/${ResourceId}
1897,392,database,"",arn:${Partition}:neptune-db:${Region}:${Account}:${ClusterResourceId}/*
1898,393,export-task,"",arn:${Partition}:neptune-graph:${Region}:${Account}:export-task/${ResourceId}
1899,393,graph,"",arn:${Partition}:neptune-graph:${Region}:${Account}:graph/${ResourceId}
1900,393,graph-snapshot,"",arn:${Partition}:neptune-graph:${Region}:${Account}:graph-snapshot/${ResourceId}
1901,393,import-task,"",arn:${Partition}:neptune-graph:${Region}:${Account}:import-task/${ResourceId}
1902,394,eula,"",arn:${Partition}:nimble:${Region}:${Account}:eula/${EulaId}
1903,394,eula-acceptance,"",arn:${Partition}:nimble:${Region}:${Account}:eula-acceptance/${EulaAcceptanceId}
1904,394,launch-profile,"",arn:${Partition}:nimble:${Region}:${Account}:launch-profile/${LaunchProfileId}
1905,394,streaming-image,"",arn:${Partition}:nimble:${Region}:${Account}:streaming-image/${StreamingImageId}
1906,394,streaming-session,"",arn:${Partition}:nimble:${Region}:${Account}:streaming-session/${StreamingSessionId}
1907,394,streaming-session-backup,"",arn:${Partition}:nimble:${Region}:${Account}:streaming-session-backup/${StreamingSessionBackupId}
1908,394,studio,"",arn:${Partition}:nimble:${Region}:${Account}:studio/${StudioId}
1909,394,studio-component,"",arn:${Partition}:nimble:${Region}:${Account}:studio-component/${StudioComponentId}
1910,395,workflow-definition,"",arn:${Partition}:nova-act:${Region}:${Account}:workflow-definition/${WorkflowDefinitionName}
1911,395,workflow-run,"",arn:${Partition}:nova-act:${Region}:${Account}:workflow-definition/${WorkflowDefinitionName}/workflow-run/${WorkflowRunId}
1912,396,configuration,"",arn:${Partition}:one:${Region}:${Account}:device-instance/${DeviceInstanceId}/configuration/${Version}
1913,396,device-configuration-template,"",arn:${Partition}:one:${Region}:${Account}:device-configuration-template/${TemplateId}
1914,396,device-instance,"",arn:${Partition}:one:${Region}:${Account}:device-instance/${DeviceInstanceId}
1915,396,site,"",arn:${Partition}:one:${Region}:${Account}:site/${SiteId}
1916,396,user,"",arn:${Partition}:one:${Region}:${Account}:user/${UserId}
1917,397,application,"",arn:${Partition}:opensearch:${Region}:${Account}:application/${AppId}
1918,397,datasource,"",arn:${Partition}:opensearch:${Region}:${Account}:datasource/${DataSourceName}
1919,398,pipeline,"",arn:${Partition}:osis:${Region}:${Account}:pipeline/${PipelineName}
1920,398,pipeline-blueprint,"",arn:${Partition}:osis:${Region}:${Account}:blueprint/${BlueprintName}
1921,398,pipeline-endpoint,"",arn:${Partition}:osis:${Region}:${Account}:endpoint/${EndpointId}
1922,399,Collection,"",arn:${Partition}:aoss:${Region}:${Account}:collection/${CollectionId}
1923,399,CollectionGroup,"",arn:${Partition}:aoss:${Region}:${Account}:collection-group/${CollectionGroupId}
1924,399,Dashboards,"",arn:${Partition}:aoss:${Region}:${Account}:dashboards/default
1925,400,application,"",arn:${Partition}:opensearch:${Region}:${Account}:application/${AppId}
1926,400,datasource,"",arn:${Partition}:opensearch:${Region}:${Account}:datasource/${DataSourceName}
1927,400,domain,"",arn:${Partition}:es:${Region}:${Account}:domain/${DomainName}
1928,400,es_role,"",arn:${Partition}:iam::${Account}:role/aws-service-role/es.amazonaws.com/AWSServiceRoleForAmazonOpenSearchService
1929,400,opensearchservice_role,"",arn:${Partition}:iam::${Account}:role/aws-service-role/opensearchservice.amazonaws.com/AWSServiceRoleForAmazonOpenSearchService
1930,401,algorithm,"",arn:${Partition}:personalize:::algorithm/${ResourceId}
1931,401,batchInferenceJob,"",arn:${Partition}:personalize:${Region}:${Account}:batch-inference-job/${ResourceId}
1932,401,batchSegmentJob,"",arn:${Partition}:personalize:${Region}:${Account}:batch-segment-job/${ResourceId}
1933,401,campaign,"",arn:${Partition}:personalize:${Region}:${Account}:campaign/${ResourceId}
1934,401,dataDeletionJob,"",arn:${Partition}:personalize:${Region}:${Account}:data-deletion-job/${ResourceId}
1935,401,dataInsightsJob,"",arn:${Partition}:personalize:${Region}:${Account}:data-insights-job/${ResourceId}
1936,401,dataset,"",arn:${Partition}:personalize:${Region}:${Account}:dataset/${ResourceId}
1937,401,datasetExportJob,"",arn:${Partition}:personalize:${Region}:${Account}:dataset-export-job/${ResourceId}
1938,401,datasetGroup,"",arn:${Partition}:personalize:${Region}:${Account}:dataset-group/${ResourceId}
1939,401,datasetImportJob,"",arn:${Partition}:personalize:${Region}:${Account}:dataset-import-job/${ResourceId}
1940,401,eventTracker,"",arn:${Partition}:personalize:${Region}:${Account}:event-tracker/${ResourceId}
1941,401,featureTransformation,"",arn:${Partition}:personalize:::feature-transformation/${ResourceId}
1942,401,filter,"",arn:${Partition}:personalize:${Region}:${Account}:filter/${ResourceId}
1943,401,metricAttribution,"",arn:${Partition}:personalize:${Region}:${Account}:metric-attribution/${ResourceId}
1944,401,recipe,"",arn:${Partition}:personalize:::recipe/${ResourceId}
1945,401,recommender,"",arn:${Partition}:personalize:${Region}:${Account}:recommender/${ResourceId}
1946,401,schema,"",arn:${Partition}:personalize:${Region}:${Account}:schema/${ResourceId}
1947,401,solution,"",arn:${Partition}:personalize:${Region}:${Account}:solution/${ResourceId}
1948,402,app,"",arn:${Partition}:mobiletargeting:${Region}:${Account}:apps/${AppId}
1949,402,application-metrics,"",arn:${Partition}:mobiletargeting:${Region}:${Account}:apps/${AppId}/kpis/daterange/${KpiName}
1950,402,apps,"",arn:${Partition}:mobiletargeting:${Region}:${Account}:apps/*
1951,402,attribute,"",arn:${Partition}:mobiletargeting:${Region}:${Account}:apps/${AppId}/attributes/${AttributeType}
1952,402,campaign,"",arn:${Partition}:mobiletargeting:${Region}:${Account}:apps/${AppId}/campaigns/${CampaignId}
1953,402,campaign-metrics,"",arn:${Partition}:mobiletargeting:${Region}:${Account}:apps/${AppId}/campaigns/${CampaignId}/kpis/daterange/${KpiName}
1954,402,channel,"",arn:${Partition}:mobiletargeting:${Region}:${Account}:apps/${AppId}/channels/${ChannelType}
1955,402,channels,"",arn:${Partition}:mobiletargeting:${Region}:${Account}:apps/${AppId}/channels
1956,402,endpoint,"",arn:${Partition}:mobiletargeting:${Region}:${Account}:apps/${AppId}/endpoints/${EndpointId}
1957,402,event-stream,"",arn:${Partition}:mobiletargeting:${Region}:${Account}:apps/${AppId}/eventstream
1958,402,events,"",arn:${Partition}:mobiletargeting:${Region}:${Account}:apps/${AppId}/events
1959,402,export-job,"",arn:${Partition}:mobiletargeting:${Region}:${Account}:apps/${AppId}/jobs/export/${JobId}
1960,402,import-job,"",arn:${Partition}:mobiletargeting:${Region}:${Account}:apps/${AppId}/jobs/import/${JobId}
1961,402,journey,"",arn:${Partition}:mobiletargeting:${Region}:${Account}:apps/${AppId}/journeys/${JourneyId}
1962,402,journey-execution-activity-metrics,"",arn:${Partition}:mobiletargeting:${Region}:${Account}:apps/${AppId}/journeys/${JourneyId}/activities/${JourneyActivityId}/execution-metrics
1963,402,journey-execution-metrics,"",arn:${Partition}:mobiletargeting:${Region}:${Account}:apps/${AppId}/journeys/${JourneyId}/execution-metrics
1964,402,journey-metrics,"",arn:${Partition}:mobiletargeting:${Region}:${Account}:apps/${AppId}/journeys/${JourneyId}/kpis/daterange/${KpiName}
1965,402,journeys,"",arn:${Partition}:mobiletargeting:${Region}:${Account}:apps/${AppId}/journeys
1966,402,messages,"",arn:${Partition}:mobiletargeting:${Region}:${Account}:apps/${AppId}/messages
1967,402,otp,"",arn:${Partition}:mobiletargeting:${Region}:${Account}:apps/${AppId}/otp
1968,402,phone-number-validate,"",arn:${Partition}:mobiletargeting:${Region}:${Account}:phone/number/validate
1969,402,recommender,"",arn:${Partition}:mobiletargeting:${Region}:${Account}:recommenders/${RecommenderId}
1970,402,recommenders,"",arn:${Partition}:mobiletargeting:${Region}:${Account}:recommenders/*
1971,402,reports,"",arn:${Partition}:mobiletargeting:${Region}:${Account}:reports
1972,402,segment,"",arn:${Partition}:mobiletargeting:${Region}:${Account}:apps/${AppId}/segments/${SegmentId}
1973,402,template,"",arn:${Partition}:mobiletargeting:${Region}:${Account}:templates/${TemplateName}/${TemplateType}
1974,402,templates,"",arn:${Partition}:mobiletargeting:${Region}:${Account}:templates
1975,402,user,"",arn:${Partition}:mobiletargeting:${Region}:${Account}:apps/${AppId}/users/${UserId}
1976,402,verify-otp,"",arn:${Partition}:mobiletargeting:${Region}:${Account}:apps/${AppId}/verify-otp
1977,403,configuration-set,"",arn:${Partition}:ses:${Region}:${Account}:configuration-set/${ConfigurationSetName}
1978,403,dedicated-ip-pool,"",arn:${Partition}:ses:${Region}:${Account}:dedicated-ip-pool/${DedicatedIPPool}
1979,403,deliverability-test-report,"",arn:${Partition}:ses:${Region}:${Account}:deliverability-test-report/${ReportId}
1980,403,identity,"",arn:${Partition}:ses:${Region}:${Account}:identity/${IdentityName}
1981,405,lexicon,"",arn:${Partition}:polly:${Region}:${Account}:lexicon/${LexiconName}
1982,406,plugin,"",arn:${Partition}:qdeveloper:${Region}:${Account}:plugin/${Identifier}
1983,406,profile,"",arn:${Partition}:codewhisperer:${Region}:${Account}:profile/${Identifier}
1984,407,application,"",arn:${Partition}:qbusiness:${Region}:${Account}:application/${ApplicationId}
1985,407,chat-response-configuration,"",arn:${Partition}:qbusiness:${Region}:${Account}:application/${ApplicationId}/chat-response-configuration/${ChatResponseConfigurationId}
1986,407,data-accessor,"",arn:${Partition}:qbusiness:${Region}:${Account}:application/${ApplicationId}/data-accessor/${DataAccessorId}
1987,407,data-source,"",arn:${Partition}:qbusiness:${Region}:${Account}:application/${ApplicationId}/index/${IndexId}/data-source/${DataSourceId}
1988,407,index,"",arn:${Partition}:qbusiness:${Region}:${Account}:application/${ApplicationId}/index/${IndexId}
1989,407,integration,"",arn:${Partition}:qbusiness:${Region}:${Account}:application/${ApplicationId}/integration/${IntegrationId}
1990,407,plugin,"",arn:${Partition}:qbusiness:${Region}:${Account}:application/${ApplicationId}/plugin/${PluginId}
1991,407,retriever,"",arn:${Partition}:qbusiness:${Region}:${Account}:application/${ApplicationId}/retriever/${RetrieverId}
1992,407,subscription,"",arn:${Partition}:qbusiness:${Region}:${Account}:application/${ApplicationId}/subscription/${SubscriptionId}
1993,407,web-experience,"",arn:${Partition}:qbusiness:${Region}:${Account}:application/${ApplicationId}/web-experience/${WebExperienceId}
1994,408,application,"",arn:${Partition}:qbusiness:${Region}:${Account}:application/${ApplicationId}
1995,408,qapp,"",arn:${Partition}:qapps:${Region}:${Account}:application/${ApplicationId}/qapp/${AppId}
1996,408,qapp-session,"",arn:${Partition}:qapps:${Region}:${Account}:application/${ApplicationId}/qapp/${AppId}/session/${SessionId}
1997,409,codeTransformation,"",arn:${Partition}:qdeveloper:${Region}:${Account}:codeTransformation/${Identifier}
1998,410,AIAgent,"",arn:${Partition}:wisdom:${Region}:${Account}:ai-agent/${AssistantId}/${AIAgentId}
1999,410,AIGuardrail,"",arn:${Partition}:wisdom:${Region}:${Account}:ai-guardrail/${AssistantId}/${AIGuardrailId}
2000,410,AIPrompt,"",arn:${Partition}:wisdom:${Region}:${Account}:ai-prompt/${AssistantId}/${AIPromptId}
2001,410,Assistant,"",arn:${Partition}:wisdom:${Region}:${Account}:assistant/${AssistantId}
2002,410,AssistantAssociation,"",arn:${Partition}:wisdom:${Region}:${Account}:association/${AssistantId}/${AssistantAssociationId}
2003,410,Content,"",arn:${Partition}:wisdom:${Region}:${Account}:content/${KnowledgeBaseId}/${ContentId}
2004,410,ContentAssociation,"",arn:${Partition}:wisdom:${Region}:${Account}:content-association/${KnowledgeBaseId}/${ContentId}/${ContentAssociationId}
2005,410,KnowledgeBase,"",arn:${Partition}:wisdom:${Region}:${Account}:knowledge-base/${KnowledgeBaseId}
2006,410,MessageTemplate,"",arn:${Partition}:wisdom:${Region}:${Account}:message-template/${KnowledgeBaseId}/${MessageTemplateId}
2007,410,QuickResponse,"",arn:${Partition}:wisdom:${Region}:${Account}:quick-response/${KnowledgeBaseId}/${QuickResponseId}
2008,410,Session,"",arn:${Partition}:wisdom:${Region}:${Account}:session/${AssistantId}/${SessionId}
2009,411,catalog,"",arn:${Partition}:qldb:${Region}:${Account}:ledger/${LedgerName}/information_schema/user_tables
2010,411,ledger,"",arn:${Partition}:qldb:${Region}:${Account}:ledger/${LedgerName}
2011,411,stream,"",arn:${Partition}:qldb:${Region}:${Account}:stream/${LedgerName}/${StreamId}
2012,411,table,"",arn:${Partition}:qldb:${Region}:${Account}:ledger/${LedgerName}/table/${TableId}
2013,412,account,"",arn:${Partition}:quicksight:${Region}:${Account}:account/${ResourceId}
2014,412,actionconnector,"",arn:${Partition}:quicksight:${Region}:${Account}:action-connector/${ResourceId}
2015,412,agent,"",arn:${Partition}:quicksight:${Region}:${Account}:agent/${ResourceId}
2016,412,analysis,"",arn:${Partition}:quicksight:${Region}:${Account}:analysis/${ResourceId}
2017,412,app,"",arn:${Partition}:quicksight:${Region}:${Account}:app/${ResourceId}
2018,412,approvalPolicy,"",arn:${Partition}:quicksight:${Region}:${Account}:approval-policy/${ResourceId}
2019,412,assetBundleExportJob,"",arn:${Partition}:quicksight:${Region}:${Account}:asset-bundle-export-job/${ResourceId}
2020,412,assetBundleImportJob,"",arn:${Partition}:quicksight:${Region}:${Account}:asset-bundle-import-job/${ResourceId}
2021,412,assignment,"",arn:${Partition}:quicksight::${Account}:assignment/${ResourceId}
2022,412,automation,"",arn:${Partition}:quicksight:${Region}:${Account}:automation-group/${AutomationGroupId}/automation/${ResourceId}
2023,412,automationGroup,"",arn:${Partition}:quicksight:${Region}:${Account}:automation-group/${ResourceId}
2024,412,automationJob,"",arn:${Partition}:quicksight:${Region}:${Account}:automation-group/${AutomationGroupId}/automation/${AutomationId}/job/${ResourceId}
2025,412,brand,"",arn:${Partition}:quicksight:${Region}:${Account}:brand/${ResourceId}
2026,412,customization,"",arn:${Partition}:quicksight:${Region}:${Account}:customization/${ResourceId}
2027,412,custompermissions,"",arn:${Partition}:quicksight:${Region}:${Account}:custompermissions/${ResourceId}
2028,412,dashboard,"",arn:${Partition}:quicksight:${Region}:${Account}:dashboard/${ResourceId}
2029,412,dashboardSnapshotJob,"",arn:${Partition}:quicksight:${Region}:${Account}:dashboard/${DashboardId}/snapshot-job/${ResourceId}
2030,412,dataset,"",arn:${Partition}:quicksight:${Region}:${Account}:dataset/${ResourceId}
2031,412,datasource,"",arn:${Partition}:quicksight:${Region}:${Account}:datasource/${ResourceId}
2032,412,dlpSetting,"",arn:${Partition}:quicksight:${Region}:${Account}:dlpsetting/${ResourceId}
2033,412,emailCustomizationTemplate,"",arn:${Partition}:quicksight:${Region}:${Account}:email-customization-template/${ResourceId}
2034,412,extension,"",arn:${Partition}:quicksight:${Region}:${Account}:extension/${ResourceId}
2035,412,extensionaccess,"",arn:${Partition}:quicksight:${Region}:${Account}:extension-access/${ResourceId}
2036,412,flow,"",arn:${Partition}:quicksight:${Region}:${Account}:flow/${ResourceId}
2037,412,folder,"",arn:${Partition}:quicksight:${Region}:${Account}:folder/${ResourceId}
2038,412,group,"",arn:${Partition}:quicksight:${Region}:${Account}:group/${ResourceId}
2039,412,ingestion,"",arn:${Partition}:quicksight:${Region}:${Account}:dataset/${DatasetId}/ingestion/${ResourceId}
2040,412,knowledgeBase,"",arn:${Partition}:quicksight:${Region}:${Account}:knowledge-base/${ResourceId}
2041,412,limitsProfile,"",arn:${Partition}:quicksight:${Region}:${Account}:limits-profile/${ResourceId}
2042,412,namespace,"",arn:${Partition}:quicksight:${Region}:${Account}:namespace/${ResourceId}
2043,412,oauthClientApplication,"",arn:${Partition}:quicksight:${Region}:${Account}:oauthClientApplication/${ResourceId}
2044,412,refreshschedule,"",arn:${Partition}:quicksight:${Region}:${Account}:dataset/${DatasetId}/refresh-schedule/${ResourceId}
2045,412,space,"",arn:${Partition}:quicksight:${Region}:${Account}:space/${ResourceId}
2046,412,template,"",arn:${Partition}:quicksight:${Region}:${Account}:template/${ResourceId}
2047,412,theme,"",arn:${Partition}:quicksight:${Region}:${Account}:theme/${ResourceId}
2048,412,topic,"",arn:${Partition}:quicksight:${Region}:${Account}:topic/${ResourceId}
2049,412,user,"",arn:${Partition}:quicksight:${Region}:${Account}:user/${ResourceId}
2050,412,vpcconnection,"",arn:${Partition}:quicksight:${Region}:${Account}:vpcConnection/${ResourceId}
2051,413,auto-backup,"",arn:${Partition}:rds:${Region}:${Account}:auto-backup:${DbInstanceAutomatedBackupId}
2052,413,cev,"",arn:${Partition}:rds:${Region}:${Account}:cev:${Engine}/${EngineVersion}/${CustomDbEngineVersionId}
2053,413,cluster,"",arn:${Partition}:rds:${Region}:${Account}:cluster:${DbClusterInstanceName}
2054,413,cluster-auto-backup,"",arn:${Partition}:rds:${Region}:${Account}:cluster-auto-backup:${DbClusterAutomatedBackupId}
2055,413,cluster-endpoint,"",arn:${Partition}:rds:${Region}:${Account}:cluster-endpoint:${DbClusterEndpoint}
2056,413,cluster-pg,"",arn:${Partition}:rds:${Region}:${Account}:cluster-pg:${ClusterParameterGroupName}
2057,413,cluster-snapshot,"",arn:${Partition}:rds:${Region}:${Account}:cluster-snapshot:${ClusterSnapshotName}
2058,413,db,"",arn:${Partition}:rds:${Region}:${Account}:db:${DbInstanceName}
2059,413,deployment,"",arn:${Partition}:rds:${Region}:${Account}:deployment:${BlueGreenDeploymentIdentifier}
2060,413,es,"",arn:${Partition}:rds:${Region}:${Account}:es:${SubscriptionName}
2061,413,global-cluster,"",arn:${Partition}:rds::${Account}:global-cluster:${GlobalCluster}
2062,413,integration,"",arn:${Partition}:rds:${Region}:${Account}:integration:${IntegrationIdentifier}
2063,413,og,"",arn:${Partition}:rds:${Region}:${Account}:og:${OptionGroupName}
2064,413,pg,"",arn:${Partition}:rds:${Region}:${Account}:pg:${ParameterGroupName}
2065,413,proxy,"",arn:${Partition}:rds:${Region}:${Account}:db-proxy:${DbProxyId}
2066,413,proxy-endpoint,"",arn:${Partition}:rds:${Region}:${Account}:db-proxy-endpoint:${DbProxyEndpointId}
2067,413,ri,"",arn:${Partition}:rds:${Region}:${Account}:ri:${ReservedDbInstanceName}
2068,413,secgrp,"",arn:${Partition}:rds:${Region}:${Account}:secgrp:${SecurityGroupName}
2069,413,shardgrp,"",arn:${Partition}:rds:${Region}:${Account}:shard-group:${DbShardGroupResourceId}
2070,413,snapshot,"",arn:${Partition}:rds:${Region}:${Account}:snapshot:${SnapshotName}
2071,413,snapshot-tenant-database,"",arn:${Partition}:rds:${Region}:${Account}:snapshot-tenant-database:${SnapshotName}:${TenantResourceId}
2072,413,subgrp,"",arn:${Partition}:rds:${Region}:${Account}:subgrp:${SubnetGroupName}
2073,413,target-group,"",arn:${Partition}:rds:${Region}:${Account}:target-group:${TargetGroupId}
2074,413,tenant-database,"",arn:${Partition}:rds:${Region}:${Account}:tenant-database:${TenantResourceId}
2075,414,cluster,"",arn:${Partition}:rds:${Region}:${Account}:cluster:${DbClusterInstanceName}
2076,415,db-user,"",arn:${Partition}:rds-db:${Region}:${Account}:dbuser:${DbiResourceId}/${DbUserName}
2077,417,cluster,"",arn:${Partition}:redshift:${Region}:${Account}:cluster:${ClusterName}
2078,417,datashare,"",arn:${Partition}:redshift:${Region}:${Account}:datashare:${ProducerClusterNamespace}/${DataShareName}
2079,417,dbgroup,"",arn:${Partition}:redshift:${Region}:${Account}:dbgroup:${ClusterName}/${DbGroup}
2080,417,dbname,"",arn:${Partition}:redshift:${Region}:${Account}:dbname:${ClusterName}/${DbName}
2081,417,dbuser,"",arn:${Partition}:redshift:${Region}:${Account}:dbuser:${ClusterName}/${DbUser}
2082,417,eventsubscription,"",arn:${Partition}:redshift:${Region}:${Account}:eventsubscription:${EventSubscriptionName}
2083,417,hsmclientcertificate,"",arn:${Partition}:redshift:${Region}:${Account}:hsmclientcertificate:${HSMClientCertificateId}
2084,417,hsmconfiguration,"",arn:${Partition}:redshift:${Region}:${Account}:hsmconfiguration:${HSMConfigurationId}
2085,417,integration,"",arn:${Partition}:redshift:${Region}:${Account}:integration:${IntegrationIdentifier}
2086,417,namespace,"",arn:${Partition}:redshift:${Region}:${Account}:namespace:${ClusterNamespace}
2087,417,parametergroup,"",arn:${Partition}:redshift:${Region}:${Account}:parametergroup:${ParameterGroupName}
2088,417,qev2idcapplication,"",arn:${Partition}:redshift:${Region}:${Account}:qev2idcapplication:${Qev2IdcApplicationId}
2089,417,redshiftidcapplication,"",arn:${Partition}:redshift:${Region}:${Account}:redshiftidcapplication:${RedshiftIdcApplicationId}
2090,417,securitygroup,"",arn:${Partition}:redshift:${Region}:${Account}:securitygroup:${SecurityGroupName}/ec2securitygroup/${Owner}/${Ec2SecurityGroupId}
2091,417,securitygroupingress-cidr,"",arn:${Partition}:redshift:${Region}:${Account}:securitygroupingress:${SecurityGroupName}/cidrip/${IpRange}
2092,417,securitygroupingress-ec2securitygroup,"",arn:${Partition}:redshift:${Region}:${Account}:securitygroupingress:${SecurityGroupName}/ec2securitygroup/${Owner}/${Ece2SecuritygroupId}
2093,417,snapshot,"",arn:${Partition}:redshift:${Region}:${Account}:snapshot:${ClusterName}/${SnapshotName}
2094,417,snapshotcopygrant,"",arn:${Partition}:redshift:${Region}:${Account}:snapshotcopygrant:${SnapshotCopyGrantName}
2095,417,snapshotschedule,"",arn:${Partition}:redshift:${Region}:${Account}:snapshotschedule:${ScheduleIdentifier}
2096,417,subnetgroup,"",arn:${Partition}:redshift:${Region}:${Account}:subnetgroup:${SubnetGroupName}
2097,417,usagelimit,"",arn:${Partition}:redshift:${Region}:${Account}:usagelimit:${UsageLimitId}
2098,418,cluster,"",arn:${Partition}:redshift:${Region}:${Account}:cluster:${ClusterName}
2099,418,managed-workgroup,"",arn:${Partition}:redshift-serverless:${Region}:${Account}:managed-workgroup/${ManagedWorkgroupId}
2100,418,workgroup,"",arn:${Partition}:redshift-serverless:${Region}:${Account}:workgroup/${WorkgroupId}
2101,419,endpointAccess,"",arn:${Partition}:redshift-serverless:${Region}:${Account}:managedvpcendpoint/${EndpointAccessId}
2102,419,managed-workgroup,"",arn:${Partition}:redshift-serverless:${Region}:${Account}:managed-workgroup/${ManagedWorkgroupName}
2103,419,namespace,"",arn:${Partition}:redshift-serverless:${Region}:${Account}:namespace/${NamespaceId}
2104,419,recoveryPoint,"",arn:${Partition}:redshift-serverless:${Region}:${Account}:recoverypoint/${RecoveryPointId}
2105,419,snapshot,"",arn:${Partition}:redshift-serverless:${Region}:${Account}:snapshot/${SnapshotId}
2106,419,workgroup,"",arn:${Partition}:redshift-serverless:${Region}:${Account}:workgroup/${WorkgroupId}
2107,420,collection,"",arn:${Partition}:rekognition:${Region}:${Account}:collection/${CollectionId}
2108,420,dataset,"",arn:${Partition}:rekognition:${Region}:${Account}:project/${ProjectName}/dataset/${DatasetType}/${CreationTimestamp}
2109,420,project,"",arn:${Partition}:rekognition:${Region}:${Account}:project/${ProjectName}/${CreationTimestamp}
2110,420,projectversion,"",arn:${Partition}:rekognition:${Region}:${Account}:project/${ProjectName}/version/${VersionName}/${CreationTimestamp}
2111,420,streamprocessor,"",arn:${Partition}:rekognition:${Region}:${Account}:streamprocessor/${StreamprocessorId}
2112,422,change,"",arn:${Partition}:route53:::change/${Id}
2113,422,cidrcollection,"",arn:${Partition}:route53:::cidrcollection/${Id}
2114,422,delegationset,"",arn:${Partition}:route53:::delegationset/${Id}
2115,422,healthcheck,"",arn:${Partition}:route53:::healthcheck/${Id}
2116,422,hostedzone,"",arn:${Partition}:route53:::hostedzone/${Id}
2117,422,queryloggingconfig,"",arn:${Partition}:route53:::queryloggingconfig/${Id}
2118,422,trafficpolicy,"",arn:${Partition}:route53:::trafficpolicy/${Id}
2119,422,trafficpolicyinstance,"",arn:${Partition}:route53:::trafficpolicyinstance/${Id}
2120,422,vpc,"",arn:${Partition}:ec2:${Region}:${Account}:vpc/${VpcId}
2121,424,profile,"",arn:${Partition}:route53profiles:${Region}:${Account}:profile/${ResourceId}
2122,424,profile-association,"",arn:${Partition}:route53profiles:${Region}:${Account}:profile-association/${ResourceId}
2123,425,routingcontrol,"",arn:${Partition}:route53-recovery-control::${Account}:controlpanel/${ControlPanelId}/routingcontrol/${RoutingControlId}
2124,426,cluster,"",arn:${Partition}:route53-recovery-control::${Account}:cluster/${ResourceId}
2125,426,controlpanel,"",arn:${Partition}:route53-recovery-control::${Account}:controlpanel/${ControlPanelId}
2126,426,routingcontrol,"",arn:${Partition}:route53-recovery-control::${Account}:controlpanel/${ControlPanelId}/routingcontrol/${RoutingControlId}
2127,426,safetyrule,"",arn:${Partition}:route53-recovery-control::${Account}:controlpanel/${ControlPanelId}/safetyrule/${SafetyRuleId}
2128,427,cell,"",arn:${Partition}:route53-recovery-readiness::${Account}:cell/${ResourceId}
2129,427,readinesscheck,"",arn:${Partition}:route53-recovery-readiness::${Account}:readiness-check/${ResourceId}
2130,427,recoverygroup,"",arn:${Partition}:route53-recovery-readiness::${Account}:recovery-group/${ResourceId}
2131,427,resourceset,"",arn:${Partition}:route53-recovery-readiness::${Account}:resource-set/${ResourceId}
2132,428,autodefined-rule,"",arn:${Partition}:route53resolver:${Region}:${Account}:autodefined-rule/${ResourceId}
2133,428,firewall-config,"",arn:${Partition}:route53resolver:${Region}:${Account}:firewall-config/${ResourceId}
2134,428,firewall-domain-list,"",arn:${Partition}:route53resolver:${Region}:${Account}:firewall-domain-list/${ResourceId}
2135,428,firewall-rule-group,"",arn:${Partition}:route53resolver:${Region}:${Account}:firewall-rule-group/${ResourceId}
2136,428,firewall-rule-group-association,"",arn:${Partition}:route53resolver:${Region}:${Account}:firewall-rule-group-association/${ResourceId}
2137,428,outpost-resolver,"",arn:${Partition}:route53resolver:${Region}:${Account}:outpost-resolver/${ResourceId}
2138,428,resolver-config,"",arn:${Partition}:route53resolver:${Region}:${Account}:resolver-config/${ResourceId}
2139,428,resolver-dnssec-config,"",arn:${Partition}:route53resolver:${Region}:${Account}:resolver-dnssec-config/${ResourceId}
2140,428,resolver-endpoint,"",arn:${Partition}:route53resolver:${Region}:${Account}:resolver-endpoint/${ResourceId}
2141,428,resolver-query-log-config,"",arn:${Partition}:route53resolver:${Region}:${Account}:resolver-query-log-config/${ResourceId}
2142,428,resolver-rule,"",arn:${Partition}:route53resolver:${Region}:${Account}:resolver-rule/${ResourceId}
2143,429,accessgrant,"",arn:${Partition}:s3:${Region}:${Account}:access-grants/default/grant/${Token}
2144,429,accessgrantsinstance,"",arn:${Partition}:s3:${Region}:${Account}:access-grants/default
2145,429,accessgrantslocation,"",arn:${Partition}:s3:${Region}:${Account}:access-grants/default/location/${Token}
2146,429,accesspoint,"",arn:${Partition}:s3:${Region}:${Account}:accesspoint/${AccessPointName}
2147,429,accesspointobject,"",arn:${Partition}:s3:${Region}:${Account}:accesspoint/${AccessPointName}/object/${ObjectName}
2148,429,bucket,"",arn:${Partition}:s3:::${BucketName}
2149,429,job,"",arn:${Partition}:s3:${Region}:${Account}:job/${JobId}
2150,429,multiregionaccesspoint,"",arn:${Partition}:s3::${Account}:accesspoint/${AccessPointAlias}
2151,429,multiregionaccesspointrequestarn,"",arn:${Partition}:s3:us-west-2:${Account}:async-request/mrap/${Operation}/${Token}
2152,429,object,"",arn:${Partition}:s3:::${BucketName}/${ObjectName}
2153,429,objectlambdaaccesspoint,"",arn:${Partition}:s3-object-lambda:${Region}:${Account}:accesspoint/${AccessPointName}
2154,429,storagelensconfiguration,"",arn:${Partition}:s3:${Region}:${Account}:storage-lens/${ConfigId}
2155,429,storagelensgroup,"",arn:${Partition}:s3:${Region}:${Account}:storage-lens-group/${Name}
2156,430,accesspoint,"",arn:${Partition}:s3express:${Region}:${Account}:accesspoint/${AccessPointName}
2157,430,bucket,"",arn:${Partition}:s3express:${Region}:${Account}:bucket/${BucketName}
2158,431,access-point,"",arn:${Partition}:s3files:${Region}:${Account}:file-system/${FileSystemId}/access-point/${AccessPointId}
2159,431,file-system,"",arn:${Partition}:s3files:${Region}:${Account}:file-system/${FileSystemId}
2160,432,vault,"",arn:${Partition}:glacier:${Region}:${Account}:vaults/${VaultName}
2161,433,objectlambdaaccesspoint,"",arn:${Partition}:s3-object-lambda:${Region}:${Account}:accesspoint/${AccessPointName}
2162,434,Table,"",arn:${Partition}:s3tables:${Region}:${Account}:bucket/${TableBucketName}/table/${TableID}
2163,434,TableBucket,"",arn:${Partition}:s3tables:${Region}:${Account}:bucket/${TableBucketName}
2164,435,Index,"",arn:${Partition}:s3vectors:${Region}:${Account}:bucket/${BucketName}/index/${IndexName}
2165,435,VectorBucket,"",arn:${Partition}:s3vectors:${Region}:${Account}:bucket/${BucketName}
2166,436,accesspoint,"",arn:${Partition}:s3-outposts:${Region}:${Account}:outpost/${OutpostId}/accesspoint/${AccessPointName}
2167,436,bucket,"",arn:${Partition}:s3-outposts:${Region}:${Account}:outpost/${OutpostId}/bucket/${BucketName}
2168,436,endpoint,"",arn:${Partition}:s3-outposts:${Region}:${Account}:outpost/${OutpostId}/endpoint/${EndpointId}
2169,436,object,"",arn:${Partition}:s3-outposts:${Region}:${Account}:outpost/${OutpostId}/bucket/${BucketName}/object/${ObjectName}
2170,437,configuration-set,"",arn:${Partition}:ses:${Region}:${Account}:configuration-set/${ConfigurationSetName}
2171,437,custom-verification-email-template,"",arn:${Partition}:ses:${Region}:${Account}:custom-verification-email-template/${TemplateName}
2172,437,identity,"",arn:${Partition}:ses:${Region}:${Account}:identity/${IdentityName}
2173,437,template,"",arn:${Partition}:ses:${Region}:${Account}:template/${TemplateName}
2174,438,topic,"",arn:${Partition}:sns:${Region}:${Account}:${TopicName}
2175,439,queue,"",arn:${Partition}:sqs:${Region}:${Account}:${QueueName}
2176,440,action,"",arn:${Partition}:sagemaker:${Region}:${Account}:action/${ActionName}
2177,440,ai-benchmark-job,"",arn:${Partition}:sagemaker:${Region}:${Account}:ai-benchmark-job/${AIBenchmarkJobName}
2178,440,ai-recommendation-job,"",arn:${Partition}:sagemaker:${Region}:${Account}:ai-recommendation-job/${AIRecommendationJobName}
2179,440,ai-workload-config,"",arn:${Partition}:sagemaker:${Region}:${Account}:ai-workload-config/${AIWorkloadConfigName}
2180,440,algorithm,"",arn:${Partition}:sagemaker:${Region}:${Account}:algorithm/${AlgorithmName}
2181,440,app,"",arn:${Partition}:sagemaker:${Region}:${Account}:app/${DomainId}/${UserProfileName}/${AppType}/${AppName}
2182,440,app-image-config,"",arn:${Partition}:sagemaker:${Region}:${Account}:app-image-config/${AppImageConfigName}
2183,440,artifact,"",arn:${Partition}:sagemaker:${Region}:${Account}:artifact/${HashOfArtifactSource}
2184,440,automl-job,"",arn:${Partition}:sagemaker:${Region}:${Account}:automl-job/${AutoMLJobJobName}
2185,440,cluster,"",arn:${Partition}:sagemaker:${Region}:${Account}:cluster/${ClusterId}
2186,440,cluster-scheduler-config,"",arn:${Partition}:sagemaker:${Region}:${Account}:cluster-scheduler-config/${ClusterSchedulerConfigId}
2187,440,code-repository,"",arn:${Partition}:sagemaker:${Region}:${Account}:code-repository/${CodeRepositoryName}
2188,440,compilation-job,"",arn:${Partition}:sagemaker:${Region}:${Account}:compilation-job/${CompilationJobName}
2189,440,compute-quota,"",arn:${Partition}:sagemaker:${Region}:${Account}:compute-quota/${ComputeQuotaId}
2190,440,context,"",arn:${Partition}:sagemaker:${Region}:${Account}:context/${ContextName}
2191,440,data-quality-job-definition,"",arn:${Partition}:sagemaker:${Region}:${Account}:data-quality-job-definition/${DataQualityJobDefinitionName}
2192,440,device,"",arn:${Partition}:sagemaker:${Region}:${Account}:device-fleet/${DeviceFleetName}/device/${DeviceName}
2193,440,device-fleet,"",arn:${Partition}:sagemaker:${Region}:${Account}:device-fleet/${DeviceFleetName}
2194,440,domain,"",arn:${Partition}:sagemaker:${Region}:${Account}:domain/${DomainId}
2195,440,edge-deployment-plan,"",arn:${Partition}:sagemaker:${Region}:${Account}:edge-deployment/${EdgeDeploymentPlanName}
2196,440,edge-packaging-job,"",arn:${Partition}:sagemaker:${Region}:${Account}:edge-packaging-job/${EdgePackagingJobName}
2197,440,endpoint,"",arn:${Partition}:sagemaker:${Region}:${Account}:endpoint/${EndpointName}
2198,440,endpoint-config,"",arn:${Partition}:sagemaker:${Region}:${Account}:endpoint-config/${EndpointConfigName}
2199,440,experiment,"",arn:${Partition}:sagemaker:${Region}:${Account}:experiment/${ExperimentName}
2200,440,experiment-trial,"",arn:${Partition}:sagemaker:${Region}:${Account}:experiment-trial/${TrialName}
2201,440,experiment-trial-component,"",arn:${Partition}:sagemaker:${Region}:${Account}:experiment-trial-component/${TrialComponentName}
2202,440,feature-group,"",arn:${Partition}:sagemaker:${Region}:${Account}:feature-group/${FeatureGroupName}
2203,440,flow-definition,"",arn:${Partition}:sagemaker:${Region}:${Account}:flow-definition/${FlowDefinitionName}
2204,440,hub,"",arn:${Partition}:sagemaker:${Region}:${Account}:hub/${HubName}
2205,440,hub-content,"",arn:${Partition}:sagemaker:${Region}:${Account}:hub-content/${HubName}/${HubContentType}/${HubContentName}
2206,440,human-loop,"",arn:${Partition}:sagemaker:${Region}:${Account}:human-loop/${HumanLoopName}
2207,440,human-task-ui,"",arn:${Partition}:sagemaker:${Region}:${Account}:human-task-ui/${HumanTaskUiName}
2208,440,hyper-parameter-tuning-job,"",arn:${Partition}:sagemaker:${Region}:${Account}:hyper-parameter-tuning-job/${HyperParameterTuningJobName}
2209,440,image,"",arn:${Partition}:sagemaker:${Region}:${Account}:image/${ImageName}
2210,440,image-version,"",arn:${Partition}:sagemaker:${Region}:${Account}:image-version/${ImageName}/${Version}
2211,440,inference-component,"",arn:${Partition}:sagemaker:${Region}:${Account}:inference-component/${InferenceComponentName}
2212,440,inference-experiment,"",arn:${Partition}:sagemaker:${Region}:${Account}:inference-experiment/${InferenceExperimentName}
2213,440,inference-recommendations-job,"",arn:${Partition}:sagemaker:${Region}:${Account}:inference-recommendations-job/${InferenceRecommendationsJobName}
2214,440,job,"",arn:${Partition}:sagemaker:${Region}:${Account}:job/${JobCategory}/${JobName}
2215,440,labeling-job,"",arn:${Partition}:sagemaker:${Region}:${Account}:labeling-job/${LabelingJobName}
2216,440,lineage-group,"",arn:${Partition}:sagemaker:${Region}:${Account}:lineage-group/${LineageGroupName}
2217,440,mlflow-app,"",arn:${Partition}:sagemaker:${Region}:${Account}:mlflow-app/${MLflowAppId}
2218,440,mlflow-tracking-server,"",arn:${Partition}:sagemaker:${Region}:${Account}:mlflow-tracking-server/${MlflowTrackingServerName}
2219,440,model,"",arn:${Partition}:sagemaker:${Region}:${Account}:model/${ModelName}
2220,440,model-bias-job-definition,"",arn:${Partition}:sagemaker:${Region}:${Account}:model-bias-job-definition/${ModelBiasJobDefinitionName}
2221,440,model-card,"",arn:${Partition}:sagemaker:${Region}:${Account}:model-card/${ModelCardName}
2222,440,model-card-export-job,"",arn:${Partition}:sagemaker:${Region}:${Account}:model-card/${ModelCardName}/export-job/${ExportJobName}
2223,440,model-explainability-job-definition,"",arn:${Partition}:sagemaker:${Region}:${Account}:model-explainability-job-definition/${ModelExplainabilityJobDefinitionName}
2224,440,model-package,"",arn:${Partition}:sagemaker:${Region}:${Account}:model-package/${ModelPackageName}
2225,440,model-package-group,"",arn:${Partition}:sagemaker:${Region}:${Account}:model-package-group/${ModelPackageGroupName}
2226,440,model-quality-job-definition,"",arn:${Partition}:sagemaker:${Region}:${Account}:model-quality-job-definition/${ModelQualityJobDefinitionName}
2227,440,monitoring-schedule,"",arn:${Partition}:sagemaker:${Region}:${Account}:monitoring-schedule/${MonitoringScheduleName}
2228,440,monitoring-schedule-alert,"",arn:${Partition}:sagemaker:${Region}:${Account}:monitoring-schedule/${MonitoringScheduleName}/alert/${MonitoringScheduleAlertName}
2229,440,notebook-instance,"",arn:${Partition}:sagemaker:${Region}:${Account}:notebook-instance/${NotebookInstanceName}
2230,440,notebook-instance-lifecycle-config,"",arn:${Partition}:sagemaker:${Region}:${Account}:notebook-instance-lifecycle-config/${NotebookInstanceLifecycleConfigName}
2231,440,optimization-job,"",arn:${Partition}:sagemaker:${Region}:${Account}:optimization-job/${OptimizationJobName}
2232,440,partner-app,"",arn:${Partition}:sagemaker:${Region}:${Account}:partner-app/${AppId}
2233,440,pipeline,"",arn:${Partition}:sagemaker:${Region}:${Account}:pipeline/${PipelineName}
2234,440,pipeline-execution,"",arn:${Partition}:sagemaker:${Region}:${Account}:pipeline/${PipelineName}/execution/${RandomString}
2235,440,processing-job,"",arn:${Partition}:sagemaker:${Region}:${Account}:processing-job/${ProcessingJobName}
2236,440,project,"",arn:${Partition}:sagemaker:${Region}:${Account}:project/${ProjectName}
2237,440,reserved-capacity,"",arn:${Partition}:sagemaker:${Region}:${Account}:reserved-capacity/${RandomString}
2238,440,sagemaker-catalog,"",arn:${Partition}:sagemaker:${Region}:${Account}:sagemaker-catalog/${ResourceCatalogName}
2239,440,shared-model,"",arn:${Partition}:sagemaker:${Region}:${Account}:shared-model/${SharedModelId}
2240,440,shared-model-event,"",arn:${Partition}:sagemaker:${Region}:${Account}:shared-model-event/${EventId}
2241,440,space,"",arn:${Partition}:sagemaker:${Region}:${Account}:space/${DomainId}/${SpaceName}
2242,440,studio-lifecycle-config,"",arn:${Partition}:sagemaker:${Region}:${Account}:studio-lifecycle-config/${StudioLifecycleConfigName}
2243,440,training-job,"",arn:${Partition}:sagemaker:${Region}:${Account}:training-job/${TrainingJobName}
2244,440,training-plan,"",arn:${Partition}:sagemaker:${Region}:${Account}:training-plan/${TrainingPlanName}
2245,440,transform-job,"",arn:${Partition}:sagemaker:${Region}:${Account}:transform-job/${TransformJobName}
2246,440,user-profile,"",arn:${Partition}:sagemaker:${Region}:${Account}:user-profile/${DomainId}/${UserProfileName}
2247,440,workforce,"",arn:${Partition}:sagemaker:${Region}:${Account}:workforce/${WorkforceName}
2248,440,workteam,"",arn:${Partition}:sagemaker:${Region}:${Account}:workteam/${WorkteamName}
2249,443,EarthObservationJob,"",arn:${Partition}:sagemaker-geospatial:${Region}:${Account}:earth-observation-job/${JobID}
2250,443,RasterDataCollection,"",arn:${Partition}:sagemaker-geospatial:${Region}:${Account}:raster-data-collection/${CollectionID}
2251,443,VectorEnrichmentJob,"",arn:${Partition}:sagemaker-geospatial:${Region}:${Account}:vector-enrichment-job/${JobID}
2252,444,mlflow-tracking-server,"",arn:${Partition}:sagemaker:${Region}:${Account}:mlflow-tracking-server/${MlflowTrackingServerName}
2253,445,data-lake,"",arn:${Partition}:securitylake:${Region}:${Account}:data-lake/default
2254,445,subscriber,"",arn:${Partition}:securitylake:${Region}:${Account}:subscriber/${SubscriberId}
2255,446,addon-instance,"",arn:${Partition}:ses:${Region}:${Account}:addon-instance/${AddonInstanceId}
2256,446,addon-subscription,"",arn:${Partition}:ses:${Region}:${Account}:addon-subscription/${AddonSubscriptionId}
2257,446,mailmanager-address-list,"",arn:${Partition}:ses:${Region}:${Account}:mailmanager-address-list/${AddressListId}
2258,446,mailmanager-archive,"",arn:${Partition}:ses:${Region}:${Account}:mailmanager-archive/${ArchiveId}
2259,446,mailmanager-ingress-point,"",arn:${Partition}:ses:${Region}:${Account}:mailmanager-ingress-point/${IngressPointId}
2260,446,mailmanager-rule-set,"",arn:${Partition}:ses:${Region}:${Account}:mailmanager-rule-set/${RuleSetId}
2261,446,mailmanager-smtp-relay,"",arn:${Partition}:ses:${Region}:${Account}:mailmanager-smtp-relay/${RelayId}
2262,446,mailmanager-traffic-policy,"",arn:${Partition}:ses:${Region}:${Account}:mailmanager-traffic-policy/${TrafficPolicyId}
2263,447,configuration-set,"",arn:${Partition}:ses:${Region}:${Account}:configuration-set/${ConfigurationSetName}
2264,447,contact-list,"",arn:${Partition}:ses:${Region}:${Account}:contact-list/${ContactListName}
2265,447,custom-verification-email-template,"",arn:${Partition}:ses:${Region}:${Account}:custom-verification-email-template/${TemplateName}
2266,447,dedicated-ip-pool,"",arn:${Partition}:ses:${Region}:${Account}:dedicated-ip-pool/${DedicatedIPPool}
2267,447,deliverability-test-report,"",arn:${Partition}:ses:${Region}:${Account}:deliverability-test-report/${ReportId}
2268,447,export-job,"",arn:${Partition}:ses:${Region}:${Account}:export-job/${ExportJobId}
2269,447,identity,"",arn:${Partition}:ses:${Region}:${Account}:identity/${IdentityName}
2270,447,import-job,"",arn:${Partition}:ses:${Region}:${Account}:import-job/${ImportJobId}
2271,447,mailmanager-archive,"",arn:${Partition}:ses:${Region}:${Account}:mailmanager-archive/${ArchiveId}
2272,447,multi-region-endpoint,"",arn:${Partition}:ses:${Region}:${Account}:multi-region-endpoint/${EndpointName}
2273,447,reputation-policy,"",arn:${Partition}:ses:${Region}:aws:reputation-policy/${ReputationPolicyName}
2274,447,template,"",arn:${Partition}:ses:${Region}:${Account}:template/${TemplateName}
2275,447,tenant,"",arn:${Partition}:ses:${Region}:${Account}:tenant/${TenantName}/${TenantId}
2276,448,domain,"",arn:${Partition}:swf::${Account}:/domain/${DomainName}
2277,449,domain,"",arn:${Partition}:sdb:${Region}:${Account}:domain/${DomainName}
2278,449,export,"",arn:${Partition}:sdb:${Region}:${Account}:domain/${DomainName}/export/${ExportUUID}
2279,450,adapter,"",arn:${Partition}:textract:${Region}:${Account}:/adapters/${AdapterId}
2280,450,adapterversion,"",arn:${Partition}:textract:${Region}:${Account}:/adapters/${AdapterId}/versions/${AdapterVersion}
2281,451,database,"",arn:${Partition}:timestream:${Region}:${Account}:database/${DatabaseName}
2282,451,scheduled-query,"",arn:${Partition}:timestream:${Region}:${Account}:scheduled-query/${ScheduledQueryName}
2283,451,table,"",arn:${Partition}:timestream:${Region}:${Account}:database/${DatabaseName}/table/${TableName}
2284,452,db-backup,"",arn:${Partition}:timestream-influxdb:${Region}:${Account}:db-backup/${DbBackupId}
2285,452,db-cluster,"",arn:${Partition}:timestream-influxdb:${Region}:${Account}:db-cluster/${DbClusterId}
2286,452,db-instance,"",arn:${Partition}:timestream-influxdb:${Region}:${Account}:db-instance/${DbInstanceIdentifier}
2287,452,db-parameter-group,"",arn:${Partition}:timestream-influxdb:${Region}:${Account}:db-parameter-group/${DbParameterGroupIdentifier}
2288,453,callanalyticscategory,"",arn:${Partition}:transcribe:${Region}:${Account}:analytics-category/${CategoryName}
2289,453,callanalyticsjob,"",arn:${Partition}:transcribe:${Region}:${Account}:analytics/${JobName}
2290,453,languagemodel,"",arn:${Partition}:transcribe:${Region}:${Account}:language-model/${ModelName}
2291,453,medicalscribejob,"",arn:${Partition}:transcribe:${Region}:${Account}:medical-scribe-job/${JobName}
2292,453,medicaltranscriptionjob,"",arn:${Partition}:transcribe:${Region}:${Account}:medical-transcription-job/${JobName}
2293,453,medicalvocabulary,"",arn:${Partition}:transcribe:${Region}:${Account}:medical-vocabulary/${VocabularyName}
2294,453,transcriptionjob,"",arn:${Partition}:transcribe:${Region}:${Account}:transcription-job/${JobName}
2295,453,vocabulary,"",arn:${Partition}:transcribe:${Region}:${Account}:vocabulary/${VocabularyName}
2296,453,vocabularyfilter,"",arn:${Partition}:transcribe:${Region}:${Account}:vocabulary-filter/${VocabularyFilterName}
2297,454,parallel-data,"",arn:${Partition}:translate:${Region}:${Account}:parallel-data/${ResourceName}
2298,454,terminology,"",arn:${Partition}:translate:${Region}:${Account}:terminology/${ResourceName}
2299,455,AccessLogSubscription,"",arn:${Partition}:vpc-lattice:${Region}:${Account}:accesslogsubscription/${AccessLogSubscriptionId}
2300,455,DomainVerification,"",arn:${Partition}:vpc-lattice:${Region}:${Account}:domainverification/${DomainVerificationId}
2301,455,Listener,"",arn:${Partition}:vpc-lattice:${Region}:${Account}:service/${ServiceId}/listener/${ListenerId}
2302,455,ResourceConfiguration,"",arn:${Partition}:vpc-lattice:${Region}:${Account}:resourceconfiguration/${ResourceConfigurationId}
2303,455,ResourceEndpointAssociation,"",arn:${Partition}:vpc-lattice:${Region}:${Account}:resourceendpointassociation/${ResourceEndpointAssociationId}
2304,455,ResourceGateway,"",arn:${Partition}:vpc-lattice:${Region}:${Account}:resourcegateway/${ResourceGatewayId}
2305,455,Rule,"",arn:${Partition}:vpc-lattice:${Region}:${Account}:service/${ServiceId}/listener/${ListenerId}/rule/${RuleId}
2306,455,Service,"",arn:${Partition}:vpc-lattice:${Region}:${Account}:service/${ServiceId}
2307,455,ServiceNetwork,"",arn:${Partition}:vpc-lattice:${Region}:${Account}:servicenetwork/${ServiceNetworkId}
2308,455,ServiceNetworkResourceAssociation,"",arn:${Partition}:vpc-lattice:${Region}:${Account}:servicenetworkresourceassociation/${ServiceNetworkResourceAssociationId}
2309,455,ServiceNetworkServiceAssociation,"",arn:${Partition}:vpc-lattice:${Region}:${Account}:servicenetworkserviceassociation/${ServiceNetworkServiceAssociationId}
2310,455,ServiceNetworkVpcAssociation,"",arn:${Partition}:vpc-lattice:${Region}:${Account}:servicenetworkvpcassociation/${ServiceNetworkVpcAssociationId}
2311,455,TargetGroup,"",arn:${Partition}:vpc-lattice:${Region}:${Account}:targetgroup/${TargetGroupId}
2312,456,Service,"",arn:${Partition}:vpc-lattice:${Region}:${Account}:service/${ServiceId}/${RequestPath}
2313,456,TCP Service,"",arn:${Partition}:vpc-lattice:${Region}:${Account}:service/${ServiceId}
2314,457,policy-store,"",arn:${Partition}:verifiedpermissions::${Account}:policy-store/${PolicyStoreId}
2315,457,policy-store-alias,"",arn:${Partition}:verifiedpermissions:${Region}:${Account}:policy-store-alias/${AliasName}
2316,458,organization,"",arn:${Partition}:workdocs:${Region}:${Account}:organization/${ResourceId}
2317,459,fleet,"",arn:${Partition}:worklink::${Account}:fleet/${FleetName}
2318,460,organization,"",arn:${Partition}:workmail:${Region}:${Account}:organization/${ResourceId}
2319,461,RawMessage,"",arn:${Partition}:workmailmessageflow:${Region}:${Account}:message/${OrganizationId}/${Context}/${MessageId}
2320,462,certificateid,"",arn:${Partition}:workspaces:${Region}:${Account}:workspacecertificate/${CertificateId}
2321,462,connectionalias,"",arn:${Partition}:workspaces:${Region}:${Account}:connectionalias/${ConnectionAliasId}
2322,462,directoryid,"",arn:${Partition}:workspaces:${Region}:${Account}:directory/${DirectoryId}
2323,462,workspaceapplication,"",arn:${Partition}:workspaces:${Region}:${Account}:workspaceapplication/${WorkSpaceApplicationId}
2324,462,workspacebundle,"",arn:${Partition}:workspaces:${Region}:${Account}:workspacebundle/${BundleId}
2325,462,workspaceid,"",arn:${Partition}:workspaces:${Region}:${Account}:workspace/${WorkspaceId}
2326,462,workspaceimage,"",arn:${Partition}:workspaces:${Region}:${Account}:workspaceimage/${ImageId}
2327,462,workspaceipgroup,"",arn:${Partition}:workspaces:${Region}:${Account}:workspaceipgroup/${GroupId}
2328,462,workspacespool,"",arn:${Partition}:workspaces:${Region}:${Account}:workspacespool/${PoolId}
2329,465,browserSettings,"",arn:${Partition}:workspaces-web:${Region}:${Account}:browserSettings/${BrowserSettingsId}
2330,465,dataProtectionSettings,"",arn:${Partition}:workspaces-web:${Region}:${Account}:dataProtectionSettings/${DataProtectionSettingsId}
2331,465,identityProvider,"",arn:${Partition}:workspaces-web:${Region}:${Account}:identityProvider/${PortalId}/${IdentityProviderId}
2332,465,ipAccessSettings,"",arn:${Partition}:workspaces-web:${Region}:${Account}:ipAccessSettings/${IpAccessSettingsId}
2333,465,networkSettings,"",arn:${Partition}:workspaces-web:${Region}:${Account}:networkSettings/${NetworkSettingsId}
2334,465,portal,"",arn:${Partition}:workspaces-web:${Region}:${Account}:portal/${PortalId}
2335,465,sessionLogger,"",arn:${Partition}:workspaces-web:${Region}:${Account}:sessionLogger/${SessionLoggerId}
2336,465,trustStore,"",arn:${Partition}:workspaces-web:${Region}:${Account}:trustStore/${TrustStoreId}
2337,465,userAccessLoggingSettings,"",arn:${Partition}:workspaces-web:${Region}:${Account}:userAccessLoggingSettings/${UserAccessLoggingSettingsId}
2338,465,userSettings,"",arn:${Partition}:workspaces-web:${Region}:${Account}:userSettings/${UserSettingsId}
2339,466,device,"",arn:${Partition}:thinclient:${Region}:${Account}:device/${DeviceId}
2340,466,environment,"",arn:${Partition}:thinclient:${Region}:${Account}:environment/${EnvironmentId}
2341,466,softwareset,"",arn:${Partition}:thinclient:${Region}:${Account}:softwareset/${SoftwareSetId}
2342,468,cluster,"",arn:${Partition}:kafka:${Region}:${Account}:cluster/${ClusterName}/${ClusterUuid}
2343,468,group,"",arn:${Partition}:kafka:${Region}:${Account}:group/${ClusterName}/${ClusterUuid}/${GroupName}
2344,468,topic,"",arn:${Partition}:kafka:${Region}:${Account}:topic/${ClusterName}/${ClusterUuid}/${TopicName}
2345,468,transactional-id,"",arn:${Partition}:kafka:${Region}:${Account}:transactional-id/${ClusterName}/${ClusterUuid}/${TransactionalId}
2346,470,workspace,"",arn:${Partition}:aws-external-anthropic:${Region}:${Account}:workspace/${ResourceId}
2347,472,approval-team,"",arn:${Partition}:mpa:${Region}:${Account}:approval-team/${ApprovalTeamId}
2348,472,identity-source,"",arn:${Partition}:mpa:${Region}:${Account}:identity-source/${IdentitySourceId}
2349,472,session,"",arn:${Partition}:mpa:${Region}:${Account}:session/${SessionId}
2350,473,monitor,"",arn:${Partition}:networkflowmonitor:${Region}:${Account}:monitor/${MonitorName}
2351,473,scope,"",arn:${Partition}:networkflowmonitor:${Region}:${Account}:scope/${ScopeId}
2352,474,quota,"",arn:${Partition}:servicequotas:${Region}:${Account}:${ServiceCode}/${QuotaCode}
2353,5,wildcard,,*
2354,4,wildcard,,*
2355,9,wildcard,,*
2356,13,wildcard,,*
2357,12,wildcard,,*
2358,17,wildcard,,*
2359,21,wildcard,,*
2360,30,wildcard,,*
2361,31,wildcard,,*
2362,32,wildcard,,*
2363,35,wildcard,,*
2364,38,wildcard,,*
2365,48,wildcard,,*
2366,50,wildcard,,*
2367,52,wildcard,,*
2368,58,wildcard,,*
2369,61,wildcard,,*
2370,63,wildcard,,*
2371,64,wildcard,,*
2372,75,wildcard,,*
2373,77,wildcard,,*
2374,80,wildcard,,*
2375,83,wildcard,,*
2376,20,wildcard,,*
2377,23,wildcard,,*
2378,28,wildcard,,*
2379,84,wildcard,,*
2380,36,wildcard,,*
2381,97,wildcard,,*
2382,101,wildcard,,*
2383,102,wildcard,,*
2384,105,wildcard,,*
2385,112,wildcard,,*
2386,116,wildcard,,*
2387,119,wildcard,,*
2388,120,wildcard,,*
2389,129,wildcard,,*
2390,130,wildcard,,*
2391,41,wildcard,,*
2392,131,wildcard,,*
2393,47,wildcard,,*
2394,49,wildcard,,*
2395,54,wildcard,,*
2396,55,wildcard,,*
2397,56,wildcard,,*
2398,60,wildcard,,*
2399,66,wildcard,,*
2400,70,wildcard,,*
2401,71,wildcard,,*
2402,135,wildcard,,*
2403,146,wildcard,,*
2404,149,wildcard,,*
2405,152,wildcard,,*
2406,154,wildcard,,*
2407,159,wildcard,,*
2408,161,wildcard,,*
2409,166,wildcard,,*
2410,167,wildcard,,*
2411,168,wildcard,,*
2412,74,wildcard,,*
2413,79,wildcard,,*
2414,81,wildcard,,*
2415,85,wildcard,,*
2416,86,wildcard,,*
2417,87,wildcard,,*
2418,89,wildcard,,*
2419,2,wildcard,,*
2420,1,wildcard,,*
2421,90,wildcard,,*
2422,171,wildcard,,*
2423,3,wildcard,,*
2424,6,wildcard,,*
2425,11,wildcard,,*
2426,16,wildcard,,*
2427,19,wildcard,,*
2428,22,wildcard,,*
2429,27,wildcard,,*
2430,29,wildcard,,*
2431,33,wildcard,,*
2432,34,wildcard,,*
2433,39,wildcard,,*
2434,40,wildcard,,*
2435,43,wildcard,,*
2436,45,wildcard,,*
2437,51,wildcard,,*
2438,57,wildcard,,*
2439,62,wildcard,,*
2440,180,wildcard,,*
2441,182,wildcard,,*
2442,183,wildcard,,*
2443,186,wildcard,,*
2444,195,wildcard,,*
2445,196,wildcard,,*
2446,198,wildcard,,*
2447,65,wildcard,,*
2448,199,wildcard,,*
2449,67,wildcard,,*
2450,72,wildcard,,*
2451,73,wildcard,,*
2452,76,wildcard,,*
2453,78,wildcard,,*
2454,91,wildcard,,*
2455,201,wildcard,,*
2456,92,wildcard,,*
2457,95,wildcard,,*
2458,99,wildcard,,*
2459,104,wildcard,,*
2460,106,wildcard,,*
2461,109,wildcard,,*
2462,110,wildcard,,*
2463,111,wildcard,,*
2464,211,wildcard,,*
2465,94,wildcard,,*
2466,100,wildcard,,*
2467,108,wildcard,,*
2468,113,wildcard,,*
2469,121,wildcard,,*
2470,122,wildcard,,*
2471,136,wildcard,,*
2472,114,wildcard,,*
2473,213,wildcard,,*
2474,144,wildcard,,*
2475,115,wildcard,,*
2476,117,wildcard,,*
2477,218,wildcard,,*
2478,224,wildcard,,*
2479,243,wildcard,,*
2480,244,wildcard,,*
2481,248,wildcard,,*
2482,261,wildcard,,*
2483,118,wildcard,,*
2484,263,wildcard,,*
2485,267,wildcard,,*
2486,276,wildcard,,*
2487,278,wildcard,,*
2488,279,wildcard,,*
2489,281,wildcard,,*
2490,285,wildcard,,*
2491,290,wildcard,,*
2492,292,wildcard,,*
2493,293,wildcard,,*
2494,297,wildcard,,*
2495,303,wildcard,,*
2496,304,wildcard,,*
2497,305,wildcard,,*
2498,309,wildcard,,*
2499,329,wildcard,,*
2500,331,wildcard,,*
2501,333,wildcard,,*
2502,347,wildcard,,*
2503,352,wildcard,,*
2504,354,wildcard,,*
2505,359,wildcard,,*
2506,365,wildcard,,*
2507,376,wildcard,,*
2508,383,wildcard,,*
2509,385,wildcard,,*
2510,391,wildcard,,*
2511,394,wildcard,,*
2512,395,wildcard,,*
2513,396,wildcard,,*
2514,414,wildcard,,*
2515,423,wildcard,,*
2516,431,wildcard,,*
2517,434,wildcard,,*
2518,436,wildcard,,*
2519,438,wildcard,,*
2520,448,wildcard,,*
2521,453,wildcard,,*
2522,454,wildcard,,*
2523,460,wildcard,,*
2524,462,wildcard,,*
2525,467,wildcard,,*
2526,468,wildcard,,*
2527,474,wildcard,,*
2528,475,wildcard,,*
2529,124,wildcard,,*
2530,128,wildcard,,*
2531,133,wildcard,,*
2532,138,wildcard,,*
2533,140,wildcard,,*
2534,141,wildcard,,*
2535,142,wildcard,,*
2536,145,wildcard,,*
2537,156,wildcard,,*
2538,158,wildcard,,*
2539,162,wildcard,,*
2540,164,wildcard,,*
2541,169,wildcard,,*
2542,175,wildcard,,*
2543,177,wildcard,,*
2544,181,wildcard,,*
2545,185,wildcard,,*
2546,188,wildcard,,*
2547,191,wildcard,,*
2548,193,wildcard,,*
2549,197,wildcard,,*
2550,203,wildcard,,*
2551,205,wildcard,,*
2552,206,wildcard,,*
2553,207,wildcard,,*
2554,208,wildcard,,*
2555,214,wildcard,,*
2556,215,wildcard,,*
2557,217,wildcard,,*
2558,220,wildcard,,*
2559,223,wildcard,,*
2560,225,wildcard,,*
2561,227,wildcard,,*
2562,228,wildcard,,*
2563,230,wildcard,,*
2564,235,wildcard,,*
2565,239,wildcard,,*
2566,240,wildcard,,*
2567,242,wildcard,,*
2568,251,wildcard,,*
2569,252,wildcard,,*
2570,253,wildcard,,*
2571,256,wildcard,,*
2572,257,wildcard,,*
2573,260,wildcard,,*
2574,264,wildcard,,*
2575,266,wildcard,,*
2576,269,wildcard,,*
2577,275,wildcard,,*
2578,283,wildcard,,*
2579,287,wildcard,,*
2580,291,wildcard,,*
2581,294,wildcard,,*
2582,295,wildcard,,*
2583,298,wildcard,,*
2584,299,wildcard,,*
2585,301,wildcard,,*
2586,311,wildcard,,*
2587,313,wildcard,,*
2588,314,wildcard,,*
2589,316,wildcard,,*
2590,318,wildcard,,*
2591,321,wildcard,,*
2592,326,wildcard,,*
2593,330,wildcard,,*
2594,335,wildcard,,*
2595,336,wildcard,,*
2596,339,wildcard,,*
2597,341,wildcard,,*
2598,344,wildcard,,*
2599,350,wildcard,,*
2600,351,wildcard,,*
2601,357,wildcard,,*
2602,358,wildcard,,*
2603,361,wildcard,,*
2604,367,wildcard,,*
2605,369,wildcard,,*
2606,370,wildcard,,*
2607,373,wildcard,,*
2608,375,wildcard,,*
2609,380,wildcard,,*
2610,382,wildcard,,*
2611,384,wildcard,,*
2612,388,wildcard,,*
2613,389,wildcard,,*
2614,390,wildcard,,*
2615,392,wildcard,,*
2616,393,wildcard,,*
2617,399,wildcard,,*
2618,400,wildcard,,*
2619,415,wildcard,,*
2620,422,wildcard,,*
2621,425,wildcard,,*
2622,426,wildcard,,*
2623,432,wildcard,,*
2624,437,wildcard,,*
2625,439,wildcard,,*
2626,442,wildcard,,*
2627,447,wildcard,,*
2628,455,wildcard,,*
2629,456,wildcard,,*
2630,457,wildcard,,*
2631,461,wildcard,,*
2632,463,wildcard,,*
2633,464,wildcard,,*
2634,471,wildcard,,*
2635,472,wildcard,,*
2636,7,wildcard,,*
2637,8,wildcard,,*
2638,10,wildcard,,*
2639,14,wildcard,,*
2640,15,wildcard,,*
2641,18,wildcard,,*
2642,24,wildcard,,*
2643,25,wildcard,,*
2644,26,wildcard,,*
2645,37,wildcard,,*
2646,42,wildcard,,*
2647,44,wildcard,,*
2648,46,wildcard,,*
2649,53,wildcard,,*
2650,59,wildcard,,*
2651,68,wildcard,,*
2652,69,wildcard,,*
2653,82,wildcard,,*
2654,88,wildcard,,*
2655,93,wildcard,,*
2656,96,wildcard,,*
2657,98,wildcard,,*
2658,103,wildcard,,*
2659,107,wildcard,,*
2660,123,wildcard,,*
2661,125,wildcard,,*
2662,126,wildcard,,*
2663,127,wildcard,,*
2664,132,wildcard,,*
2665,134,wildcard,,*
2666,137,wildcard,,*
2667,139,wildcard,,*
2668,143,wildcard,,*
2669,148,wildcard,,*
2670,160,wildcard,,*
2671,165,wildcard,,*
2672,170,wildcard,,*
2673,172,wildcard,,*
2674,173,wildcard,,*
2675,174,wildcard,,*
2676,176,wildcard,,*
2677,190,wildcard,,*
2678,194,wildcard,,*
2679,209,wildcard,,*
2680,212,wildcard,,*
2681,216,wildcard,,*
2682,219,wildcard,,*
2683,221,wildcard,,*
2684,222,wildcard,,*
2685,226,wildcard,,*
2686,231,wildcard,,*
2687,232,wildcard,,*
2688,233,wildcard,,*
2689,236,wildcard,,*
2690,237,wildcard,,*
2691,238,wildcard,,*
2692,241,wildcard,,*
2693,247,wildcard,,*
2694,250,wildcard,,*
2695,254,wildcard,,*
2696,258,wildcard,,*
2697,259,wildcard,,*
2698,270,wildcard,,*
2699,271,wildcard,,*
2700,274,wildcard,,*
2701,277,wildcard,,*
2702,286,wildcard,,*
2703,296,wildcard,,*
2704,300,wildcard,,*
2705,308,wildcard,,*
2706,317,wildcard,,*
2707,322,wildcard,,*
2708,324,wildcard,,*
2709,327,wildcard,,*
2710,328,wildcard,,*
2711,332,wildcard,,*
2712,337,wildcard,,*
2713,338,wildcard,,*
2714,340,wildcard,,*
2715,345,wildcard,,*
2716,349,wildcard,,*
2717,360,wildcard,,*
2718,362,wildcard,,*
2719,368,wildcard,,*
2720,371,wildcard,,*
2721,377,wildcard,,*
2722,379,wildcard,,*
2723,381,wildcard,,*
2724,397,wildcard,,*
2725,398,wildcard,,*
2726,401,wildcard,,*
2727,402,wildcard,,*
2728,408,wildcard,,*
2729,409,wildcard,,*
2730,410,wildcard,,*
2731,417,wildcard,,*
2732,418,wildcard,,*
2733,435,wildcard,,*
2734,440,wildcard,,*
2735,441,wildcard,,*
2736,443,wildcard,,*
2737,445,wildcard,,*
2738,450,wildcard,,*
2739,451,wildcard,,*
2740,452,wildcard,,*
2741,458,wildcard,,*
2742,459,wildcard,,*
2743,466,wildcard,,*
2744,473,wildcard,,*
2745,147,wildcard,,*
2746,150,wildcard,,*
2747,151,wildcard,,*
2748,153,wildcard,,*
2749,155,wildcard,,*
2750,157,wildcard,,*
2751,163,wildcard,,*
2752,178,wildcard,,*
2753,179,wildcard,,*
2754,184,wildcard,,*
2755,187,wildcard,,*
2756,189,wildcard,,*
2757,192,wildcard,,*
2758,200,wildcard,,*
2759,202,wildcard,,*
2760,204,wildcard,,*
2761,210,wildcard,,*
2762,229,wildcard,,*
2763,234,wildcard,,*
2764,245,wildcard,,*
2765,246,wildcard,,*
2766,249,wildcard,,*
2767,255,wildcard,,*
2768,262,wildcard,,*
2769,265,wildcard,,*
2770,268,wildcard,,*
2771,272,wildcard,,*
2772,273,wildcard,,*
2773,280,wildcard,,*
2774,282,wildcard,,*
2775,284,wildcard,,*
2776,288,wildcard,,*
2777,289,wildcard,,*
2778,302,wildcard,,*
2779,306,wildcard,,*
2780,307,wildcard,,*
2781,310,wildcard,,*
2782,312,wildcard,,*
2783,315,wildcard,,*
2784,319,wildcard,,*
2785,320,wildcard,,*
2786,323,wildcard,,*
2787,325,wildcard,,*
2788,334,wildcard,,*
2789,342,wildcard,,*
2790,343,wildcard,,*
2791,346,wildcard,,*
2792,348,wildcard,,*
2793,353,wildcard,,*
2794,355,wildcard,,*
2795,356,wildcard,,*
2796,363,wildcard,,*
2797,364,wildcard,,*
2798,366,wildcard,,*
2799,372,wildcard,,*
2800,374,wildcard,,*
2801,378,wildcard,,*
2802,386,wildcard,,*
2803,387,wildcard,,*
2804,403,wildcard,,*
2805,404,wildcard,,*
2806,405,wildcard,,*
2807,406,wildcard,,*
2808,407,wildcard,,*
2809,411,wildcard,,*
2810,412,wildcard,,*
2811,413,wildcard,,*
2812,416,wildcard,,*
2813,419,wildcard,,*
2814,420,wildcard,,*
2815,421,wildcard,,*
2816,424,wildcard,,*
2817,427,wildcard,,*
2818,428,wildcard,,*
2819,429,wildcard,,*
2820,430,wildcard,,*
2821,433,wildcard,,*
2822,444,wildcard,,*
2823,446,wildcard,,*
2824,449,wildcard,,*
2825,465,wildcard,,*
2826,469,wildcard,,*
2827,470,wildcard,,*
